year,round,date,home,away,home_score,away_score,attendance,venue
2012,Round 1,24-Mar-2012,Greater Western Sydney,Sydney,37,100,38203,Stadium Australia
2012,Round 1,29-Mar-2012,Richmond,Carlton,81,125,78285,M.C.G.
2012,Round 1,30-Mar-2012,Hawthorn,Collingwood,137,115,78466,M.C.G.
2012,Round 1,31-Mar-2012,Melbourne,Brisbane Lions,78,119,33473,M.C.G.
2012,Round 1,31-Mar-2012,Gold Coast,Adelaide,68,137,12790,Carrara
2012,Round 1,31-Mar-2012,Fremantle,Geelong,105,101,34601,Subiaco
2012,Round 1,31-Mar-2012,North Melbourne,Essendon,102,104,45818,Docklands
2012,Round 1,01-Apr-2012,Western Bulldogs,West Coast,87,136,24977,Docklands
2012,Round 1,01-Apr-2012,Port Adelaide,St Kilda,89,85,21179,Football Park
2012,Round 2,05-Apr-2012,Brisbane Lions,Carlton,63,154,25913,Gabba
2012,Round 2,07-Apr-2012,Essendon,Port Adelaide,111,86,34118,Docklands
2012,Round 2,07-Apr-2012,Sydney,Fremantle,94,81,22242,S.C.G.
2012,Round 2,07-Apr-2012,West Coast,Melbourne,166,58,35674,Subiaco
2012,Round 2,07-Apr-2012,Adelaide,Western Bulldogs,82,64,34021,Football Park
2012,Round 2,07-Apr-2012,Collingwood,Richmond,85,64,57268,M.C.G.
2012,Round 2,08-Apr-2012,North Melbourne,Greater Western Sydney,183,54,11127,Bellerive Oval
2012,Round 2,08-Apr-2012,St Kilda,Gold Coast,139,47,21078,Docklands
2012,Round 2,09-Apr-2012,Geelong,Hawthorn,92,90,69231,M.C.G.
2012,Round 3,13-Apr-2012,Carlton,Collingwood,122,62,84259,M.C.G.
2012,Round 3,14-Apr-2012,Richmond,Melbourne,133,74,49826,M.C.G.
2012,Round 3,14-Apr-2012,Port Adelaide,Sydney,83,105,19032,Football Park
2012,Round 3,14-Apr-2012,Fremantle,Brisbane Lions,64,35,33473,Subiaco
2012,Round 3,14-Apr-2012,Gold Coast,Essendon,88,105,17069,Carrara
2012,Round 3,14-Apr-2012,Western Bulldogs,St Kilda,40,103,28971,Docklands
2012,Round 3,15-Apr-2012,Greater Western Sydney,West Coast,69,150,6875,Blacktown
2012,Round 3,15-Apr-2012,Hawthorn,Adelaide,140,84,33524,M.C.G.
2012,Round 3,15-Apr-2012,North Melbourne,Geelong,131,114,29630,Docklands
2012,Round 4,20-Apr-2012,St Kilda,Fremantle,79,92,30172,Docklands
2012,Round 4,21-Apr-2012,Carlton,Essendon,79,109,73172,M.C.G.
2012,Round 4,21-Apr-2012,Collingwood,Port Adelaide,97,73,30741,Docklands
2012,Round 4,21-Apr-2012,Adelaide,Greater Western Sydney,96,50,28261,Football Park
2012,Round 4,21-Apr-2012,West Coast,Hawthorn,51,46,40080,Subiaco
2012,Round 4,21-Apr-2012,Brisbane Lions,Gold Coast,111,46,21980,Gabba
2012,Round 4,22-Apr-2012,Geelong,Richmond,75,65,21952,Kardinia Park
2012,Round 4,22-Apr-2012,Sydney,North Melbourne,113,77,21049,S.C.G.
2012,Round 4,22-Apr-2012,Melbourne,Western Bulldogs,67,88,33565,M.C.G.
2012,Round 5,25-Apr-2012,Collingwood,Essendon,80,79,86932,M.C.G.
2012,Round 5,27-Apr-2012,Fremantle,Carlton,57,65,38847,Subiaco
2012,Round 5,28-Apr-2012,Greater Western Sydney,Western Bulldogs,62,104,9128,Manuka Oval
2012,Round 5,28-Apr-2012,North Melbourne,Gold Coast,127,93,17680,Docklands
2012,Round 5,28-Apr-2012,Melbourne,St Kilda,66,84,24877,M.C.G.
2012,Round 5,28-Apr-2012,Brisbane Lions,Geelong,41,79,15534,Gabba
2012,Round 5,29-Apr-2012,Hawthorn,Sydney,69,106,19217,York Park
2012,Round 5,29-Apr-2012,Richmond,West Coast,97,107,28464,Docklands
2012,Round 5,29-Apr-2012,Adelaide,Port Adelaide,110,91,41649,Football Park
2012,Round 6,04-May-2012,Western Bulldogs,Collingwood,77,98,38155,Docklands
2012,Round 6,05-May-2012,Essendon,Brisbane Lions,129,62,36361,Docklands
2012,Round 6,05-May-2012,Geelong,Melbourne,119,76,18010,Kardinia Park
2012,Round 6,05-May-2012,Gold Coast,Fremantle,87,94,11670,Carrara
2012,Round 6,05-May-2012,Sydney,Adelaide,94,99,23969,S.C.G.
2012,Round 6,05-May-2012,St Kilda,Hawthorn,88,123,42290,M.C.G.
2012,Round 6,06-May-2012,Carlton,Greater Western Sydney,110,43,28213,Docklands
2012,Round 6,06-May-2012,Port Adelaide,Richmond,54,91,18522,Football Park
2012,Round 6,06-May-2012,West Coast,North Melbourne,120,95,37202,Subiaco
2012,Round 7,11-May-2012,Melbourne,Hawthorn,49,115,36430,M.C.G.
2012,Round 7,12-May-2012,Adelaide,Geelong,122,72,35535,Football Park
2012,Round 7,12-May-2012,Greater Western Sydney,Gold Coast,94,67,8603,Manuka Oval
2012,Round 7,12-May-2012,Richmond,Sydney,91,62,40352,M.C.G.
2012,Round 7,12-May-2012,Brisbane Lions,Collingwood,58,116,27926,Gabba
2012,Round 7,12-May-2012,Essendon,West Coast,113,52,43260,Docklands
2012,Round 7,13-May-2012,North Melbourne,Western Bulldogs,83,101,20885,Docklands
2012,Round 7,13-May-2012,Fremantle,Port Adelaide,87,47,30079,Subiaco
2012,Round 7,14-May-2012,St Kilda,Carlton,122,98,38823,Docklands
2012,Round 8,18-May-2012,Collingwood,Geelong,96,84,75650,M.C.G.
2012,Round 8,19-May-2012,Port Adelaide,North Melbourne,95,93,14508,Football Park
2012,Round 8,19-May-2012,Hawthorn,Fremantle,119,63,12959,York Park
2012,Round 8,19-May-2012,Sydney,Melbourne,138,37,20818,S.C.G.
2012,Round 8,19-May-2012,Western Bulldogs,Gold Coast,72,34,8724,Marrara Oval
2012,Round 8,19-May-2012,Essendon,Richmond,128,109,80900,M.C.G.
2012,Round 8,20-May-2012,Brisbane Lions,Greater Western Sydney,132,40,16049,Gabba
2012,Round 8,20-May-2012,Carlton,Adelaide,55,124,35917,Docklands
2012,Round 8,20-May-2012,West Coast,St Kilda,121,91,38174,Subiaco
2012,Round 9,25-May-2012,Western Bulldogs,Geelong,75,95,29118,Docklands
2012,Round 9,26-May-2012,Richmond,Hawthorn,137,75,51617,M.C.G.
2012,Round 9,26-May-2012,Gold Coast,Port Adelaide,70,118,12416,Carrara
2012,Round 9,26-May-2012,St Kilda,Sydney,111,83,34737,Docklands
2012,Round 9,26-May-2012,Adelaide,Collingwood,49,75,44238,Football Park
2012,Round 9,26-May-2012,Greater Western Sydney,Essendon,53,119,11887,Sydney Showground
2012,Round 9,27-May-2012,North Melbourne,Brisbane Lions,112,96,19988,Docklands
2012,Round 9,27-May-2012,Carlton,Melbourne,107,49,28371,M.C.G.
2012,Round 9,27-May-2012,West Coast,Fremantle,84,36,40905,Subiaco
2012,Round 10,01-Jun-2012,St Kilda,Richmond,113,121,49337,Docklands
2012,Round 10,02-Jun-2012,Geelong,Greater Western Sydney,126,61,17243,Kardinia Park
2012,Round 10,02-Jun-2012,Hawthorn,North Melbourne,174,59,16143,York Park
2012,Round 10,02-Jun-2012,Fremantle,Adelaide,82,111,31392,Subiaco
2012,Round 10,02-Jun-2012,Port Adelaide,Carlton,99,45,24746,Football Park
2012,Round 10,02-Jun-2012,Essendon,Melbourne,52,58,42987,M.C.G.
2012,Round 10,03-Jun-2012,Brisbane Lions,West Coast,102,100,15546,Gabba
2012,Round 10,03-Jun-2012,Sydney,Western Bulldogs,132,40,13505,S.C.G.
2012,Round 10,03-Jun-2012,Collingwood,Gold Coast,149,52,36913,M.C.G.
2012,Round 11,08-Jun-2012,Carlton,Geelong,85,97,47632,Docklands
2012,Round 11,09-Jun-2012,Richmond,Fremantle,66,78,43801,M.C.G.
2012,Round 11,09-Jun-2012,Gold Coast,St Kilda,49,144,12534,Carrara
2012,Round 11,09-Jun-2012,Essendon,Sydney,82,86,42785,Docklands
2012,Round 11,10-Jun-2012,Port Adelaide,Hawthorn,62,108,26638,Football Park
2012,Round 11,11-Jun-2012,Melbourne,Collingwood,87,129,64250,M.C.G.
2012,Round 12,14-Jun-2012,West Coast,Carlton,79,69,34224,Subiaco
2012,Round 12,15-Jun-2012,Adelaide,St Kilda,115,111,36394,Football Park
2012,Round 12,16-Jun-2012,Greater Western Sydney,Richmond,74,86,7538,Sydney Showground
2012,Round 12,16-Jun-2012,Gold Coast,North Melbourne,80,87,10170,Carrara
2012,Round 12,17-Jun-2012,Hawthorn,Brisbane Lions,135,70,35492,M.C.G.
2012,Round 12,17-Jun-2012,Western Bulldogs,Port Adelaide,95,57,16036,Docklands
2012,Round 13,22-Jun-2012,Sydney,Geelong,80,74,27400,S.C.G.
2012,Round 13,23-Jun-2012,Western Bulldogs,Brisbane Lions,56,114,20146,Docklands
2012,Round 13,23-Jun-2012,Collingwood,West Coast,85,82,62957,M.C.G.
2012,Round 13,23-Jun-2012,Fremantle,Essendon,89,113,34567,Subiaco
2012,Round 13,24-Jun-2012,Melbourne,Greater Western Sydney,135,57,20070,M.C.G.
2012,Round 13,24-Jun-2012,North Melbourne,Adelaide,121,89,18866,Docklands
2012,Round 14,29-Jun-2012,Carlton,Hawthorn,70,120,65047,M.C.G.
2012,Round 14,30-Jun-2012,Collingwood,Fremantle,107,78,44891,M.C.G.
2012,Round 14,30-Jun-2012,Adelaide,Richmond,106,87,33780,Football Park
2012,Round 14,30-Jun-2012,West Coast,Gold Coast,166,40,34592,Subiaco
2012,Round 14,30-Jun-2012,Essendon,Western Bulldogs,140,56,40824,Docklands
2012,Round 14,30-Jun-2012,Sydney,Greater Western Sydney,132,38,22565,Stadium Australia
2012,Round 14,01-Jul-2012,Geelong,Port Adelaide,99,61,13736,Kardinia Park
2012,Round 14,01-Jul-2012,Brisbane Lions,Melbourne,122,61,22144,Gabba
2012,Round 14,01-Jul-2012,St Kilda,North Melbourne,103,136,33106,Docklands
2012,Round 15,06-Jul-2012,Collingwood,Carlton,62,85,75890,M.C.G.
2012,Round 15,07-Jul-2012,North Melbourne,West Coast,84,86,14113,Bellerive Oval
2012,Round 15,07-Jul-2012,Melbourne,Richmond,78,101,46773,M.C.G.
2012,Round 15,07-Jul-2012,Sydney,Brisbane Lions,110,63,19419,S.C.G.
2012,Round 15,07-Jul-2012,Port Adelaide,Adelaide,58,116,34829,Football Park
2012,Round 15,07-Jul-2012,St Kilda,Essendon,133,62,45838,Docklands
2012,Round 15,08-Jul-2012,Hawthorn,Greater Western Sydney,193,31,26518,M.C.G.
2012,Round 15,08-Jul-2012,Gold Coast,Geelong,96,110,15824,Carrara
2012,Round 15,08-Jul-2012,Fremantle,Western Bulldogs,95,57,30420,Subiaco
2012,Round 16,13-Jul-2012,North Melbourne,Carlton,149,96,46423,Docklands
2012,Round 16,14-Jul-2012,Melbourne,Fremantle,83,117,13284,Docklands
2012,Round 16,14-Jul-2012,Port Adelaide,Essendon,77,127,17344,Football Park
2012,Round 16,14-Jul-2012,Richmond,Gold Coast,88,90,10961,Cazaly's Stadium
2012,Round 16,14-Jul-2012,Geelong,Collingwood,79,110,61717,M.C.G.
2012,Round 16,14-Jul-2012,Brisbane Lions,St Kilda,92,105,19228,Gabba
2012,Round 16,15-Jul-2012,Greater Western Sydney,Adelaide,59,178,7669,Sydney Showground
2012,Round 16,15-Jul-2012,Western Bulldogs,Hawthorn,44,116,24754,Docklands
2012,Round 16,15-Jul-2012,West Coast,Sydney,69,121,39152,Subiaco
2012,Round 17,20-Jul-2012,Geelong,Essendon,134,67,50066,Docklands
2012,Round 17,21-Jul-2012,Collingwood,Hawthorn,91,138,83714,M.C.G.
2012,Round 17,21-Jul-2012,Adelaide,West Coast,124,75,40724,Football Park
2012,Round 17,21-Jul-2012,Gold Coast,Brisbane Lions,48,59,16550,Carrara
2012,Round 17,21-Jul-2012,Melbourne,Port Adelaide,56,84,6714,Marrara Oval
2012,Round 17,21-Jul-2012,Western Bulldogs,Carlton,84,102,24615,Docklands
2012,Round 17,22-Jul-2012,Sydney,St Kilda,105,76,26834,S.C.G.
2012,Round 17,22-Jul-2012,Richmond,North Melbourne,99,103,47432,M.C.G.
2012,Round 17,22-Jul-2012,Fremantle,Greater Western Sydney,132,37,28767,Subiaco
2012,Round 18,27-Jul-2012,Essendon,Hawthorn,86,180,44899,Docklands
2012,Round 18,28-Jul-2012,Geelong,Adelaide,102,75,18377,Kardinia Park
2012,Round 18,28-Jul-2012,North Melbourne,Melbourne,127,73,20816,Docklands
2012,Round 18,28-Jul-2012,Greater Western Sydney,Collingwood,54,174,8102,Sydney Showground
2012,Round 18,28-Jul-2012,Carlton,Richmond,95,91,46013,M.C.G.
2012,Round 18,28-Jul-2012,Gold Coast,Sydney,54,126,11169,Carrara
2012,Round 18,29-Jul-2012,Port Adelaide,Fremantle,48,75,14583,Football Park
2012,Round 18,29-Jul-2012,St Kilda,Western Bulldogs,118,42,23498,Docklands
2012,Round 18,29-Jul-2012,West Coast,Brisbane Lions,175,77,35767,Subiaco
2012,Round 19,03-Aug-2012,Hawthorn,Geelong,116,118,65287,M.C.G.
2012,Round 19,04-Aug-2012,Western Bulldogs,North Melbourne,61,115,21599,Docklands
2012,Round 19,04-Aug-2012,Greater Western Sydney,Port Adelaide,107,73,6811,Sydney Showground
2012,Round 19,04-Aug-2012,Fremantle,West Coast,113,48,39694,Subiaco
2012,Round 19,04-Aug-2012,Collingwood,St Kilda,91,85,57873,M.C.G.
2012,Round 19,04-Aug-2012,Brisbane Lions,Richmond,84,132,22193,Gabba
2012,Round 19,05-Aug-2012,Melbourne,Gold Coast,108,66,18097,M.C.G.
2012,Round 19,05-Aug-2012,Carlton,Sydney,71,93,36942,Docklands
2012,Round 19,05-Aug-2012,Adelaide,Essendon,104,100,40030,Football Park
2012,Round 20,10-Aug-2012,West Coast,Geelong,102,97,37812,Subiaco
2012,Round 20,11-Aug-2012,St Kilda,Melbourne,107,82,23464,M.C.G.
2012,Round 20,11-Aug-2012,Adelaide,Fremantle,119,91,35027,Football Park
2012,Round 20,11-Aug-2012,Gold Coast,Greater Western Sydney,109,79,14657,Carrara
2012,Round 20,11-Aug-2012,Carlton,Brisbane Lions,113,77,25977,Docklands
2012,Round 20,11-Aug-2012,Sydney,Collingwood,70,78,45827,Stadium Australia
2012,Round 20,12-Aug-2012,Hawthorn,Port Adelaide,159,87,14431,York Park
2012,Round 20,12-Aug-2012,Richmond,Western Bulldogs,150,80,28286,M.C.G.
2012,Round 20,12-Aug-2012,Essendon,North Melbourne,76,100,42674,Docklands
2012,Round 21,17-Aug-2012,Geelong,St Kilda,123,81,38169,Docklands
2012,Round 21,18-Aug-2012,Essendon,Carlton,60,156,59381,M.C.G.
2012,Round 21,18-Aug-2012,Greater Western Sydney,Melbourne,59,84,7561,Manuka Oval
2012,Round 21,18-Aug-2012,Fremantle,Richmond,94,72,32721,Subiaco
2012,Round 21,18-Aug-2012,Brisbane Lions,Adelaide,95,85,18979,Gabba
2012,Round 21,18-Aug-2012,Collingwood,North Melbourne,61,91,44956,Docklands
2012,Round 21,19-Aug-2012,Port Adelaide,West Coast,50,98,13683,Football Park
2012,Round 21,19-Aug-2012,Western Bulldogs,Sydney,85,167,19396,Docklands
2012,Round 21,19-Aug-2012,Hawthorn,Gold Coast,129,65,23098,M.C.G.
2012,Round 22,24-Aug-2012,Richmond,Essendon,102,57,47590,M.C.G.
2012,Round 22,25-Aug-2012,St Kilda,Greater Western Sydney,163,35,17327,Docklands
2012,Round 22,25-Aug-2012,Port Adelaide,Brisbane Lions,93,104,13953,Football Park
2012,Round 22,25-Aug-2012,Sydney,Hawthorn,95,102,31167,S.C.G.
2012,Round 22,25-Aug-2012,West Coast,Collingwood,107,58,40527,Subiaco
2012,Round 22,25-Aug-2012,Gold Coast,Carlton,98,86,15251,Carrara
2012,Round 22,26-Aug-2012,Geelong,Western Bulldogs,107,73,18047,Kardinia Park
2012,Round 22,26-Aug-2012,North Melbourne,Fremantle,79,132,26482,Docklands
2012,Round 22,26-Aug-2012,Melbourne,Adelaide,81,150,18450,M.C.G.
2012,Round 23,31-Aug-2012,Hawthorn,West Coast,95,70,50023,M.C.G.
2012,Round 23,01-Sep-2012,Geelong,Sydney,112,78,20045,Kardinia Park
2012,Round 23,01-Sep-2012,Adelaide,Gold Coast,153,62,35463,Football Park
2012,Round 23,01-Sep-2012,Greater Western Sydney,North Melbourne,77,105,6696,Sydney Showground
2012,Round 23,01-Sep-2012,Fremantle,Melbourne,101,40,32687,Subiaco
2012,Round 23,01-Sep-2012,Essendon,Collingwood,72,104,56491,M.C.G.
2012,Round 23,02-Sep-2012,Carlton,St Kilda,91,106,31393,Docklands
2012,Round 23,02-Sep-2012,Richmond,Port Adelaide,106,106,27893,M.C.G.
2012,Round 23,02-Sep-2012,Brisbane Lions,Western Bulldogs,128,61,18289,Gabba
2012,Qualifying Final,07-Sep-2012,Hawthorn,Collingwood,135,97,85639,M.C.G.
2012,Qualifying Final,08-Sep-2012,Adelaide,Sydney,42,71,44849,Football Park
2012,Elimination Final,08-Sep-2012,Geelong,Fremantle,80,96,44460,M.C.G.
2012,Elimination Final,09-Sep-2012,West Coast,North Melbourne,162,66,41790,Subiaco
2012,Semi Final,14-Sep-2012,Adelaide,Fremantle,81,71,31742,Football Park
2012,Semi Final,15-Sep-2012,Collingwood,West Coast,73,60,65483,M.C.G.
2012,Preliminary Final,21-Sep-2012,Sydney,Collingwood,96,70,57156,Stadium Australia
2012,Preliminary Final,22-Sep-2012,Hawthorn,Adelaide,97,92,69146,M.C.G.
2012,Grand Final,29-Sep-2012,Hawthorn,Sydney,81,91,99683,M.C.G.
2013,Round 1,22-Mar-2013,Adelaide,Essendon,82,117,42218,Football Park
2013,Round 1,23-Mar-2013,Fremantle,West Coast,108,80,39629,Subiaco
2013,Round 1,28-Mar-2013,Carlton,Richmond,101,106,80971,M.C.G.
2013,Round 1,30-Mar-2013,Western Bulldogs,Brisbane Lions,127,59,25263,Docklands
2013,Round 1,30-Mar-2013,Greater Western Sydney,Sydney,76,106,23690,Stadium Australia
2013,Round 1,30-Mar-2013,Gold Coast,St Kilda,90,77,13832,Carrara
2013,Round 1,31-Mar-2013,Melbourne,Port Adelaide,54,133,22924,M.C.G.
2013,Round 1,31-Mar-2013,North Melbourne,Collingwood,87,103,41040,Docklands
2013,Round 1,01-Apr-2013,Hawthorn,Geelong,86,93,76300,M.C.G.
2013,Round 2,05-Apr-2013,St Kilda,Richmond,82,99,56783,M.C.G.
2013,Round 2,06-Apr-2013,Sydney,Gold Coast,114,73,20372,S.C.G.
2013,Round 2,06-Apr-2013,Western Bulldogs,Fremantle,78,106,19210,Docklands
2013,Round 2,06-Apr-2013,Brisbane Lions,Adelaide,77,96,21308,Gabba
2013,Round 2,06-Apr-2013,Port Adelaide,Greater Western Sydney,134,78,25122,Football Park
2013,Round 2,06-Apr-2013,Essendon,Melbourne,184,36,51153,M.C.G.
2013,Round 2,07-Apr-2013,Geelong,North Melbourne,112,108,34152,Docklands
2013,Round 2,07-Apr-2013,Collingwood,Carlton,117,100,84247,M.C.G.
2013,Round 2,07-Apr-2013,West Coast,Hawthorn,98,148,38389,Subiaco
2013,Round 3,12-Apr-2013,Fremantle,Essendon,68,72,35963,Subiaco
2013,Round 3,13-Apr-2013,North Melbourne,Sydney,92,131,13223,Bellerive Oval
2013,Round 3,13-Apr-2013,Melbourne,West Coast,83,177,18571,M.C.G.
2013,Round 3,13-Apr-2013,Greater Western Sydney,St Kilda,68,140,11092,Manuka Oval
2013,Round 3,13-Apr-2013,Geelong,Carlton,119,103,43241,Docklands
2013,Round 3,13-Apr-2013,Gold Coast,Brisbane Lions,92,94,12961,Carrara
2013,Round 3,14-Apr-2013,Richmond,Western Bulldogs,135,68,44045,Docklands
2013,Round 3,14-Apr-2013,Collingwood,Hawthorn,90,145,72254,M.C.G.
2013,Round 3,14-Apr-2013,Port Adelaide,Adelaide,118,109,40707,Football Park
2013,Round 4,19-Apr-2013,Sydney,Geelong,103,124,31060,S.C.G.
2013,Round 4,20-Apr-2013,Hawthorn,Fremantle,118,76,12619,York Park
2013,Round 4,20-Apr-2013,Richmond,Collingwood,79,113,81950,M.C.G.
2013,Round 4,20-Apr-2013,St Kilda,Essendon,91,128,46965,Docklands
2013,Round 4,20-Apr-2013,West Coast,Carlton,65,89,38674,Subiaco
2013,Round 4,20-Apr-2013,Gold Coast,Port Adelaide,66,104,11332,Carrara
2013,Round 4,21-Apr-2013,Melbourne,Greater Western Sydney,144,103,20018,M.C.G.
2013,Round 4,21-Apr-2013,Adelaide,Western Bulldogs,80,28,24684,Football Park
2013,Round 4,21-Apr-2013,North Melbourne,Brisbane Lions,125,62,22776,Docklands
2013,Round 5,25-Apr-2013,Essendon,Collingwood,121,75,93373,M.C.G.
2013,Round 5,25-Apr-2013,St Kilda,Sydney,63,79,22546,Wellington
2013,Round 5,26-Apr-2013,Fremantle,Richmond,81,80,36365,Subiaco
2013,Round 5,27-Apr-2013,Greater Western Sydney,Gold Coast,104,148,6832,Manuka Oval
2013,Round 5,27-Apr-2013,Carlton,Adelaide,115,83,44711,M.C.G.
2013,Round 5,27-Apr-2013,Western Bulldogs,Geelong,86,107,26153,Docklands
2013,Round 5,27-Apr-2013,Port Adelaide,West Coast,84,79,26132,Football Park
2013,Round 5,28-Apr-2013,Brisbane Lions,Melbourne,122,94,19018,Gabba
2013,Round 5,28-Apr-2013,Hawthorn,North Melbourne,99,96,42103,M.C.G.
2013,Round 6,03-May-2013,Collingwood,St Kilda,103,77,40071,Docklands
2013,Round 6,04-May-2013,Essendon,Greater Western Sydney,120,81,30143,Docklands
2013,Round 6,04-May-2013,North Melbourne,Port Adelaide,93,83,10265,Bellerive Oval
2013,Round 6,04-May-2013,Adelaide,Hawthorn,78,89,37324,Football Park
2013,Round 6,04-May-2013,Gold Coast,Fremantle,54,99,10552,Carrara
2013,Round 6,04-May-2013,Richmond,Geelong,87,131,55625,M.C.G.
2013,Round 6,05-May-2013,Sydney,Brisbane Lions,115,55,23315,S.C.G.
2013,Round 6,05-May-2013,Carlton,Melbourne,121,60,35286,M.C.G.
2013,Round 6,05-May-2013,West Coast,Western Bulldogs,137,67,36163,Subiaco
2013,Round 7,10-May-2013,Geelong,Essendon,113,85,53014,Docklands
2013,Round 7,11-May-2013,Port Adelaide,Richmond,73,114,25372,Football Park
2013,Round 7,11-May-2013,Brisbane Lions,West Coast,82,108,17614,Gabba
2013,Round 7,11-May-2013,Western Bulldogs,North Melbourne,97,151,23690,Docklands
2013,Round 7,11-May-2013,Fremantle,Collingwood,100,73,37214,Subiaco
2013,Round 7,11-May-2013,Hawthorn,Sydney,119,82,54725,M.C.G.
2013,Round 7,12-May-2013,Greater Western Sydney,Adelaide,52,187,5830,Sydney Showground
2013,Round 7,12-May-2013,Melbourne,Gold Coast,54,114,13304,M.C.G.
2013,Round 7,13-May-2013,St Kilda,Carlton,77,68,34054,Docklands
2013,Round 8,17-May-2013,West Coast,North Melbourne,90,88,38146,Subiaco
2013,Round 8,18-May-2013,Essendon,Brisbane Lions,86,96,33915,Docklands
2013,Round 8,18-May-2013,Hawthorn,Greater Western Sydney,140,57,10513,York Park
2013,Round 8,18-May-2013,Gold Coast,Western Bulldogs,93,61,13520,Carrara
2013,Round 8,18-May-2013,Collingwood,Geelong,102,96,66768,M.C.G.
2013,Round 8,18-May-2013,Sydney,Fremantle,70,70,22546,S.C.G.
2013,Round 8,19-May-2013,Carlton,Port Adelaide,109,91,29936,Docklands
2013,Round 8,19-May-2013,Richmond,Melbourne,106,72,39148,M.C.G.
2013,Round 8,19-May-2013,Adelaide,St Kilda,87,47,34605,Football Park
2013,Round 9,24-May-2013,Collingwood,Sydney,55,102,65306,M.C.G.
2013,Round 9,25-May-2013,Port Adelaide,Geelong,68,116,21309,Football Park
2013,Round 9,25-May-2013,Greater Western Sydney,West Coast,55,155,6324,Sydney Showground
2013,Round 9,25-May-2013,St Kilda,Western Bulldogs,101,110,25982,Docklands
2013,Round 9,25-May-2013,Brisbane Lions,Carlton,85,98,24037,Gabba
2013,Round 9,25-May-2013,Richmond,Essendon,62,91,84234,M.C.G.
2013,Round 9,26-May-2013,Hawthorn,Gold Coast,118,92,28112,M.C.G.
2013,Round 9,26-May-2013,North Melbourne,Adelaide,124,125,23033,Docklands
2013,Round 9,26-May-2013,Fremantle,Melbourne,130,40,32950,Subiaco
2013,Round 10,31-May-2013,Brisbane Lions,Collingwood,51,100,26626,Gabba
2013,Round 10,01-Jun-2013,Carlton,Greater Western Sydney,148,54,25008,Docklands
2013,Round 10,01-Jun-2013,Adelaide,Fremantle,59,66,27684,Football Park
2013,Round 10,01-Jun-2013,Sydney,Essendon,115,71,29792,S.C.G.
2013,Round 10,01-Jun-2013,Western Bulldogs,Port Adelaide,67,58,7850,Marrara Oval
2013,Round 10,01-Jun-2013,Geelong,Gold Coast,123,71,30087,Kardinia Park
2013,Round 10,02-Jun-2013,Melbourne,Hawthorn,48,143,28546,M.C.G.
2013,Round 10,02-Jun-2013,North Melbourne,St Kilda,133,65,25658,Docklands
2013,Round 10,03-Jun-2013,West Coast,Richmond,62,103,37781,Subiaco
2013,Round 11,07-Jun-2013,Essendon,Carlton,77,72,82639,M.C.G.
2013,Round 11,08-Jun-2013,Greater Western Sydney,Geelong,98,157,7809,Sydney Showground
2013,Round 11,08-Jun-2013,Adelaide,Sydney,50,127,38374,Football Park
2013,Round 11,08-Jun-2013,Gold Coast,North Melbourne,66,51,10891,Carrara
2013,Round 11,09-Jun-2013,St Kilda,West Coast,80,84,23795,Docklands
2013,Round 11,10-Jun-2013,Melbourne,Collingwood,39,122,50835,M.C.G.
2013,Round 12,14-Jun-2013,Carlton,Hawthorn,87,102,45670,Docklands
2013,Round 12,15-Jun-2013,Richmond,Adelaide,110,72,43615,M.C.G.
2013,Round 12,15-Jun-2013,Fremantle,Brisbane Lions,86,46,33384,Subiaco
2013,Round 12,15-Jun-2013,Essendon,Gold Coast,115,72,31452,Docklands
2013,Round 12,16-Jun-2013,Greater Western Sydney,Port Adelaide,50,125,6601,Sydney Showground
2013,Round 12,16-Jun-2013,Collingwood,Western Bulldogs,99,65,32253,Docklands
2013,Round 13,21-Jun-2013,Hawthorn,West Coast,123,103,32567,Docklands
2013,Round 13,22-Jun-2013,Port Adelaide,Sydney,72,54,16096,Football Park
2013,Round 13,22-Jun-2013,St Kilda,Melbourne,104,69,28751,M.C.G.
2013,Round 13,22-Jun-2013,Western Bulldogs,Richmond,61,121,29788,Docklands
2013,Round 13,23-Jun-2013,Fremantle,North Melbourne,67,29,31637,Subiaco
2013,Round 13,23-Jun-2013,Brisbane Lions,Geelong,103,98,24164,Gabba
2013,Round 14,27-Jun-2013,West Coast,Essendon,91,98,36451,Subiaco
2013,Round 14,28-Jun-2013,Sydney,Carlton,65,43,25349,S.C.G.
2013,Round 14,29-Jun-2013,Gold Coast,Adelaide,83,111,13791,Carrara
2013,Round 14,29-Jun-2013,Port Adelaide,Collingwood,86,51,31121,Football Park
2013,Round 14,29-Jun-2013,Melbourne,Western Bulldogs,103,100,21217,M.C.G.
2013,Round 14,29-Jun-2013,Geelong,Fremantle,85,44,26743,Kardinia Park
2013,Round 14,30-Jun-2013,Hawthorn,Brisbane Lions,143,85,15796,York Park
2013,Round 14,30-Jun-2013,North Melbourne,Greater Western Sydney,130,44,15438,Docklands
2013,Round 14,30-Jun-2013,Richmond,St Kilda,119,55,52184,M.C.G.
2013,Round 15,05-Jul-2013,Carlton,Collingwood,77,118,78224,M.C.G.
2013,Round 15,06-Jul-2013,Greater Western Sydney,Western Bulldogs,83,87,7132,Manuka Oval
2013,Round 15,06-Jul-2013,North Melbourne,Richmond,128,66,45966,Docklands
2013,Round 15,06-Jul-2013,Brisbane Lions,Gold Coast,116,83,27170,Gabba
2013,Round 15,06-Jul-2013,Adelaide,West Coast,69,75,26426,Football Park
2013,Round 15,06-Jul-2013,Geelong,Hawthorn,82,72,85197,M.C.G.
2013,Round 15,07-Jul-2013,Melbourne,Sydney,85,116,26216,M.C.G.
2013,Round 15,07-Jul-2013,Fremantle,St Kilda,100,70,34064,Subiaco
2013,Round 15,07-Jul-2013,Essendon,Port Adelaide,118,88,40817,Docklands
2013,Round 16,12-Jul-2013,Collingwood,Adelaide,111,84,54790,M.C.G.
2013,Round 16,13-Jul-2013,Port Adelaide,Hawthorn,79,124,23748,Football Park
2013,Round 16,13-Jul-2013,Geelong,Melbourne,98,30,23172,Kardinia Park
2013,Round 16,13-Jul-2013,Richmond,Gold Coast,53,44,11197,Cazaly's Stadium
2013,Round 16,13-Jul-2013,Carlton,St Kilda,110,74,30949,Docklands
2013,Round 16,13-Jul-2013,Brisbane Lions,North Melbourne,117,105,18131,Gabba
2013,Round 16,14-Jul-2013,Sydney,Greater Western Sydney,171,42,21757,S.C.G.
2013,Round 16,14-Jul-2013,Western Bulldogs,Essendon,90,121,32500,Docklands
2013,Round 16,14-Jul-2013,West Coast,Fremantle,93,121,39839,Subiaco
2013,Round 17,19-Jul-2013,North Melbourne,Carlton,108,109,37443,Docklands
2013,Round 17,20-Jul-2013,Hawthorn,Western Bulldogs,95,76,14022,York Park
2013,Round 17,20-Jul-2013,Greater Western Sydney,Essendon,77,116,10783,Sydney Showground
2013,Round 17,20-Jul-2013,Gold Coast,Collingwood,85,78,19721,Carrara
2013,Round 17,20-Jul-2013,Melbourne,Brisbane Lions,75,94,7615,Marrara Oval
2013,Round 17,20-Jul-2013,St Kilda,Port Adelaide,92,97,14878,Docklands
2013,Round 17,21-Jul-2013,Richmond,Fremantle,84,57,40125,M.C.G.
2013,Round 17,21-Jul-2013,Adelaide,Geelong,94,92,28603,Football Park
2013,Round 17,21-Jul-2013,West Coast,Sydney,79,113,35166,Subiaco
2013,Round 18,26-Jul-2013,Essendon,Hawthorn,87,143,49505,Docklands
2013,Round 18,27-Jul-2013,Gold Coast,Carlton,77,120,19460,Carrara
2013,Round 18,27-Jul-2013,Melbourne,North Melbourne,28,150,16962,Docklands
2013,Round 18,27-Jul-2013,Collingwood,Greater Western Sydney,106,66,32691,M.C.G.
2013,Round 18,27-Jul-2013,Fremantle,Adelaide,75,53,28765,Subiaco
2013,Round 18,27-Jul-2013,Geelong,St Kilda,137,36,26833,Kardinia Park
2013,Round 18,28-Jul-2013,Port Adelaide,Brisbane Lions,71,62,22631,Football Park
2013,Round 18,28-Jul-2013,Western Bulldogs,West Coast,111,89,17019,Docklands
2013,Round 18,28-Jul-2013,Sydney,Richmond,110,63,29738,S.C.G.
2013,Round 19,02-Aug-2013,North Melbourne,Geelong,96,86,33584,Docklands
2013,Round 19,03-Aug-2013,Greater Western Sydney,Melbourne,124,87,8308,Sydney Showground
2013,Round 19,03-Aug-2013,Hawthorn,Richmond,66,107,64324,M.C.G.
2013,Round 19,03-Aug-2013,West Coast,Gold Coast,130,113,32140,Subiaco
2013,Round 19,03-Aug-2013,Carlton,Fremantle,80,116,30457,Docklands
2013,Round 19,03-Aug-2013,Brisbane Lions,St Kilda,108,77,19856,Gabba
2013,Round 19,04-Aug-2013,Western Bulldogs,Sydney,99,134,22647,Docklands
2013,Round 19,04-Aug-2013,Adelaide,Port Adelaide,103,107,43368,Football Park
2013,Round 19,04-Aug-2013,Collingwood,Essendon,133,54,69821,M.C.G.
2013,Round 20,09-Aug-2013,St Kilda,Hawthorn,56,102,24765,Docklands
2013,Round 20,10-Aug-2013,Richmond,Brisbane Lions,97,74,46961,M.C.G.
2013,Round 20,10-Aug-2013,Geelong,Port Adelaide,129,104,24784,Kardinia Park
2013,Round 20,10-Aug-2013,Carlton,Western Bulldogs,89,117,31126,Docklands
2013,Round 20,10-Aug-2013,Sydney,Collingwood,71,100,42627,Stadium Australia
2013,Round 20,10-Aug-2013,Gold Coast,Melbourne,90,77,13840,Carrara
2013,Round 20,11-Aug-2013,Essendon,West Coast,67,120,32595,Docklands
2013,Round 20,11-Aug-2013,Adelaide,North Melbourne,79,70,31801,Football Park
2013,Round 20,11-Aug-2013,Fremantle,Greater Western Sydney,157,44,31390,Subiaco
2013,Round 21,16-Aug-2013,Hawthorn,Collingwood,119,84,71533,M.C.G.
2013,Round 21,17-Aug-2013,Richmond,Carlton,96,106,60825,M.C.G.
2013,Round 21,17-Aug-2013,Port Adelaide,Gold Coast,113,96,18703,Football Park
2013,Round 21,17-Aug-2013,Essendon,North Melbourne,70,115,34102,Docklands
2013,Round 21,17-Aug-2013,West Coast,Geelong,41,107,34394,Subiaco
2013,Round 21,17-Aug-2013,Brisbane Lions,Greater Western Sydney,123,63,13855,Gabba
2013,Round 21,18-Aug-2013,Melbourne,Fremantle,38,133,13768,M.C.G.
2013,Round 21,18-Aug-2013,Sydney,St Kilda,118,59,26730,S.C.G.
2013,Round 21,18-Aug-2013,Western Bulldogs,Adelaide,131,114,17159,Docklands
2013,Round 22,23-Aug-2013,Collingwood,West Coast,101,39,41198,M.C.G.
2013,Round 22,24-Aug-2013,Adelaide,Melbourne,120,52,34653,Football Park
2013,Round 22,24-Aug-2013,North Melbourne,Hawthorn,103,117,33039,Docklands
2013,Round 22,24-Aug-2013,Geelong,Sydney,92,48,28459,Kardinia Park
2013,Round 22,24-Aug-2013,Fremantle,Port Adelaide,134,60,35565,Subiaco
2013,Round 22,24-Aug-2013,Carlton,Essendon,76,82,53630,M.C.G.
2013,Round 22,25-Aug-2013,St Kilda,Gold Coast,116,70,17622,Docklands
2013,Round 22,25-Aug-2013,Greater Western Sydney,Richmond,42,163,12314,Sydney Showground
2013,Round 22,25-Aug-2013,Brisbane Lions,Western Bulldogs,100,93,20130,Gabba
2013,Round 23,30-Aug-2013,Sydney,Hawthorn,100,112,37980,Stadium Australia
2013,Round 23,31-Aug-2013,St Kilda,Fremantle,112,41,22476,Docklands
2013,Round 23,31-Aug-2013,Geelong,Brisbane Lions,112,111,27467,Kardinia Park
2013,Round 23,31-Aug-2013,Port Adelaide,Carlton,103,104,45127,Football Park
2013,Round 23,31-Aug-2013,Essendon,Richmond,65,104,60979,M.C.G.
2013,Round 23,31-Aug-2013,West Coast,Adelaide,43,129,29416,Subiaco
2013,Round 23,01-Sep-2013,Gold Coast,Greater Western Sydney,146,63,13080,Carrara
2013,Round 23,01-Sep-2013,Collingwood,North Melbourne,114,125,50958,M.C.G.
2013,Round 23,01-Sep-2013,Western Bulldogs,Melbourne,107,87,22176,Docklands
2013,Qualifying Final,06-Sep-2013,Hawthorn,Sydney,105,51,59615,M.C.G.
2013,Qualifying Final,07-Sep-2013,Geelong,Fremantle,72,87,32458,Kardinia Park
2013,Elimination Final,07-Sep-2013,Collingwood,Port Adelaide,63,87,51722,M.C.G.
2013,Elimination Final,08-Sep-2013,Richmond,Carlton,96,116,94690,M.C.G.
2013,Semi Final,13-Sep-2013,Geelong,Port Adelaide,96,80,52744,M.C.G.
2013,Semi Final,14-Sep-2013,Sydney,Carlton,86,62,37980,Stadium Australia
2013,Preliminary Final,20-Sep-2013,Hawthorn,Geelong,102,97,85569,M.C.G.
2013,Preliminary Final,21-Sep-2013,Fremantle,Sydney,99,74,43249,Subiaco
2013,Grand Final,28-Sep-2013,Hawthorn,Fremantle,77,62,100007,M.C.G.
2014,Round 1,14-Mar-2014,Collingwood,Fremantle,46,116,37571,Docklands
2014,Round 1,15-Mar-2014,Greater Western Sydney,Sydney,99,67,17102,Sydney Showground
2014,Round 1,15-Mar-2014,Gold Coast,Richmond,87,69,19425,Carrara
2014,Round 1,16-Mar-2014,Carlton,Port Adelaide,87,120,24640,Docklands
2014,Round 1,20-Mar-2014,Geelong,Adelaide,119,81,23622,Kardinia Park
2014,Round 1,21-Mar-2014,North Melbourne,Essendon,60,99,42332,Docklands
2014,Round 1,22-Mar-2014,Hawthorn,Brisbane Lions,139,91,12430,York Park
2014,Round 1,22-Mar-2014,St Kilda,Melbourne,68,51,31657,Docklands
2014,Round 1,23-Mar-2014,West Coast,Western Bulldogs,134,69,36752,Subiaco
2014,Round 2,27-Mar-2014,Richmond,Carlton,98,86,62037,M.C.G.
2014,Round 2,28-Mar-2014,Essendon,Hawthorn,86,90,44163,Docklands
2014,Round 2,29-Mar-2014,St Kilda,Greater Western Sydney,95,88,19640,Docklands
2014,Round 2,29-Mar-2014,Port Adelaide,Adelaide,127,73,50397,Adelaide Oval
2014,Round 2,29-Mar-2014,Fremantle,Gold Coast,87,39,35583,Subiaco
2014,Round 2,29-Mar-2014,Sydney,Collingwood,69,89,32347,Stadium Australia
2014,Round 2,30-Mar-2014,Brisbane Lions,Geelong,68,93,20933,Gabba
2014,Round 2,30-Mar-2014,Melbourne,West Coast,30,123,22230,M.C.G.
2014,Round 2,30-Mar-2014,Western Bulldogs,North Melbourne,54,83,28512,Docklands
2014,Round 3,04-Apr-2014,Hawthorn,Fremantle,137,79,43583,M.C.G.
2014,Round 3,05-Apr-2014,Western Bulldogs,Richmond,100,98,31724,Docklands
2014,Round 3,05-Apr-2014,Adelaide,Sydney,71,134,47426,Adelaide Oval
2014,Round 3,05-Apr-2014,Gold Coast,Brisbane Lions,114,61,16593,Carrara
2014,Round 3,05-Apr-2014,West Coast,St Kilda,83,58,36448,Subiaco
2014,Round 3,05-Apr-2014,Collingwood,Geelong,76,87,63152,M.C.G.
2014,Round 3,06-Apr-2014,Greater Western Sydney,Melbourne,79,47,7016,Sydney Showground
2014,Round 3,06-Apr-2014,North Melbourne,Port Adelaide,97,90,19111,Docklands
2014,Round 3,06-Apr-2014,Essendon,Carlton,138,57,62730,M.C.G.
2014,Round 4,11-Apr-2014,Richmond,Collingwood,72,110,62100,M.C.G.
2014,Round 4,12-Apr-2014,Carlton,Melbourne,58,81,37323,M.C.G.
2014,Round 4,12-Apr-2014,Port Adelaide,Brisbane Lions,159,46,36231,Adelaide Oval
2014,Round 4,12-Apr-2014,Greater Western Sydney,Western Bulldogs,83,110,7863,Manuka Oval
2014,Round 4,12-Apr-2014,Geelong,West Coast,107,32,25271,Kardinia Park
2014,Round 4,12-Apr-2014,Gold Coast,Hawthorn,49,148,17729,Carrara
2014,Round 4,13-Apr-2014,Sydney,North Melbourne,48,91,25505,S.C.G.
2014,Round 4,13-Apr-2014,St Kilda,Adelaide,50,136,22923,Docklands
2014,Round 4,13-Apr-2014,Fremantle,Essendon,113,60,36722,Subiaco
2014,Round 5,17-Apr-2014,Brisbane Lions,Richmond,63,106,20676,Gabba
2014,Round 5,19-Apr-2014,Collingwood,North Melbourne,93,58,57116,M.C.G.
2014,Round 5,19-Apr-2014,Sydney,Fremantle,92,75,25376,S.C.G.
2014,Round 5,19-Apr-2014,West Coast,Port Adelaide,56,70,35366,Subiaco
2014,Round 5,19-Apr-2014,Essendon,St Kilda,65,81,36041,Docklands
2014,Round 5,20-Apr-2014,Adelaide,Greater Western Sydney,137,72,44770,Adelaide Oval
2014,Round 5,20-Apr-2014,Melbourne,Gold Coast,78,86,17243,M.C.G.
2014,Round 5,20-Apr-2014,Western Bulldogs,Carlton,91,119,27986,Docklands
2014,Round 5,21-Apr-2014,Geelong,Hawthorn,106,87,80222,M.C.G.
2014,Round 6,25-Apr-2014,Collingwood,Essendon,83,60,91731,M.C.G.
2014,Round 6,25-Apr-2014,St Kilda,Brisbane Lions,79,82,13409,Wellington
2014,Round 6,25-Apr-2014,Fremantle,North Melbourne,61,74,37624,Subiaco
2014,Round 6,26-Apr-2014,Gold Coast,Greater Western Sydney,134,94,11504,Carrara
2014,Round 6,26-Apr-2014,Carlton,West Coast,92,89,31005,Docklands
2014,Round 6,26-Apr-2014,Melbourne,Sydney,38,69,24855,M.C.G.
2014,Round 6,27-Apr-2014,Western Bulldogs,Adelaide,83,92,17404,Docklands
2014,Round 6,27-Apr-2014,Richmond,Hawthorn,52,118,52990,M.C.G.
2014,Round 6,27-Apr-2014,Port Adelaide,Geelong,107,67,47007,Adelaide Oval
2014,Round 7,02-May-2014,Carlton,Collingwood,70,104,68251,M.C.G.
2014,Round 7,03-May-2014,Hawthorn,St Kilda,175,30,32924,M.C.G.
2014,Round 7,03-May-2014,Greater Western Sydney,Port Adelaide,97,132,6549,Manuka Oval
2014,Round 7,03-May-2014,Adelaide,Melbourne,67,70,44216,Adelaide Oval
2014,Round 7,03-May-2014,Essendon,Western Bulldogs,73,65,33289,Docklands
2014,Round 7,03-May-2014,Brisbane Lions,Sydney,44,123,17953,Gabba
2014,Round 7,04-May-2014,North Melbourne,Gold Coast,77,120,19819,Docklands
2014,Round 7,04-May-2014,Geelong,Richmond,81,76,34377,M.C.G.
2014,Round 7,04-May-2014,West Coast,Fremantle,54,73,40476,Subiaco
2014,Round 8,09-May-2014,Sydney,Hawthorn,107,88,34506,Stadium Australia
2014,Round 8,10-May-2014,Port Adelaide,Fremantle,94,76,38234,Adelaide Oval
2014,Round 8,10-May-2014,Brisbane Lions,Essendon,57,65,26522,Gabba
2014,Round 8,10-May-2014,Melbourne,Western Bulldogs,83,99,36326,M.C.G.
2014,Round 8,11-May-2014,West Coast,Greater Western Sydney,188,77,29391,Subiaco
2014,Round 8,12-May-2014,St Kilda,Carlton,69,101,26708,Docklands
2014,Round 9,15-May-2014,Adelaide,Collingwood,76,55,50051,Adelaide Oval
2014,Round 9,16-May-2014,Essendon,Sydney,64,114,41098,Docklands
2014,Round 9,17-May-2014,Richmond,Melbourne,74,91,56910,M.C.G.
2014,Round 9,17-May-2014,North Melbourne,Brisbane Lions,125,38,21152,Docklands
2014,Round 9,17-May-2014,Fremantle,Geelong,96,64,38565,Subiaco
2014,Round 9,18-May-2014,St Kilda,Gold Coast,87,125,14625,Docklands
2014,Round 10,23-May-2014,Geelong,North Melbourne,111,91,27402,Kardinia Park
2014,Round 10,24-May-2014,Greater Western Sydney,Richmond,41,154,8331,Sydney Showground
2014,Round 10,24-May-2014,Collingwood,West Coast,109,101,53049,M.C.G.
2014,Round 10,24-May-2014,Port Adelaide,Hawthorn,100,86,52233,Adelaide Oval
2014,Round 10,25-May-2014,Gold Coast,Western Bulldogs,119,74,14235,Carrara
2014,Round 10,25-May-2014,Carlton,Adelaide,81,76,32419,M.C.G.
2014,Round 11,29-May-2014,Sydney,Geelong,148,38,37355,S.C.G.
2014,Round 11,30-May-2014,St Kilda,Collingwood,54,140,34855,Docklands
2014,Round 11,31-May-2014,Melbourne,Port Adelaide,75,95,5655,Traeger Park
2014,Round 11,31-May-2014,Brisbane Lions,Carlton,98,91,24625,Gabba
2014,Round 11,31-May-2014,Essendon,Richmond,104,54,74664,M.C.G.
2014,Round 11,01-Jun-2014,Adelaide,Gold Coast,109,77,49069,Adelaide Oval
2014,Round 11,01-Jun-2014,Western Bulldogs,Fremantle,51,89,14913,Docklands
2014,Round 11,01-Jun-2014,Hawthorn,Greater Western Sydney,94,87,17906,M.C.G.
2014,Round 11,01-Jun-2014,West Coast,North Melbourne,44,82,35914,Subiaco
2014,Round 12,06-Jun-2014,Geelong,Carlton,107,102,36952,Docklands
2014,Round 12,07-Jun-2014,Hawthorn,West Coast,123,79,15504,York Park
2014,Round 12,07-Jun-2014,Port Adelaide,St Kilda,129,59,42374,Adelaide Oval
2014,Round 12,07-Jun-2014,Greater Western Sydney,Essendon,66,81,8429,Sydney Showground
2014,Round 12,07-Jun-2014,Western Bulldogs,Brisbane Lions,87,95,18054,Docklands
2014,Round 12,08-Jun-2014,Gold Coast,Sydney,74,109,21354,Carrara
2014,Round 12,08-Jun-2014,Fremantle,Adelaide,90,50,35389,Subiaco
2014,Round 12,08-Jun-2014,North Melbourne,Richmond,116,88,32977,Docklands
2014,Round 12,09-Jun-2014,Melbourne,Collingwood,28,61,68130,M.C.G.
2014,Round 13,13-Jun-2014,Carlton,Hawthorn,90,118,49624,M.C.G.
2014,Round 13,14-Jun-2014,Richmond,Fremantle,85,105,22083,M.C.G.
2014,Round 13,14-Jun-2014,Sydney,Port Adelaide,98,94,41317,S.C.G.
2014,Round 13,14-Jun-2014,West Coast,Gold Coast,103,100,32942,Subiaco
2014,Round 13,14-Jun-2014,Adelaide,North Melbourne,109,73,47205,Adelaide Oval
2014,Round 13,14-Jun-2014,Brisbane Lions,Greater Western Sydney,80,125,12700,Gabba
2014,Round 13,15-Jun-2014,Geelong,St Kilda,133,37,25180,Kardinia Park
2014,Round 13,15-Jun-2014,Collingwood,Western Bulldogs,98,106,28339,Docklands
2014,Round 13,15-Jun-2014,Essendon,Melbourne,77,78,44626,M.C.G.
2014,Round 14,20-Jun-2014,Richmond,Sydney,51,62,34648,M.C.G.
2014,Round 14,21-Jun-2014,Port Adelaide,Western Bulldogs,128,56,34258,Adelaide Oval
2014,Round 14,21-Jun-2014,Hawthorn,Collingwood,115,86,70516,M.C.G.
2014,Round 14,21-Jun-2014,Gold Coast,Geelong,118,78,18236,Carrara
2014,Round 14,21-Jun-2014,Fremantle,Brisbane Lions,105,22,25152,Subiaco
2014,Round 14,21-Jun-2014,Essendon,Adelaide,101,92,30948,Docklands
2014,Round 14,22-Jun-2014,Greater Western Sydney,Carlton,100,92,9059,Sydney Showground
2014,Round 14,22-Jun-2014,St Kilda,West Coast,70,103,17317,Docklands
2014,Round 14,22-Jun-2014,Melbourne,North Melbourne,66,107,26615,M.C.G.
2014,Round 15,27-Jun-2014,Geelong,Essendon,89,80,43732,Docklands
2014,Round 15,28-Jun-2014,Hawthorn,Gold Coast,116,63,13178,York Park
2014,Round 15,28-Jun-2014,St Kilda,Richmond,73,117,28487,Docklands
2014,Round 15,28-Jun-2014,Fremantle,West Coast,88,81,40490,Subiaco
2014,Round 15,28-Jun-2014,Brisbane Lions,North Melbourne,70,66,15862,Gabba
2014,Round 15,28-Jun-2014,Sydney,Greater Western Sydney,106,60,27778,S.C.G.
2014,Round 15,29-Jun-2014,Western Bulldogs,Melbourne,91,85,24953,Docklands
2014,Round 15,29-Jun-2014,Adelaide,Port Adelaide,99,76,50552,Adelaide Oval
2014,Round 15,29-Jun-2014,Collingwood,Carlton,91,76,40939,M.C.G.
2014,Round 16,04-Jul-2014,North Melbourne,Hawthorn,108,88,35025,Docklands
2014,Round 16,05-Jul-2014,Richmond,Brisbane Lions,79,54,34577,M.C.G.
2014,Round 16,05-Jul-2014,Greater Western Sydney,Adelaide,72,140,8383,Sydney Showground
2014,Round 16,05-Jul-2014,Gold Coast,Collingwood,80,75,24032,Carrara
2014,Round 16,05-Jul-2014,Port Adelaide,Essendon,60,62,46786,Adelaide Oval
2014,Round 16,05-Jul-2014,Melbourne,Fremantle,34,97,9290,Marrara Oval
2014,Round 16,06-Jul-2014,Carlton,St Kilda,151,66,29297,Docklands
2014,Round 16,06-Jul-2014,West Coast,Sydney,51,79,25076,Subiaco
2014,Round 16,06-Jul-2014,Geelong,Western Bulldogs,69,56,24766,Kardinia Park
2014,Round 17,11-Jul-2014,Adelaide,Hawthorn,92,104,50321,Adelaide Oval
2014,Round 17,12-Jul-2014,Melbourne,Geelong,36,102,36385,M.C.G.
2014,Round 17,12-Jul-2014,North Melbourne,St Kilda,92,33,10641,Bellerive Oval
2014,Round 17,12-Jul-2014,Western Bulldogs,Gold Coast,94,66,9746,Cazaly's Stadium
2014,Round 17,12-Jul-2014,Sydney,Carlton,122,51,34965,S.C.G.
2014,Round 17,12-Jul-2014,Brisbane Lions,West Coast,64,76,13610,Gabba
2014,Round 17,13-Jul-2014,Richmond,Port Adelaide,126,106,21483,Docklands
2014,Round 17,13-Jul-2014,Essendon,Collingwood,103,39,58996,M.C.G.
2014,Round 17,13-Jul-2014,Fremantle,Greater Western Sydney,136,60,33597,Subiaco
2014,Round 18,18-Jul-2014,Carlton,North Melbourne,109,86,36689,Docklands
2014,Round 18,19-Jul-2014,St Kilda,Fremantle,118,60,16594,Docklands
2014,Round 18,19-Jul-2014,Greater Western Sydney,Geelong,87,94,7697,Sydney Showground
2014,Round 18,20-Jul-2014,Port Adelaide,Melbourne,72,69,37894,Adelaide Oval
2014,Round 18,20-Jul-2014,Western Bulldogs,Essendon,94,101,34476,Docklands
2014,Round 18,25-Jul-2014,West Coast,Richmond,42,59,32270,Subiaco
2014,Round 18,26-Jul-2014,Brisbane Lions,Gold Coast,110,56,27167,Gabba
2014,Round 18,26-Jul-2014,Hawthorn,Sydney,104,94,72768,M.C.G.
2014,Round 18,27-Jul-2014,Collingwood,Adelaide,82,98,41486,M.C.G.
2014,Round 19,31-Jul-2014,Fremantle,Carlton,83,78,35401,Subiaco
2014,Round 19,01-Aug-2014,Sydney,Essendon,79,57,36804,S.C.G.
2014,Round 19,02-Aug-2014,Adelaide,West Coast,105,136,49470,Adelaide Oval
2014,Round 19,02-Aug-2014,Richmond,Greater Western Sydney,89,62,23095,M.C.G.
2014,Round 19,02-Aug-2014,North Melbourne,Geelong,79,111,32564,Docklands
2014,Round 19,02-Aug-2014,Gold Coast,St Kilda,117,64,12027,Carrara
2014,Round 19,03-Aug-2014,Melbourne,Brisbane Lions,51,74,18079,Docklands
2014,Round 19,03-Aug-2014,Hawthorn,Western Bulldogs,107,45,14187,York Park
2014,Round 19,03-Aug-2014,Collingwood,Port Adelaide,76,70,32807,M.C.G.
2014,Round 20,08-Aug-2014,Richmond,Essendon,95,77,58032,M.C.G.
2014,Round 20,09-Aug-2014,Greater Western Sydney,North Melbourne,51,126,10211,Manuka Oval
2014,Round 20,09-Aug-2014,Carlton,Gold Coast,97,58,28840,Docklands
2014,Round 20,09-Aug-2014,Hawthorn,Melbourne,115,65,37088,M.C.G.
2014,Round 20,09-Aug-2014,Port Adelaide,Sydney,58,84,50087,Adelaide Oval
2014,Round 20,09-Aug-2014,Geelong,Fremantle,81,79,26885,Kardinia Park
2014,Round 20,10-Aug-2014,Brisbane Lions,Adelaide,63,168,19657,Gabba
2014,Round 20,10-Aug-2014,St Kilda,Western Bulldogs,99,122,30095,Docklands
2014,Round 20,10-Aug-2014,West Coast,Collingwood,126,66,36458,Subiaco
2014,Round 21,15-Aug-2014,Carlton,Geelong,76,82,38812,Docklands
2014,Round 21,16-Aug-2014,Sydney,St Kilda,127,56,31361,S.C.G.
2014,Round 21,16-Aug-2014,Gold Coast,Port Adelaide,47,56,10042,Carrara
2014,Round 21,16-Aug-2014,Essendon,West Coast,77,74,35905,Docklands
2014,Round 21,16-Aug-2014,Adelaide,Richmond,69,79,50459,Adelaide Oval
2014,Round 21,16-Aug-2014,Collingwood,Brisbane Lions,56,123,32929,M.C.G.
2014,Round 21,17-Aug-2014,North Melbourne,Western Bulldogs,111,61,27164,Docklands
2014,Round 21,17-Aug-2014,Melbourne,Greater Western Sydney,34,98,17227,M.C.G.
2014,Round 21,17-Aug-2014,Fremantle,Hawthorn,110,91,38506,Subiaco
2014,Round 22,22-Aug-2014,Port Adelaide,Carlton,140,37,52505,Adelaide Oval
2014,Round 22,23-Aug-2014,North Melbourne,Adelaide,101,94,10702,Bellerive Oval
2014,Round 22,23-Aug-2014,Essendon,Gold Coast,108,89,33281,Docklands
2014,Round 22,23-Aug-2014,Greater Western Sydney,Collingwood,67,75,10851,Sydney Showground
2014,Round 22,23-Aug-2014,West Coast,Melbourne,119,53,35083,Subiaco
2014,Round 22,23-Aug-2014,Hawthorn,Geelong,94,71,72216,M.C.G.
2014,Round 22,24-Aug-2014,Brisbane Lions,Fremantle,48,106,17473,Gabba
2014,Round 22,24-Aug-2014,Western Bulldogs,Sydney,67,130,22430,Docklands
2014,Round 22,24-Aug-2014,Richmond,St Kilda,98,72,47200,M.C.G.
2014,Round 23,29-Aug-2014,Collingwood,Hawthorn,56,121,48980,M.C.G.
2014,Round 23,30-Aug-2014,Carlton,Essendon,90,90,56663,M.C.G.
2014,Round 23,30-Aug-2014,Fremantle,Port Adelaide,105,97,38209,Subiaco
2014,Round 23,30-Aug-2014,Sydney,Richmond,65,68,31227,Stadium Australia
2014,Round 23,30-Aug-2014,Geelong,Brisbane Lions,143,81,24659,Kardinia Park
2014,Round 23,30-Aug-2014,North Melbourne,Melbourne,123,93,17174,Docklands
2014,Round 23,31-Aug-2014,Gold Coast,West Coast,99,151,11840,Carrara
2014,Round 23,31-Aug-2014,Adelaide,St Kilda,141,62,44969,Adelaide Oval
2014,Round 23,31-Aug-2014,Western Bulldogs,Greater Western Sydney,109,115,14725,Docklands
2014,Qualifying Final,05-Sep-2014,Hawthorn,Geelong,104,68,74757,M.C.G.
2014,Qualifying Final,06-Sep-2014,Sydney,Fremantle,93,69,35998,Stadium Australia
2014,Elimination Final,06-Sep-2014,North Melbourne,Essendon,93,81,78561,M.C.G.
2014,Elimination Final,07-Sep-2014,Port Adelaide,Richmond,132,75,49886,Adelaide Oval
2014,Semi Final,12-Sep-2014,Geelong,North Melbourne,92,98,65964,M.C.G.
2014,Semi Final,13-Sep-2014,Fremantle,Port Adelaide,83,105,42338,Subiaco
2014,Preliminary Final,19-Sep-2014,Sydney,North Melbourne,136,65,48029,Stadium Australia
2014,Preliminary Final,20-Sep-2014,Hawthorn,Port Adelaide,97,94,74856,M.C.G.
2014,Grand Final,27-Sep-2014,Sydney,Hawthorn,74,137,99454,M.C.G.
2015,Round 1,02-Apr-2015,Carlton,Richmond,78,105,83493,M.C.G.
2015,Round 1,04-Apr-2015,Melbourne,Gold Coast,115,89,27013,M.C.G.
2015,Round 1,04-Apr-2015,Sydney,Essendon,72,60,23274,Stadium Australia
2015,Round 1,04-Apr-2015,Brisbane Lions,Collingwood,74,86,31240,Gabba
2015,Round 1,04-Apr-2015,Western Bulldogs,West Coast,97,87,22366,Docklands
2015,Round 1,05-Apr-2015,St Kilda,Greater Western Sydney,78,87,18794,Docklands
2015,Round 1,05-Apr-2015,Adelaide,North Melbourne,140,63,45607,Adelaide Oval
2015,Round 1,05-Apr-2015,Fremantle,Port Adelaide,75,68,34099,Subiaco
2015,Round 1,06-Apr-2015,Hawthorn,Geelong,123,61,73584,M.C.G.
2015,Round 2,10-Apr-2015,West Coast,Carlton,131,62,34588,Subiaco
2015,Round 2,11-Apr-2015,Richmond,Western Bulldogs,66,85,49945,M.C.G.
2015,Round 2,11-Apr-2015,Greater Western Sydney,Melbourne,101,56,8811,Manuka Oval
2015,Round 2,11-Apr-2015,Collingwood,Adelaide,63,90,33771,Docklands
2015,Round 2,11-Apr-2015,Gold Coast,St Kilda,76,104,13649,Carrara
2015,Round 2,11-Apr-2015,Port Adelaide,Sydney,44,92,49765,Adelaide Oval
2015,Round 2,12-Apr-2015,Geelong,Fremantle,60,104,23723,Kardinia Park
2015,Round 2,12-Apr-2015,Essendon,Hawthorn,78,76,59866,M.C.G.
2015,Round 2,12-Apr-2015,North Melbourne,Brisbane Lions,133,51,22275,Docklands
2015,Round 3,17-Apr-2015,Collingwood,St Kilda,140,66,45197,M.C.G.
2015,Round 3,18-Apr-2015,Carlton,Essendon,84,105,54854,M.C.G.
2015,Round 3,18-Apr-2015,Adelaide,Melbourne,80,55,43713,Adelaide Oval
2015,Round 3,18-Apr-2015,Sydney,Greater Western Sydney,111,90,31966,S.C.G.
2015,Round 3,18-Apr-2015,North Melbourne,Port Adelaide,105,113,22586,Docklands
2015,Round 3,18-Apr-2015,Brisbane Lions,Richmond,58,137,22441,Gabba
2015,Round 3,19-Apr-2015,Hawthorn,Western Bulldogs,127,57,15559,York Park
2015,Round 3,19-Apr-2015,Geelong,Gold Coast,105,96,20813,Kardinia Park
2015,Round 3,19-Apr-2015,West Coast,Fremantle,81,111,39138,Subiaco
2015,Round 4,24-Apr-2015,Richmond,Melbourne,51,83,58175,M.C.G.
2015,Round 4,25-Apr-2015,St Kilda,Carlton,81,121,12125,Wellington
2015,Round 4,25-Apr-2015,Essendon,Collingwood,49,69,88395,M.C.G.
2015,Round 4,25-Apr-2015,Greater Western Sydney,Gold Coast,119,53,6917,Manuka Oval
2015,Round 4,25-Apr-2015,Port Adelaide,Hawthorn,99,91,49831,Adelaide Oval
2015,Round 4,25-Apr-2015,Fremantle,Sydney,74,60,39009,Subiaco
2015,Round 4,26-Apr-2015,Brisbane Lions,West Coast,65,118,16632,Gabba
2015,Round 4,26-Apr-2015,Geelong,North Melbourne,67,83,23452,Kardinia Park
2015,Round 4,26-Apr-2015,Western Bulldogs,Adelaide,125,68,19915,Docklands
2015,Round 5,01-May-2015,Carlton,Collingwood,45,120,71759,M.C.G.
2015,Round 5,02-May-2015,Richmond,Geelong,76,85,45228,M.C.G.
2015,Round 5,02-May-2015,Sydney,Western Bulldogs,73,77,25541,S.C.G.
2015,Round 5,02-May-2015,Gold Coast,Brisbane Lions,118,54,12464,Carrara
2015,Round 5,02-May-2015,North Melbourne,Hawthorn,70,130,38077,Docklands
2015,Round 5,02-May-2015,West Coast,Greater Western Sydney,120,33,34554,Subiaco
2015,Round 5,03-May-2015,Melbourne,Fremantle,50,118,22892,M.C.G.
2015,Round 5,03-May-2015,St Kilda,Essendon,80,82,29869,Docklands
2015,Round 5,03-May-2015,Adelaide,Port Adelaide,91,115,49617,Adelaide Oval
2015,Round 6,08-May-2015,Collingwood,Geelong,59,100,52152,M.C.G.
2015,Round 6,09-May-2015,North Melbourne,Richmond,109,74,17544,Bellerive Oval
2015,Round 6,09-May-2015,Western Bulldogs,St Kilda,87,94,29619,Docklands
2015,Round 6,09-May-2015,Greater Western Sydney,Hawthorn,108,98,13556,Sydney Showground
2015,Round 6,09-May-2015,Gold Coast,Adelaide,78,119,12464,Carrara
2015,Round 6,09-May-2015,Melbourne,Sydney,50,88,26894,M.C.G.
2015,Round 6,09-May-2015,Fremantle,Essendon,80,52,37535,Subiaco
2015,Round 6,10-May-2015,Carlton,Brisbane Lions,75,84,20273,Docklands
2015,Round 6,10-May-2015,Port Adelaide,West Coast,68,78,38508,Adelaide Oval
2015,Round 7,15-May-2015,Essendon,North Melbourne,82,93,43972,Docklands
2015,Round 7,16-May-2015,Adelaide,St Kilda,119,73,43532,Adelaide Oval
2015,Round 7,16-May-2015,Hawthorn,Melbourne,155,50,41935,M.C.G.
2015,Round 7,16-May-2015,Carlton,Greater Western Sydney,57,135,16676,Docklands
2015,Round 7,16-May-2015,Sydney,Geelong,120,77,28063,Stadium Australia
2015,Round 7,16-May-2015,West Coast,Gold Coast,135,43,26964,Subiaco
2015,Round 7,17-May-2015,Western Bulldogs,Fremantle,88,101,18170,Docklands
2015,Round 7,17-May-2015,Richmond,Collingwood,105,100,59034,M.C.G.
2015,Round 7,17-May-2015,Brisbane Lions,Port Adelaide,102,65,15957,Gabba
2015,Round 8,22-May-2015,Geelong,Carlton,140,63,32032,Docklands
2015,Round 8,23-May-2015,St Kilda,West Coast,78,131,23598,Docklands
2015,Round 8,23-May-2015,Greater Western Sydney,Adelaide,108,84,9481,Sydney Showground
2015,Round 8,23-May-2015,Gold Coast,Collingwood,63,132,16440,Carrara
2015,Round 8,23-May-2015,Hawthorn,Sydney,69,73,63319,M.C.G.
2015,Round 8,23-May-2015,Fremantle,North Melbourne,115,42,35836,Subiaco
2015,Round 8,24-May-2015,Essendon,Brisbane Lions,136,78,36857,Docklands
2015,Round 8,24-May-2015,Melbourne,Western Bulldogs,103,64,29381,M.C.G.
2015,Round 8,24-May-2015,Port Adelaide,Richmond,43,76,44451,Adelaide Oval
2015,Round 9,29-May-2015,Sydney,Carlton,122,62,32105,S.C.G.
2015,Round 9,30-May-2015,Hawthorn,Gold Coast,93,40,11320,York Park
2015,Round 9,30-May-2015,Melbourne,Port Adelaide,54,115,4866,Traeger Park
2015,Round 9,30-May-2015,Western Bulldogs,Greater Western Sydney,113,68,16395,Docklands
2015,Round 9,30-May-2015,Richmond,Essendon,72,59,83804,M.C.G.
2015,Round 9,30-May-2015,Adelaide,Fremantle,57,68,45518,Adelaide Oval
2015,Round 9,31-May-2015,Brisbane Lions,St Kilda,86,108,16898,Gabba
2015,Round 9,31-May-2015,Collingwood,North Melbourne,112,95,43452,M.C.G.
2015,Round 9,31-May-2015,West Coast,Geelong,120,64,37676,Subiaco
2015,Round 10,05-Jun-2015,Fremantle,Richmond,70,97,38019,Subiaco
2015,Round 10,06-Jun-2015,Carlton,Adelaide,90,99,32035,M.C.G.
2015,Round 10,06-Jun-2015,Gold Coast,Sydney,41,93,13068,Carrara
2015,Round 10,06-Jun-2015,Essendon,Geelong,53,122,40632,Docklands
2015,Round 10,06-Jun-2015,Port Adelaide,Western Bulldogs,100,62,40907,Adelaide Oval
2015,Round 10,07-Jun-2015,Greater Western Sydney,Brisbane Lions,97,67,9079,Sydney Showground
2015,Round 10,07-Jun-2015,North Melbourne,West Coast,85,75,12011,Bellerive Oval
2015,Round 10,07-Jun-2015,St Kilda,Hawthorn,69,132,33886,Docklands
2015,Round 10,08-Jun-2015,Melbourne,Collingwood,85,110,66120,M.C.G.
2015,Round 11,12-Jun-2015,Port Adelaide,Geelong,69,92,46140,Adelaide Oval
2015,Round 11,13-Jun-2015,Gold Coast,Fremantle,46,53,8911,Carrara
2015,Round 11,13-Jun-2015,West Coast,Essendon,96,46,37306,Subiaco
2015,Round 11,13-Jun-2015,North Melbourne,Sydney,75,91,32127,Docklands
2015,Round 11,14-Jun-2015,Collingwood,Greater Western Sydney,119,77,43390,M.C.G.
2015,Round 11,14-Jun-2015,St Kilda,Melbourne,85,83,25217,Docklands
2015,Round 12,18-Jun-2015,Adelaide,Hawthorn,85,114,49108,Adelaide Oval
2015,Round 12,19-Jun-2015,Richmond,West Coast,70,90,45178,M.C.G.
2015,Round 12,20-Jun-2015,Carlton,Port Adelaide,110,106,27693,M.C.G.
2015,Round 12,20-Jun-2015,Greater Western Sydney,North Melbourne,61,117,7824,Sydney Showground
2015,Round 12,20-Jun-2015,Western Bulldogs,Brisbane Lions,146,74,21129,Docklands
2015,Round 12,21-Jun-2015,Geelong,Melbourne,89,113,28007,Kardinia Park
2015,Round 13,25-Jun-2015,Fremantle,Collingwood,80,73,37145,Subiaco
2015,Round 13,26-Jun-2015,Sydney,Richmond,77,95,37579,S.C.G.
2015,Round 13,27-Jun-2015,Hawthorn,Essendon,114,76,62500,M.C.G.
2015,Round 13,27-Jun-2015,Brisbane Lions,Adelaide,69,82,18146,Gabba
2015,Round 13,27-Jun-2015,St Kilda,Western Bulldogs,56,62,26511,Docklands
2015,Round 13,28-Jun-2015,Carlton,Gold Coast,103,69,30207,Docklands
2015,Round 14,02-Jul-2015,Sydney,Port Adelaide,94,84,28316,S.C.G.
2015,Round 14,03-Jul-2015,Collingwood,Hawthorn,91,101,75880,M.C.G.
2015,Round 14,04-Jul-2015,Richmond,Greater Western Sydney,78,69,35968,M.C.G.
2015,Round 14,04-Jul-2015,Gold Coast,North Melbourne,125,70,14444,Carrara
2015,Round 14,04-Jul-2015,Western Bulldogs,Carlton,64,53,31445,Docklands
2015,Round 14,04-Jul-2015,Melbourne,West Coast,60,114,11873,Marrara Oval
2015,Round 14,05-Jul-2015,Essendon,St Kilda,52,162,38020,Docklands
2015,Round 14,05-Jul-2015,Fremantle,Brisbane Lions,84,48,32970,Subiaco
2015,Round 15,09-Jul-2015,Port Adelaide,Collingwood,66,63,44496,Adelaide Oval
2015,Round 15,10-Jul-2015,Richmond,Carlton,71,41,52564,M.C.G.
2015,Round 15,11-Jul-2015,Essendon,Melbourne,69,60,38861,M.C.G.
2015,Round 15,11-Jul-2015,Western Bulldogs,Gold Coast,95,73,9449,Cazaly's Stadium
2015,Round 15,11-Jul-2015,North Melbourne,Geelong,120,79,31270,Docklands
2015,Round 15,11-Jul-2015,West Coast,Adelaide,147,91,38133,Subiaco
2015,Round 15,12-Jul-2015,Greater Western Sydney,St Kilda,84,49,9178,Sydney Showground
2015,Round 15,12-Jul-2015,Hawthorn,Fremantle,115,43,16792,York Park
2015,Round 15,12-Jul-2015,Brisbane Lions,Sydney,49,70,16936,Gabba
2015,Round 16,17-Jul-2015,North Melbourne,Essendon,93,68,31025,Docklands
2015,Round 16,18-Jul-2015,Geelong,Western Bulldogs,72,64,25041,Kardinia Park
2015,Round 16,18-Jul-2015,Gold Coast,Greater Western Sydney,79,94,9589,Carrara
2015,Round 16,18-Jul-2015,Collingwood,West Coast,56,87,36527,Docklands
2015,Round 16,18-Jul-2015,Sydney,Hawthorn,57,146,37369,Stadium Australia
2015,Round 16,18-Jul-2015,Fremantle,Carlton,95,53,33581,Subiaco
2015,Round 16,19-Jul-2015,Melbourne,Brisbane Lions,60,36,25149,M.C.G.
2015,Round 16,19-Jul-2015,Port Adelaide,Adelaide,113,116,53518,Adelaide Oval
2015,Round 16,19-Jul-2015,St Kilda,Richmond,73,89,45722,Docklands
2015,Round 17,24-Jul-2015,Carlton,Hawthorn,35,173,26815,Docklands
2015,Round 17,25-Jul-2015,Greater Western Sydney,Geelong,42,69,14667,Manuka Oval
2015,Round 17,25-Jul-2015,Adelaide,Gold Coast,125,80,41715,Adelaide Oval
2015,Round 17,25-Jul-2015,Richmond,Fremantle,78,82,39777,M.C.G.
2015,Round 17,25-Jul-2015,Essendon,Port Adelaide,116,129,23705,Docklands
2015,Round 17,25-Jul-2015,Brisbane Lions,North Melbourne,38,110,15563,Gabba
2015,Round 17,26-Jul-2015,Western Bulldogs,Collingwood,104,86,40581,Docklands
2015,Round 17,26-Jul-2015,Melbourne,St Kilda,46,83,22945,M.C.G.
2015,Round 17,26-Jul-2015,West Coast,Sydney,103,51,38760,Subiaco
2015,Round 18,31-Jul-2015,Hawthorn,Richmond,53,71,66305,M.C.G.
2015,Round 18,01-Aug-2015,Geelong,Brisbane Lions,113,57,21913,Kardinia Park
2015,Round 18,01-Aug-2015,Collingwood,Melbourne,54,91,37894,M.C.G.
2015,Round 18,01-Aug-2015,Sydney,Adelaide,117,65,38690,S.C.G.
2015,Round 18,01-Aug-2015,Carlton,North Melbourne,54,118,25251,Docklands
2015,Round 18,01-Aug-2015,Gold Coast,West Coast,83,83,9341,Carrara
2015,Round 18,02-Aug-2015,Port Adelaide,St Kilda,112,49,35977,Adelaide Oval
2015,Round 18,02-Aug-2015,Essendon,Western Bulldogs,40,127,33466,Docklands
2015,Round 18,02-Aug-2015,Fremantle,Greater Western Sydney,84,63,34625,Subiaco
2015,Round 19,07-Aug-2015,Adelaide,Richmond,88,52,49116,Adelaide Oval
2015,Round 19,08-Aug-2015,Collingwood,Carlton,105,87,48133,M.C.G.
2015,Round 19,08-Aug-2015,Western Bulldogs,Port Adelaide,128,64,20590,Docklands
2015,Round 19,08-Aug-2015,Brisbane Lions,Gold Coast,100,114,19920,Gabba
2015,Round 19,08-Aug-2015,Geelong,Sydney,95,63,27910,Kardinia Park
2015,Round 19,08-Aug-2015,West Coast,Hawthorn,74,88,34843,Subiaco
2015,Round 19,09-Aug-2015,Melbourne,North Melbourne,92,127,30695,M.C.G.
2015,Round 19,09-Aug-2015,Greater Western Sydney,Essendon,93,61,10093,Sydney Showground
2015,Round 19,09-Aug-2015,St Kilda,Fremantle,59,96,16409,Docklands
2015,Round 20,14-Aug-2015,Sydney,Collingwood,87,76,38408,S.C.G.
2015,Round 20,15-Aug-2015,Essendon,Adelaide,59,171,25914,Docklands
2015,Round 20,15-Aug-2015,North Melbourne,St Kilda,120,83,14346,Bellerive Oval
2015,Round 20,15-Aug-2015,Port Adelaide,Greater Western Sydney,111,90,32436,Adelaide Oval
2015,Round 20,15-Aug-2015,Brisbane Lions,Carlton,131,67,17744,Gabba
2015,Round 20,15-Aug-2015,Geelong,Hawthorn,85,121,55802,M.C.G.
2015,Round 20,16-Aug-2015,Richmond,Gold Coast,138,55,38508,M.C.G.
2015,Round 20,16-Aug-2015,Western Bulldogs,Melbourne,153,55,27805,Docklands
2015,Round 20,16-Aug-2015,Fremantle,West Coast,80,104,41959,Subiaco
2015,Round 21,21-Aug-2015,Hawthorn,Port Adelaide,86,108,28657,Docklands
2015,Round 21,22-Aug-2015,Collingwood,Richmond,56,147,63178,M.C.G.
2015,Round 21,22-Aug-2015,Greater Western Sydney,Sydney,44,133,19507,Sydney Showground
2015,Round 21,22-Aug-2015,Gold Coast,Essendon,97,95,16253,Carrara
2015,Round 21,22-Aug-2015,St Kilda,Geelong,97,97,25245,Docklands
2015,Round 21,22-Aug-2015,Adelaide,Brisbane Lions,131,44,46609,Adelaide Oval
2015,Round 21,23-Aug-2015,North Melbourne,Fremantle,94,83,23857,Docklands
2015,Round 21,23-Aug-2015,Carlton,Melbourne,78,55,33962,M.C.G.
2015,Round 21,23-Aug-2015,West Coast,Western Bulldogs,162,85,37733,Subiaco
2015,Round 22,28-Aug-2015,Geelong,Collingwood,62,110,40582,M.C.G.
2015,Round 22,29-Aug-2015,Greater Western Sydney,Carlton,132,51,9538,Sydney Showground
2015,Round 22,29-Aug-2015,Hawthorn,Brisbane Lions,134,62,11731,York Park
2015,Round 22,29-Aug-2015,North Melbourne,Western Bulldogs,73,96,37299,Docklands
2015,Round 22,29-Aug-2015,Essendon,Richmond,47,74,37864,M.C.G.
2015,Round 22,29-Aug-2015,Gold Coast,Port Adelaide,51,88,9343,Carrara
2015,Round 22,30-Aug-2015,Adelaide,West Coast,126,69,52460,Adelaide Oval
2015,Round 22,30-Aug-2015,St Kilda,Sydney,38,135,27856,Docklands
2015,Round 22,30-Aug-2015,Fremantle,Melbourne,108,54,33529,Subiaco
2015,Round 23,04-Sep-2015,Richmond,North Melbourne,108,67,40461,Docklands
2015,Round 23,05-Sep-2015,Geelong,Adelaide,119,80,26128,Kardinia Park
2015,Round 23,05-Sep-2015,Brisbane Lions,Western Bulldogs,130,122,15434,Gabba
2015,Round 23,05-Sep-2015,Port Adelaide,Fremantle,122,53,37922,Adelaide Oval
2015,Round 23,05-Sep-2015,Hawthorn,Carlton,113,56,33182,M.C.G.
2015,Round 23,05-Sep-2015,Sydney,Gold Coast,127,64,25424,S.C.G.
2015,Round 23,05-Sep-2015,West Coast,St Kilda,125,30,36165,Subiaco
2015,Round 23,06-Sep-2015,Melbourne,Greater Western Sydney,103,77,8974,Docklands
2015,Round 23,06-Sep-2015,Collingwood,Essendon,92,95,40270,M.C.G.
2015,Qualifying Final,11-Sep-2015,West Coast,Hawthorn,96,64,42663,Subiaco
2015,Qualifying Final,12-Sep-2015,Fremantle,Sydney,69,60,40071,Subiaco
2015,Elimination Final,12-Sep-2015,Western Bulldogs,Adelaide,102,109,60872,M.C.G.
2015,Elimination Final,13-Sep-2015,Richmond,North Melbourne,88,105,90186,M.C.G.
2015,Semi Final,18-Sep-2015,Hawthorn,Adelaide,135,61,70879,M.C.G.
2015,Semi Final,19-Sep-2015,Sydney,North Melbourne,51,77,31162,Stadium Australia
2015,Preliminary Final,25-Sep-2015,Fremantle,Hawthorn,67,94,41508,Subiaco
2015,Preliminary Final,26-Sep-2015,West Coast,North Melbourne,80,55,43080,Subiaco
2015,Grand Final,03-Oct-2015,West Coast,Hawthorn,61,107,98632,M.C.G.
2016,Round 1,24-Mar-2016,Richmond,Carlton,92,83,75706,M.C.G.
2016,Round 1,26-Mar-2016,Melbourne,Greater Western Sydney,80,78,28505,M.C.G.
2016,Round 1,26-Mar-2016,Gold Coast,Essendon,121,60,16239,Carrara
2016,Round 1,26-Mar-2016,North Melbourne,Adelaide,107,97,25485,Docklands
2016,Round 1,26-Mar-2016,Sydney,Collingwood,133,53,33857,S.C.G.
2016,Round 1,27-Mar-2016,Western Bulldogs,Fremantle,103,38,27832,Docklands
2016,Round 1,27-Mar-2016,Port Adelaide,St Kilda,133,100,42896,Adelaide Oval
2016,Round 1,27-Mar-2016,West Coast,Brisbane Lions,166,102,35201,Subiaco
2016,Round 1,28-Mar-2016,Geelong,Hawthorn,116,86,74218,M.C.G.
2016,Round 2,01-Apr-2016,Collingwood,Richmond,87,86,72761,M.C.G.
2016,Round 2,02-Apr-2016,Adelaide,Port Adelaide,144,86,50555,Adelaide Oval
2016,Round 2,02-Apr-2016,Essendon,Melbourne,80,67,50424,M.C.G.
2016,Round 2,02-Apr-2016,Brisbane Lions,North Melbourne,83,117,18021,Gabba
2016,Round 2,02-Apr-2016,St Kilda,Western Bulldogs,36,93,37353,Docklands
2016,Round 2,02-Apr-2016,Fremantle,Gold Coast,100,126,34208,Subiaco
2016,Round 2,03-Apr-2016,Greater Western Sydney,Geelong,89,76,13656,Manuka Oval
2016,Round 2,03-Apr-2016,Hawthorn,West Coast,99,53,42977,M.C.G.
2016,Round 2,03-Apr-2016,Carlton,Sydney,71,131,33146,Docklands
2016,Round 3,08-Apr-2016,Port Adelaide,Essendon,112,51,43663,Adelaide Oval
2016,Round 3,09-Apr-2016,St Kilda,Collingwood,119,90,50903,M.C.G.
2016,Round 3,09-Apr-2016,Richmond,Adelaide,92,128,29951,Docklands
2016,Round 3,09-Apr-2016,Sydney,Greater Western Sydney,93,68,37045,S.C.G.
2016,Round 3,09-Apr-2016,Gold Coast,Carlton,95,41,13885,Carrara
2016,Round 3,09-Apr-2016,West Coast,Fremantle,92,59,40555,Subiaco
2016,Round 3,10-Apr-2016,North Melbourne,Melbourne,136,131,12607,Bellerive Oval
2016,Round 3,10-Apr-2016,Western Bulldogs,Hawthorn,90,93,46808,Docklands
2016,Round 3,10-Apr-2016,Geelong,Brisbane Lions,125,56,23320,Kardinia Park
2016,Round 4,15-Apr-2016,West Coast,Richmond,125,57,38860,Subiaco
2016,Round 4,16-Apr-2016,Essendon,Geelong,42,72,42723,M.C.G.
2016,Round 4,16-Apr-2016,Hawthorn,St Kilda,87,84,17052,York Park
2016,Round 4,16-Apr-2016,Brisbane Lions,Gold Coast,107,94,20041,Gabba
2016,Round 4,16-Apr-2016,Carlton,Western Bulldogs,49,85,27622,Docklands
2016,Round 4,16-Apr-2016,Adelaide,Sydney,113,103,50369,Adelaide Oval
2016,Round 4,17-Apr-2016,Greater Western Sydney,Port Adelaide,151,65,10028,Manuka Oval
2016,Round 4,17-Apr-2016,Collingwood,Melbourne,67,102,47558,M.C.G.
2016,Round 4,17-Apr-2016,North Melbourne,Fremantle,132,101,23393,Docklands
2016,Round 5,22-Apr-2016,Hawthorn,Adelaide,112,109,45781,M.C.G.
2016,Round 5,23-Apr-2016,Sydney,West Coast,88,49,35427,S.C.G.
2016,Round 5,23-Apr-2016,Gold Coast,North Melbourne,81,119,13351,Carrara
2016,Round 5,23-Apr-2016,Western Bulldogs,Brisbane Lions,120,67,25097,Docklands
2016,Round 5,23-Apr-2016,Port Adelaide,Geelong,59,107,43984,Adelaide Oval
2016,Round 5,24-Apr-2016,St Kilda,Greater Western Sydney,79,126,21052,Docklands
2016,Round 5,24-Apr-2016,Fremantle,Carlton,68,72,34796,Subiaco
2016,Round 5,24-Apr-2016,Melbourne,Richmond,129,96,60867,M.C.G.
2016,Round 5,25-Apr-2016,Collingwood,Essendon,142,73,85082,M.C.G.
2016,Round 6,29-Apr-2016,North Melbourne,Western Bulldogs,61,45,47622,Docklands
2016,Round 6,30-Apr-2016,Melbourne,St Kilda,96,135,27260,Docklands
2016,Round 6,30-Apr-2016,Adelaide,Fremantle,97,64,46431,Adelaide Oval
2016,Round 6,30-Apr-2016,Greater Western Sydney,Hawthorn,158,83,13766,Sydney Showground
2016,Round 6,30-Apr-2016,Geelong,Gold Coast,168,48,23007,Kardinia Park
2016,Round 6,30-Apr-2016,Richmond,Port Adelaide,59,94,27077,M.C.G.
2016,Round 6,01-May-2016,Brisbane Lions,Sydney,94,97,14646,Gabba
2016,Round 6,01-May-2016,Carlton,Essendon,72,57,43827,M.C.G.
2016,Round 6,01-May-2016,West Coast,Collingwood,124,62,37931,Subiaco
2016,Round 7,06-May-2016,Richmond,Hawthorn,90,136,49678,M.C.G.
2016,Round 7,07-May-2016,Collingwood,Carlton,84,99,60222,M.C.G.
2016,Round 7,07-May-2016,Geelong,West Coast,123,79,25429,Kardinia Park
2016,Round 7,07-May-2016,Sydney,Essendon,135,54,29527,S.C.G.
2016,Round 7,07-May-2016,Gold Coast,Melbourne,87,160,12780,Carrara
2016,Round 7,07-May-2016,Western Bulldogs,Adelaide,123,108,26984,Docklands
2016,Round 7,07-May-2016,Fremantle,Greater Western Sydney,77,95,28201,Subiaco
2016,Round 7,08-May-2016,St Kilda,North Melbourne,75,82,27254,Docklands
2016,Round 7,08-May-2016,Port Adelaide,Brisbane Lions,136,59,31544,Adelaide Oval
2016,Round 8,13-May-2016,Adelaide,Geelong,72,98,53141,Adelaide Oval
2016,Round 8,14-May-2016,Essendon,North Melbourne,60,74,30321,Docklands
2016,Round 8,14-May-2016,Hawthorn,Fremantle,116,75,12012,York Park
2016,Round 8,14-May-2016,Greater Western Sydney,Gold Coast,149,58,8308,Sydney Showground
2016,Round 8,14-May-2016,Brisbane Lions,Collingwood,65,143,24552,Gabba
2016,Round 8,14-May-2016,Richmond,Sydney,101,100,36014,M.C.G.
2016,Round 8,15-May-2016,Carlton,Port Adelaide,93,91,26924,Docklands
2016,Round 8,15-May-2016,Melbourne,Western Bulldogs,82,114,39921,M.C.G.
2016,Round 8,15-May-2016,West Coast,St Kilda,132,29,36140,Subiaco
2016,Round 9,20-May-2016,Hawthorn,Sydney,55,69,61552,M.C.G.
2016,Round 9,21-May-2016,Collingwood,Geelong,104,80,59864,M.C.G.
2016,Round 9,21-May-2016,Gold Coast,Adelaide,74,149,11692,Carrara
2016,Round 9,21-May-2016,Port Adelaide,West Coast,86,94,38695,Adelaide Oval
2016,Round 9,21-May-2016,North Melbourne,Carlton,113,46,38419,Docklands
2016,Round 9,21-May-2016,Fremantle,Richmond,45,83,20184,Subiaco
2016,Round 9,22-May-2016,Melbourne,Brisbane Lions,131,68,26892,M.C.G.
2016,Round 9,22-May-2016,Greater Western Sydney,Western Bulldogs,98,73,9612,Sydney Showground
2016,Round 9,22-May-2016,St Kilda,Essendon,109,63,29026,Docklands
2016,Round 10,27-May-2016,Sydney,North Melbourne,91,65,38498,S.C.G.
2016,Round 10,28-May-2016,Brisbane Lions,Hawthorn,87,135,23691,Gabba
2016,Round 10,28-May-2016,Melbourne,Port Adelaide,76,121,5146,Traeger Park
2016,Round 10,28-May-2016,St Kilda,Fremantle,101,67,17927,Docklands
2016,Round 10,28-May-2016,Essendon,Richmond,67,105,56948,M.C.G.
2016,Round 10,28-May-2016,Adelaide,Greater Western Sydney,107,85,46737,Adelaide Oval
2016,Round 10,29-May-2016,Carlton,Geelong,104,85,33535,Docklands
2016,Round 10,29-May-2016,Collingwood,Western Bulldogs,53,74,45078,M.C.G.
2016,Round 10,29-May-2016,West Coast,Gold Coast,132,55,34945,Subiaco
2016,Round 11,03-Jun-2016,North Melbourne,Richmond,124,54,17844,Bellerive Oval
2016,Round 11,04-Jun-2016,Hawthorn,Melbourne,82,64,41833,M.C.G.
2016,Round 11,04-Jun-2016,Carlton,Brisbane Lions,102,64,30722,Docklands
2016,Round 11,04-Jun-2016,Geelong,Greater Western Sydney,98,88,22007,Kardinia Park
2016,Round 11,04-Jun-2016,Gold Coast,Sydney,41,79,4368,Carrara
2016,Round 11,04-Jun-2016,Fremantle,Essendon,126,47,31199,Subiaco
2016,Round 11,05-Jun-2016,Collingwood,Port Adelaide,58,125,28567,M.C.G.
2016,Round 11,05-Jun-2016,Western Bulldogs,West Coast,83,75,28769,Docklands
2016,Round 11,05-Jun-2016,Adelaide,St Kilda,133,45,40896,Adelaide Oval
2016,Round 12,10-Jun-2016,Essendon,Hawthorn,43,151,27567,Docklands
2016,Round 12,11-Jun-2016,Port Adelaide,Western Bulldogs,97,100,40096,Adelaide Oval
2016,Round 12,11-Jun-2016,Brisbane Lions,Fremantle,64,147,12899,Gabba
2016,Round 12,11-Jun-2016,Geelong,North Melbourne,105,74,44025,Docklands
2016,Round 12,11-Jun-2016,West Coast,Adelaide,76,105,37591,Subiaco
2016,Round 12,12-Jun-2016,St Kilda,Carlton,110,78,47945,Docklands
2016,Round 12,12-Jun-2016,Richmond,Gold Coast,114,97,30448,M.C.G.
2016,Round 12,12-Jun-2016,Greater Western Sydney,Sydney,105,63,21541,Sydney Showground
2016,Round 12,13-Jun-2016,Melbourne,Collingwood,104,58,60158,M.C.G.
2016,Round 13,17-Jun-2016,North Melbourne,Hawthorn,84,93,37073,Docklands
2016,Round 13,18-Jun-2016,Brisbane Lions,West Coast,82,131,12777,Gabba
2016,Round 13,18-Jun-2016,Fremantle,Port Adelaide,86,69,32448,Subiaco
2016,Round 13,18-Jun-2016,Western Bulldogs,Geelong,43,100,41725,Docklands
2016,Round 13,19-Jun-2016,Sydney,Melbourne,86,31,19086,S.C.G.
2016,Round 13,19-Jun-2016,Essendon,Greater Western Sydney,90,117,14463,Docklands
2016,Round 14,23-Jun-2016,Adelaide,North Melbourne,100,67,37890,Adelaide Oval
2016,Round 14,24-Jun-2016,Collingwood,Fremantle,85,37,20320,M.C.G.
2016,Round 14,25-Jun-2016,Richmond,Brisbane Lions,117,75,28883,M.C.G.
2016,Round 14,25-Jun-2016,Greater Western Sydney,Carlton,127,65,10355,Sydney Showground
2016,Round 14,25-Jun-2016,St Kilda,Geelong,93,90,28745,Docklands
2016,Round 14,26-Jun-2016,Hawthorn,Gold Coast,86,60,10121,York Park
2016,Round 15,30-Jun-2016,West Coast,Essendon,130,52,33117,Subiaco
2016,Round 15,01-Jul-2016,Port Adelaide,Richmond,94,56,37848,Adelaide Oval
2016,Round 15,02-Jul-2016,Gold Coast,St Kilda,108,68,14071,Carrara
2016,Round 15,02-Jul-2016,Sydney,Western Bulldogs,79,83,33386,S.C.G.
2016,Round 15,02-Jul-2016,Carlton,Collingwood,45,57,56157,M.C.G.
2016,Round 15,03-Jul-2016,Melbourne,Adelaide,98,120,29133,M.C.G.
2016,Round 16,07-Jul-2016,Port Adelaide,Hawthorn,79,101,43025,Adelaide Oval
2016,Round 16,08-Jul-2016,Geelong,Sydney,60,98,24339,Kardinia Park
2016,Round 16,09-Jul-2016,Greater Western Sydney,Collingwood,93,125,13483,Sydney Showground
2016,Round 16,09-Jul-2016,Gold Coast,Brisbane Lions,139,113,13528,Carrara
2016,Round 16,09-Jul-2016,Western Bulldogs,Richmond,85,75,39679,Docklands
2016,Round 16,09-Jul-2016,Melbourne,Fremantle,87,55,8163,Marrara Oval
2016,Round 16,10-Jul-2016,Carlton,Adelaide,47,107,32430,M.C.G.
2016,Round 16,10-Jul-2016,West Coast,North Melbourne,104,72,35618,Subiaco
2016,Round 16,10-Jul-2016,Essendon,St Kilda,98,109,25204,Docklands
2016,Round 17,14-Jul-2016,Sydney,Hawthorn,70,75,42314,S.C.G.
2016,Round 17,15-Jul-2016,Fremantle,Geelong,61,78,31042,Subiaco
2016,Round 17,16-Jul-2016,Richmond,Essendon,102,83,44908,M.C.G.
2016,Round 17,16-Jul-2016,North Melbourne,Port Adelaide,77,105,24361,Docklands
2016,Round 17,16-Jul-2016,Western Bulldogs,Gold Coast,107,59,8509,Cazaly's Stadium
2016,Round 17,16-Jul-2016,Adelaide,Collingwood,97,69,50002,Adelaide Oval
2016,Round 17,17-Jul-2016,Carlton,West Coast,75,82,26389,M.C.G.
2016,Round 17,17-Jul-2016,St Kilda,Melbourne,110,74,25322,Docklands
2016,Round 17,17-Jul-2016,Brisbane Lions,Greater Western Sydney,67,146,10195,Gabba
2016,Round 18,22-Jul-2016,Collingwood,North Melbourne,84,124,36041,Docklands
2016,Round 18,23-Jul-2016,Sydney,Carlton,74,68,31765,S.C.G.
2016,Round 18,23-Jul-2016,Gold Coast,Fremantle,105,81,8933,Carrara
2016,Round 18,23-Jul-2016,West Coast,Melbourne,66,60,33908,Subiaco
2016,Round 18,23-Jul-2016,Geelong,Adelaide,85,55,21127,Kardinia Park
2016,Round 18,23-Jul-2016,Western Bulldogs,St Kilda,60,75,26532,Docklands
2016,Round 18,24-Jul-2016,Essendon,Brisbane Lions,91,128,34869,Docklands
2016,Round 18,24-Jul-2016,Hawthorn,Richmond,114,44,51892,M.C.G.
2016,Round 18,24-Jul-2016,Port Adelaide,Greater Western Sydney,60,79,27935,Adelaide Oval
2016,Round 19,29-Jul-2016,Geelong,Western Bulldogs,103,78,24331,Kardinia Park
2016,Round 19,30-Jul-2016,Greater Western Sydney,Richmond,111,23,14974,Manuka Oval
2016,Round 19,30-Jul-2016,Hawthorn,Carlton,74,55,18112,York Park
2016,Round 19,30-Jul-2016,Collingwood,West Coast,91,72,34929,M.C.G.
2016,Round 19,30-Jul-2016,North Melbourne,St Kilda,85,62,44287,Docklands
2016,Round 19,30-Jul-2016,Brisbane Lions,Port Adelaide,79,173,13085,Gabba
2016,Round 19,31-Jul-2016,Melbourne,Gold Coast,66,64,20627,M.C.G.
2016,Round 19,31-Jul-2016,Fremantle,Sydney,47,137,32401,Subiaco
2016,Round 19,31-Jul-2016,Adelaide,Essendon,143,61,44264,Adelaide Oval
2016,Round 20,05-Aug-2016,Richmond,Collingwood,92,77,49122,M.C.G.
2016,Round 20,06-Aug-2016,Sydney,Port Adelaide,100,33,30204,S.C.G.
2016,Round 20,06-Aug-2016,Melbourne,Hawthorn,110,81,38818,M.C.G.
2016,Round 20,06-Aug-2016,Gold Coast,Greater Western Sydney,84,92,9108,Carrara
2016,Round 20,06-Aug-2016,Western Bulldogs,North Melbourne,61,47,30740,Docklands
2016,Round 20,06-Aug-2016,Adelaide,Brisbane Lions,177,39,43549,Adelaide Oval
2016,Round 20,07-Aug-2016,Carlton,St Kilda,51,122,37797,M.C.G.
2016,Round 20,07-Aug-2016,Geelong,Essendon,100,34,29254,Docklands
2016,Round 20,07-Aug-2016,Fremantle,West Coast,64,110,36215,Subiaco
2016,Round 21,12-Aug-2016,Western Bulldogs,Collingwood,95,92,35010,Docklands
2016,Round 21,13-Aug-2016,Brisbane Lions,Carlton,99,95,17432,Gabba
2016,Round 21,13-Aug-2016,Hawthorn,North Melbourne,96,57,50657,M.C.G.
2016,Round 21,13-Aug-2016,Greater Western Sydney,West Coast,96,97,10385,Sydney Showground
2016,Round 21,13-Aug-2016,St Kilda,Sydney,76,146,33059,Docklands
2016,Round 21,13-Aug-2016,Port Adelaide,Melbourne,54,94,33426,Adelaide Oval
2016,Round 21,14-Aug-2016,Essendon,Gold Coast,75,69,16622,Docklands
2016,Round 21,14-Aug-2016,Richmond,Geelong,78,82,45667,M.C.G.
2016,Round 21,14-Aug-2016,Fremantle,Adelaide,70,142,30116,Subiaco
2016,Round 22,19-Aug-2016,West Coast,Hawthorn,92,67,38581,Subiaco
2016,Round 22,20-Aug-2016,North Melbourne,Sydney,76,85,16495,Bellerive Oval
2016,Round 22,20-Aug-2016,Richmond,St Kilda,46,55,35255,M.C.G.
2016,Round 22,20-Aug-2016,Greater Western Sydney,Fremantle,129,37,9556,Sydney Showground
2016,Round 22,20-Aug-2016,Collingwood,Gold Coast,118,47,17644,Docklands
2016,Round 22,20-Aug-2016,Port Adelaide,Adelaide,94,109,49541,Adelaide Oval
2016,Round 22,21-Aug-2016,Carlton,Melbourne,78,58,40693,M.C.G.
2016,Round 22,21-Aug-2016,Brisbane Lions,Geelong,69,129,20477,Gabba
2016,Round 22,21-Aug-2016,Essendon,Western Bulldogs,53,93,25308,Docklands
2016,Round 23,26-Aug-2016,Adelaide,West Coast,71,100,50785,Adelaide Oval
2016,Round 23,27-Aug-2016,Geelong,Melbourne,155,44,24413,Kardinia Park
2016,Round 23,27-Aug-2016,Essendon,Carlton,103,79,46566,M.C.G.
2016,Round 23,27-Aug-2016,Sydney,Richmond,164,51,36570,S.C.G.
2016,Round 23,27-Aug-2016,North Melbourne,Greater Western Sydney,63,100,22295,Docklands
2016,Round 23,27-Aug-2016,Gold Coast,Port Adelaide,66,89,9213,Carrara
2016,Round 23,28-Aug-2016,St Kilda,Brisbane Lions,161,103,19633,Docklands
2016,Round 23,28-Aug-2016,Hawthorn,Collingwood,112,111,52968,M.C.G.
2016,Round 23,28-Aug-2016,Fremantle,Western Bulldogs,69,49,34765,Subiaco
2016,Elimination Final,08-Sep-2016,West Coast,Western Bulldogs,52,99,42078,Subiaco
2016,Qualifying Final,09-Sep-2016,Geelong,Hawthorn,85,83,87533,M.C.G.
2016,Qualifying Final,10-Sep-2016,Sydney,Greater Western Sydney,55,91,60222,Stadium Australia
2016,Elimination Final,10-Sep-2016,Adelaide,North Melbourne,141,79,49007,Adelaide Oval
2016,Semi Final,16-Sep-2016,Hawthorn,Western Bulldogs,84,107,87823,M.C.G.
2016,Semi Final,17-Sep-2016,Sydney,Adelaide,118,82,38136,S.C.G.
2016,Preliminary Final,23-Sep-2016,Geelong,Sydney,60,97,71772,M.C.G.
2016,Preliminary Final,24-Sep-2016,Greater Western Sydney,Western Bulldogs,83,89,21790,Sydney Showground
2016,Grand Final,01-Oct-2016,Sydney,Western Bulldogs,67,89,99981,M.C.G.
2017,Round 1,23-Mar-2017,Carlton,Richmond,89,132,73137,M.C.G.
2017,Round 1,24-Mar-2017,Collingwood,Western Bulldogs,86,100,66254,M.C.G.
2017,Round 1,25-Mar-2017,St Kilda,Melbourne,90,120,36249,Docklands
2017,Round 1,25-Mar-2017,Sydney,Port Adelaide,82,110,33129,S.C.G.
2017,Round 1,25-Mar-2017,Essendon,Hawthorn,116,91,78294,M.C.G.
2017,Round 1,25-Mar-2017,Gold Coast,Brisbane Lions,96,98,12710,Carrara
2017,Round 1,26-Mar-2017,North Melbourne,West Coast,93,136,21997,Docklands
2017,Round 1,26-Mar-2017,Adelaide,Greater Western Sydney,147,91,43993,Adelaide Oval
2017,Round 1,26-Mar-2017,Fremantle,Geelong,73,115,34638,Subiaco
2017,Round 2,30-Mar-2017,Richmond,Collingwood,99,80,58236,M.C.G.
2017,Round 2,31-Mar-2017,Western Bulldogs,Sydney,110,87,42834,Docklands
2017,Round 2,01-Apr-2017,Hawthorn,Adelaide,89,113,37420,M.C.G.
2017,Round 2,01-Apr-2017,Greater Western Sydney,Gold Coast,160,58,8022,Sydney Showground
2017,Round 2,01-Apr-2017,Brisbane Lions,Essendon,84,111,21749,Gabba
2017,Round 2,01-Apr-2017,West Coast,St Kilda,116,97,37749,Subiaco
2017,Round 2,02-Apr-2017,Geelong,North Melbourne,112,111,30917,Docklands
2017,Round 2,02-Apr-2017,Melbourne,Carlton,86,64,46727,M.C.G.
2017,Round 2,02-Apr-2017,Port Adelaide,Fremantle,145,56,38388,Adelaide Oval
2017,Round 3,07-Apr-2017,Sydney,Collingwood,79,80,35310,S.C.G.
2017,Round 3,08-Apr-2017,North Melbourne,Greater Western Sydney,67,109,8758,Bellerive Oval
2017,Round 3,08-Apr-2017,Richmond,West Coast,76,65,42523,M.C.G.
2017,Round 3,08-Apr-2017,Geelong,Melbourne,126,97,29733,Docklands
2017,Round 3,08-Apr-2017,Fremantle,Western Bulldogs,89,73,28865,Subiaco
2017,Round 3,08-Apr-2017,Port Adelaide,Adelaide,83,100,53698,Adelaide Oval
2017,Round 3,09-Apr-2017,St Kilda,Brisbane Lions,107,76,23097,Docklands
2017,Round 3,09-Apr-2017,Carlton,Essendon,57,42,48022,M.C.G.
2017,Round 3,09-Apr-2017,Gold Coast,Hawthorn,139,53,14728,Carrara
2017,Round 4,13-Apr-2017,West Coast,Sydney,91,65,38063,Subiaco
2017,Round 4,14-Apr-2017,North Melbourne,Western Bulldogs,86,89,42814,Docklands
2017,Round 4,15-Apr-2017,Melbourne,Fremantle,104,106,27829,M.C.G.
2017,Round 4,15-Apr-2017,Greater Western Sydney,Port Adelaide,112,81,9185,Manuka Oval
2017,Round 4,15-Apr-2017,Carlton,Gold Coast,82,108,24968,Docklands
2017,Round 4,15-Apr-2017,Adelaide,Essendon,153,88,47492,Adelaide Oval
2017,Round 4,16-Apr-2017,Collingwood,St Kilda,55,69,36650,Docklands
2017,Round 4,16-Apr-2017,Brisbane Lions,Richmond,67,119,21669,Gabba
2017,Round 4,17-Apr-2017,Hawthorn,Geelong,48,134,62360,M.C.G.
2017,Round 5,21-Apr-2017,Port Adelaide,Carlton,137,47,43120,Adelaide Oval
2017,Round 5,22-Apr-2017,Western Bulldogs,Brisbane Lions,122,90,31822,Docklands
2017,Round 5,22-Apr-2017,Gold Coast,Adelaide,86,153,12672,Carrara
2017,Round 5,22-Apr-2017,Sydney,Greater Western Sydney,63,105,34824,S.C.G.
2017,Round 5,22-Apr-2017,Fremantle,North Melbourne,67,62,33319,Subiaco
2017,Round 5,23-Apr-2017,St Kilda,Geelong,88,126,33884,Docklands
2017,Round 5,23-Apr-2017,Hawthorn,West Coast,125,75,28997,M.C.G.
2017,Round 5,24-Apr-2017,Richmond,Melbourne,88,75,85657,M.C.G.
2017,Round 5,25-Apr-2017,Essendon,Collingwood,100,82,87685,M.C.G.
2017,Round 6,28-Apr-2017,Greater Western Sydney,Western Bulldogs,75,73,14048,Manuka Oval
2017,Round 6,29-Apr-2017,Hawthorn,St Kilda,55,130,15571,York Park
2017,Round 6,29-Apr-2017,Carlton,Sydney,97,78,32678,M.C.G.
2017,Round 6,29-Apr-2017,Brisbane Lions,Port Adelaide,67,150,13638,Gabba
2017,Round 6,29-Apr-2017,North Melbourne,Gold Coast,107,94,15431,Docklands
2017,Round 6,29-Apr-2017,West Coast,Fremantle,103,62,40836,Subiaco
2017,Round 6,30-Apr-2017,Essendon,Melbourne,74,112,44040,Docklands
2017,Round 6,30-Apr-2017,Geelong,Collingwood,78,107,46457,M.C.G.
2017,Round 6,30-Apr-2017,Adelaide,Richmond,140,64,51069,Adelaide Oval
2017,Round 7,05-May-2017,St Kilda,Greater Western Sydney,108,85,21160,Docklands
2017,Round 7,06-May-2017,North Melbourne,Adelaide,145,86,10064,Bellerive Oval
2017,Round 7,06-May-2017,Collingwood,Carlton,56,79,70279,M.C.G.
2017,Round 7,06-May-2017,Port Adelaide,West Coast,87,97,38333,Adelaide Oval
2017,Round 7,06-May-2017,Western Bulldogs,Richmond,80,75,46387,Docklands
2017,Round 7,06-May-2017,Gold Coast,Geelong,124,99,13648,Carrara
2017,Round 7,07-May-2017,Sydney,Brisbane Lions,135,81,25619,S.C.G.
2017,Round 7,07-May-2017,Melbourne,Hawthorn,91,94,38693,M.C.G.
2017,Round 7,07-May-2017,Fremantle,Essendon,116,79,33393,Subiaco
2017,Round 8,12-May-2017,West Coast,Western Bulldogs,69,61,38934,Subiaco
2017,Round 8,13-May-2017,Hawthorn,Brisbane Lions,113,75,10553,York Park
2017,Round 8,13-May-2017,St Kilda,Carlton,85,66,38014,Docklands
2017,Round 8,13-May-2017,Greater Western Sydney,Collingwood,102,99,11360,Sydney Showground
2017,Round 8,13-May-2017,Essendon,Geelong,110,93,57173,M.C.G.
2017,Round 8,13-May-2017,Adelaide,Melbourne,66,107,47882,Adelaide Oval
2017,Round 8,14-May-2017,Richmond,Fremantle,70,72,31200,M.C.G.
2017,Round 8,14-May-2017,Gold Coast,Port Adelaide,38,110,10118,Jiangwan Stadium
2017,Round 8,14-May-2017,North Melbourne,Sydney,78,120,21589,Docklands
2017,Round 9,19-May-2017,Geelong,Western Bulldogs,104,81,30275,Kardinia Park
2017,Round 9,20-May-2017,St Kilda,Sydney,68,118,29778,Docklands
2017,Round 9,20-May-2017,Greater Western Sydney,Richmond,78,75,10677,Sydney Showground
2017,Round 9,20-May-2017,Brisbane Lions,Adelaide,60,140,13802,Gabba
2017,Round 9,20-May-2017,Collingwood,Hawthorn,90,72,54252,M.C.G.
2017,Round 9,21-May-2017,Essendon,West Coast,125,64,36403,Docklands
2017,Round 9,21-May-2017,Melbourne,North Melbourne,90,104,33218,M.C.G.
2017,Round 9,21-May-2017,Fremantle,Carlton,86,51,30313,Subiaco
2017,Round 10,25-May-2017,Geelong,Port Adelaide,81,79,24909,Kardinia Park
2017,Round 10,26-May-2017,Sydney,Hawthorn,75,81,36221,S.C.G.
2017,Round 10,27-May-2017,Western Bulldogs,St Kilda,90,50,34685,Docklands
2017,Round 10,27-May-2017,Melbourne,Gold Coast,122,87,5072,Traeger Park
2017,Round 10,27-May-2017,Richmond,Essendon,81,66,85565,M.C.G.
2017,Round 10,27-May-2017,Adelaide,Fremantle,143,43,42415,Adelaide Oval
2017,Round 10,28-May-2017,Collingwood,Brisbane Lions,129,84,32750,M.C.G.
2017,Round 10,28-May-2017,Carlton,North Melbourne,96,113,32802,Docklands
2017,Round 10,28-May-2017,West Coast,Greater Western Sydney,90,98,37057,Subiaco
2017,Round 11,01-Jun-2017,Port Adelaide,Hawthorn,98,47,37910,Adelaide Oval
2017,Round 11,02-Jun-2017,Geelong,Adelaide,96,74,30458,Kardinia Park
2017,Round 11,03-Jun-2017,Gold Coast,West Coast,80,77,11402,Carrara
2017,Round 11,03-Jun-2017,Greater Western Sydney,Essendon,117,101,13671,Sydney Showground
2017,Round 11,03-Jun-2017,North Melbourne,Richmond,66,101,36100,Docklands
2017,Round 11,04-Jun-2017,Fremantle,Collingwood,85,105,34259,Subiaco
2017,Round 12,08-Jun-2017,Sydney,Western Bulldogs,88,42,20692,S.C.G.
2017,Round 12,09-Jun-2017,Adelaide,St Kilda,111,54,46082,Adelaide Oval
2017,Round 12,10-Jun-2017,Hawthorn,Gold Coast,79,95,27392,M.C.G.
2017,Round 12,10-Jun-2017,Brisbane Lions,Fremantle,121,64,11742,Gabba
2017,Round 12,10-Jun-2017,Essendon,Port Adelaide,131,61,34022,Docklands
2017,Round 12,11-Jun-2017,Carlton,Greater Western Sydney,71,70,23194,Docklands
2017,Round 12,12-Jun-2017,Melbourne,Collingwood,104,100,70926,M.C.G.
2017,Round 13,15-Jun-2017,West Coast,Geelong,83,70,35719,Subiaco
2017,Round 13,16-Jun-2017,North Melbourne,St Kilda,72,89,26107,Docklands
2017,Round 13,17-Jun-2017,Richmond,Sydney,71,80,58721,M.C.G.
2017,Round 13,17-Jun-2017,Port Adelaide,Brisbane Lions,121,81,31772,Adelaide Oval
2017,Round 13,17-Jun-2017,Gold Coast,Carlton,73,83,11936,Carrara
2017,Round 13,18-Jun-2017,Western Bulldogs,Melbourne,56,113,33667,Docklands
2017,Round 14,22-Jun-2017,Adelaide,Hawthorn,82,96,45312,Adelaide Oval
2017,Round 14,23-Jun-2017,Sydney,Essendon,86,85,34575,S.C.G.
2017,Round 14,24-Jun-2017,Collingwood,Port Adelaide,62,93,35933,M.C.G.
2017,Round 14,24-Jun-2017,Brisbane Lions,Greater Western Sydney,86,146,11455,Gabba
2017,Round 14,24-Jun-2017,Western Bulldogs,North Melbourne,107,106,28263,Docklands
2017,Round 14,24-Jun-2017,West Coast,Melbourne,96,99,36622,Subiaco
2017,Round 14,25-Jun-2017,Geelong,Fremantle,74,72,29928,Kardinia Park
2017,Round 14,25-Jun-2017,Richmond,Carlton,84,58,64448,M.C.G.
2017,Round 14,25-Jun-2017,St Kilda,Gold Coast,103,72,16844,Docklands
2017,Round 15,30-Jun-2017,Melbourne,Sydney,50,85,47464,M.C.G.
2017,Round 15,01-Jul-2017,Western Bulldogs,West Coast,80,87,29671,Docklands
2017,Round 15,01-Jul-2017,Carlton,Adelaide,77,89,33433,M.C.G.
2017,Round 15,01-Jul-2017,Gold Coast,North Melbourne,118,99,12779,Carrara
2017,Round 15,01-Jul-2017,Greater Western Sydney,Geelong,68,68,15007,Sydney Showground
2017,Round 15,01-Jul-2017,Port Adelaide,Richmond,63,76,39979,Adelaide Oval
2017,Round 15,02-Jul-2017,Essendon,Brisbane Lions,82,90,41246,Docklands
2017,Round 15,02-Jul-2017,Hawthorn,Collingwood,118,94,56593,M.C.G.
2017,Round 15,02-Jul-2017,Fremantle,St Kilda,80,89,30541,Subiaco
2017,Round 16,07-Jul-2017,Adelaide,Western Bulldogs,104,45,41948,Adelaide Oval
2017,Round 16,08-Jul-2017,Hawthorn,Greater Western Sydney,97,97,12156,York Park
2017,Round 16,08-Jul-2017,Collingwood,Essendon,80,117,63537,M.C.G.
2017,Round 16,08-Jul-2017,Sydney,Gold Coast,118,51,32987,S.C.G.
2017,Round 16,08-Jul-2017,Brisbane Lions,Geelong,78,163,18769,Gabba
2017,Round 16,08-Jul-2017,St Kilda,Richmond,138,71,47514,Docklands
2017,Round 16,09-Jul-2017,North Melbourne,Fremantle,82,86,19267,Docklands
2017,Round 16,09-Jul-2017,Carlton,Melbourne,82,90,47266,M.C.G.
2017,Round 16,09-Jul-2017,West Coast,Port Adelaide,88,120,36766,Subiaco
2017,Round 17,14-Jul-2017,St Kilda,Essendon,57,118,47156,Docklands
2017,Round 17,15-Jul-2017,Geelong,Hawthorn,88,85,70345,M.C.G.
2017,Round 17,15-Jul-2017,Port Adelaide,North Melbourne,127,57,34138,Adelaide Oval
2017,Round 17,15-Jul-2017,Gold Coast,Collingwood,88,103,17275,Carrara
2017,Round 17,15-Jul-2017,Greater Western Sydney,Sydney,83,96,21924,Sydney Showground
2017,Round 17,15-Jul-2017,Melbourne,Adelaide,70,116,12104,Marrara Oval
2017,Round 17,16-Jul-2017,Richmond,Brisbane Lions,112,81,28188,Docklands
2017,Round 17,16-Jul-2017,Carlton,Western Bulldogs,62,82,35157,M.C.G.
2017,Round 17,16-Jul-2017,Fremantle,West Coast,44,74,38722,Subiaco
2017,Round 18,21-Jul-2017,Adelaide,Geelong,91,70,50464,Adelaide Oval
2017,Round 18,22-Jul-2017,Essendon,North Melbourne,132,105,40359,Docklands
2017,Round 18,22-Jul-2017,Melbourne,Port Adelaide,88,65,27068,M.C.G.
2017,Round 18,22-Jul-2017,Western Bulldogs,Gold Coast,110,56,9364,Cazaly's Stadium
2017,Round 18,22-Jul-2017,Sydney,St Kilda,101,59,35773,S.C.G.
2017,Round 18,22-Jul-2017,Fremantle,Hawthorn,48,100,30818,Subiaco
2017,Round 18,23-Jul-2017,Richmond,Greater Western Sydney,64,45,33467,M.C.G.
2017,Round 18,23-Jul-2017,Collingwood,West Coast,93,85,22927,Docklands
2017,Round 18,23-Jul-2017,Brisbane Lions,Carlton,112,82,18847,Gabba
2017,Round 19,28-Jul-2017,Hawthorn,Sydney,72,66,52181,M.C.G.
2017,Round 19,29-Jul-2017,North Melbourne,Melbourne,76,72,13939,Bellerive Oval
2017,Round 19,29-Jul-2017,Greater Western Sydney,Fremantle,98,86,11233,Sydney Showground
2017,Round 19,29-Jul-2017,Port Adelaide,St Kilda,63,61,30335,Adelaide Oval
2017,Round 19,29-Jul-2017,Carlton,Geelong,58,123,35460,Docklands
2017,Round 19,29-Jul-2017,Gold Coast,Richmond,65,98,16207,Carrara
2017,Round 19,30-Jul-2017,Western Bulldogs,Essendon,127,97,48754,Docklands
2017,Round 19,30-Jul-2017,Collingwood,Adelaide,103,103,33269,M.C.G.
2017,Round 19,30-Jul-2017,West Coast,Brisbane Lions,113,45,32652,Subiaco
2017,Round 20,04-Aug-2017,Geelong,Sydney,61,107,30833,Kardinia Park
2017,Round 20,05-Aug-2017,Greater Western Sydney,Melbourne,97,62,14274,Manuka Oval
2017,Round 20,05-Aug-2017,Essendon,Carlton,84,76,58562,M.C.G.
2017,Round 20,05-Aug-2017,Brisbane Lions,Western Bulldogs,89,103,16148,Gabba
2017,Round 20,05-Aug-2017,North Melbourne,Collingwood,57,111,33394,Docklands
2017,Round 20,05-Aug-2017,Fremantle,Gold Coast,90,67,27050,Subiaco
2017,Round 20,06-Aug-2017,St Kilda,West Coast,103,95,22688,Docklands
2017,Round 20,06-Aug-2017,Richmond,Hawthorn,93,64,58342,M.C.G.
2017,Round 20,06-Aug-2017,Adelaide,Port Adelaide,130,46,45028,Adelaide Oval
2017,Round 21,11-Aug-2017,Western Bulldogs,Greater Western Sydney,57,105,30672,Docklands
2017,Round 21,12-Aug-2017,Sydney,Fremantle,143,39,39281,S.C.G.
2017,Round 21,12-Aug-2017,Geelong,Richmond,80,66,32266,Kardinia Park
2017,Round 21,12-Aug-2017,Brisbane Lions,Gold Coast,142,84,17772,Gabba
2017,Round 21,12-Aug-2017,Essendon,Adelaide,80,123,38487,Docklands
2017,Round 21,12-Aug-2017,West Coast,Carlton,100,83,30491,Subiaco
2017,Round 21,13-Aug-2017,Melbourne,St Kilda,96,72,53115,M.C.G.
2017,Round 21,13-Aug-2017,Hawthorn,North Melbourne,116,89,14509,York Park
2017,Round 21,13-Aug-2017,Port Adelaide,Collingwood,98,71,37533,Adelaide Oval
2017,Round 22,18-Aug-2017,Adelaide,Sydney,80,83,51466,Adelaide Oval
2017,Round 22,19-Aug-2017,Western Bulldogs,Port Adelaide,79,96,10087,Eureka Stadium
2017,Round 22,19-Aug-2017,Collingwood,Geelong,59,70,47889,M.C.G.
2017,Round 22,19-Aug-2017,Greater Western Sydney,West Coast,81,60,15751,Sydney Showground
2017,Round 22,19-Aug-2017,Carlton,Hawthorn,77,70,35799,Docklands
2017,Round 22,19-Aug-2017,Gold Coast,Essendon,57,90,16817,Carrara
2017,Round 22,20-Aug-2017,Melbourne,Brisbane Lions,104,91,30422,M.C.G.
2017,Round 22,20-Aug-2017,St Kilda,North Melbourne,127,78,29126,Docklands
2017,Round 22,20-Aug-2017,Fremantle,Richmond,51,155,34204,Subiaco
2017,Round 23,25-Aug-2017,Hawthorn,Western Bulldogs,99,90,48090,Docklands
2017,Round 23,26-Aug-2017,Collingwood,Melbourne,99,83,51223,M.C.G.
2017,Round 23,26-Aug-2017,Brisbane Lions,North Melbourne,79,130,15416,Gabba
2017,Round 23,26-Aug-2017,Sydney,Carlton,138,57,38965,S.C.G.
2017,Round 23,26-Aug-2017,Geelong,Greater Western Sydney,103,59,30087,Kardinia Park
2017,Round 23,26-Aug-2017,Port Adelaide,Gold Coast,135,20,34288,Adelaide Oval
2017,Round 23,27-Aug-2017,Essendon,Fremantle,107,92,42665,Docklands
2017,Round 23,27-Aug-2017,Richmond,St Kilda,122,81,69104,M.C.G.
2017,Round 23,27-Aug-2017,West Coast,Adelaide,100,71,39367,Subiaco
2017,Qualifying Final,07-Sep-2017,Adelaide,Greater Western Sydney,84,48,52805,Adelaide Oval
2017,Qualifying Final,08-Sep-2017,Geelong,Richmond,40,91,95028,M.C.G.
2017,Elimination Final,09-Sep-2017,Sydney,Essendon,121,56,46323,S.C.G.
2017,Elimination Final,09-Sep-2017,Port Adelaide,West Coast,76,78,41172,Adelaide Oval
2017,Semi Final,15-Sep-2017,Geelong,Sydney,98,39,55529,M.C.G.
2017,Semi Final,16-Sep-2017,Greater Western Sydney,West Coast,125,58,14865,Sydney Showground
2017,Preliminary Final,22-Sep-2017,Adelaide,Geelong,136,75,53817,Adelaide Oval
2017,Preliminary Final,23-Sep-2017,Richmond,Greater Western Sydney,103,67,94258,M.C.G.
2017,Grand Final,30-Sep-2017,Adelaide,Richmond,60,108,100021,M.C.G.
2018,Round 1,22-Mar-2018,Richmond,Carlton,121,95,90151,M.C.G.
2018,Round 1,23-Mar-2018,Essendon,Adelaide,99,87,43016,Docklands
2018,Round 1,24-Mar-2018,St Kilda,Brisbane Lions,107,82,23731,Docklands
2018,Round 1,24-Mar-2018,Port Adelaide,Fremantle,110,60,38324,Adelaide Oval
2018,Round 1,24-Mar-2018,Gold Coast,North Melbourne,55,39,3722,Cazaly's Stadium
2018,Round 1,24-Mar-2018,Hawthorn,Collingwood,101,67,58051,M.C.G.
2018,Round 1,25-Mar-2018,Greater Western Sydney,Western Bulldogs,133,51,10454,Manuka Oval
2018,Round 1,25-Mar-2018,Melbourne,Geelong,94,97,54112,M.C.G.
2018,Round 1,25-Mar-2018,West Coast,Sydney,86,115,53553,Perth Stadium
2018,Round 2,29-Mar-2018,Adelaide,Richmond,118,82,49743,Adelaide Oval
2018,Round 2,30-Mar-2018,North Melbourne,St Kilda,95,43,33966,Docklands
2018,Round 2,31-Mar-2018,Carlton,Gold Coast,67,101,28025,Docklands
2018,Round 2,31-Mar-2018,Collingwood,Greater Western Sydney,79,95,30941,M.C.G.
2018,Round 2,31-Mar-2018,Brisbane Lions,Melbourne,74,100,17141,Gabba
2018,Round 2,31-Mar-2018,Fremantle,Essendon,106,90,49021,Perth Stadium
2018,Round 2,01-Apr-2018,Western Bulldogs,West Coast,70,121,22868,Docklands
2018,Round 2,01-Apr-2018,Sydney,Port Adelaide,71,94,34636,S.C.G.
2018,Round 2,02-Apr-2018,Geelong,Hawthorn,117,118,73189,M.C.G.
2018,Round 3,06-Apr-2018,Carlton,Collingwood,76,100,68548,M.C.G.
2018,Round 3,07-Apr-2018,Port Adelaide,Brisbane Lions,97,92,36363,Adelaide Oval
2018,Round 3,07-Apr-2018,Melbourne,North Melbourne,123,86,35518,M.C.G.
2018,Round 3,07-Apr-2018,Gold Coast,Fremantle,68,96,33388,Perth Stadium
2018,Round 3,07-Apr-2018,St Kilda,Adelaide,55,104,19324,Docklands
2018,Round 3,07-Apr-2018,Sydney,Greater Western Sydney,103,87,34711,S.C.G.
2018,Round 3,08-Apr-2018,Richmond,Hawthorn,102,89,70701,M.C.G.
2018,Round 3,08-Apr-2018,Western Bulldogs,Essendon,104,83,40499,Docklands
2018,Round 3,08-Apr-2018,West Coast,Geelong,95,80,54535,Perth Stadium
2018,Round 4,13-Apr-2018,Adelaide,Collingwood,58,106,45495,Adelaide Oval
2018,Round 4,14-Apr-2018,Greater Western Sydney,Fremantle,82,51,11356,Manuka Oval
2018,Round 4,14-Apr-2018,Richmond,Brisbane Lions,110,17,32870,M.C.G.
2018,Round 4,14-Apr-2018,Western Bulldogs,Sydney,79,86,28058,Docklands
2018,Round 4,14-Apr-2018,North Melbourne,Carlton,116,30,14266,Bellerive Oval
2018,Round 4,14-Apr-2018,West Coast,Gold Coast,139,59,51774,Perth Stadium
2018,Round 4,15-Apr-2018,Essendon,Port Adelaide,106,84,30900,Docklands
2018,Round 4,15-Apr-2018,Hawthorn,Melbourne,115,48,41973,M.C.G.
2018,Round 4,15-Apr-2018,Geelong,St Kilda,103,56,27338,Kardinia Park
2018,Round 5,20-Apr-2018,Sydney,Adelaide,75,85,38017,S.C.G.
2018,Round 5,21-Apr-2018,St Kilda,Greater Western Sydney,73,73,14956,Docklands
2018,Round 5,21-Apr-2018,Carlton,West Coast,69,79,27900,M.C.G.
2018,Round 5,21-Apr-2018,Port Adelaide,Geelong,50,84,45372,Adelaide Oval
2018,Round 5,21-Apr-2018,Fremantle,Western Bulldogs,108,54,43056,Perth Stadium
2018,Round 5,22-Apr-2018,North Melbourne,Hawthorn,98,70,27981,Docklands
2018,Round 5,22-Apr-2018,Brisbane Lions,Gold Coast,71,76,16087,Gabba
2018,Round 5,24-Apr-2018,Melbourne,Richmond,56,102,77071,M.C.G.
2018,Round 5,25-Apr-2018,Collingwood,Essendon,101,52,91440,M.C.G.
2018,Round 6,27-Apr-2018,Western Bulldogs,Carlton,80,59,33915,Docklands
2018,Round 6,28-Apr-2018,Geelong,Sydney,69,86,31036,Kardinia Park
2018,Round 6,28-Apr-2018,North Melbourne,Port Adelaide,69,102,17617,Docklands
2018,Round 6,28-Apr-2018,Greater Western Sydney,Brisbane Lions,77,43,10046,Sydney Showground
2018,Round 6,28-Apr-2018,Hawthorn,St Kilda,89,54,15741,York Park
2018,Round 6,28-Apr-2018,Adelaide,Gold Coast,110,62,44835,Adelaide Oval
2018,Round 6,29-Apr-2018,Essendon,Melbourne,72,108,35964,Docklands
2018,Round 6,29-Apr-2018,Collingwood,Richmond,70,113,72157,M.C.G.
2018,Round 6,29-Apr-2018,Fremantle,West Coast,81,89,56521,Perth Stadium
2018,Round 7,04-May-2018,Geelong,Greater Western Sydney,93,32,25079,Kardinia Park
2018,Round 7,05-May-2018,Western Bulldogs,Gold Coast,81,72,6833,Eureka Stadium
2018,Round 7,05-May-2018,Essendon,Hawthorn,67,90,53018,M.C.G.
2018,Round 7,05-May-2018,West Coast,Port Adelaide,102,60,50516,Perth Stadium
2018,Round 7,05-May-2018,Sydney,North Melbourne,66,68,29124,S.C.G.
2018,Round 7,05-May-2018,Adelaide,Carlton,125,70,47422,Adelaide Oval
2018,Round 7,06-May-2018,Richmond,Fremantle,110,33,43240,M.C.G.
2018,Round 7,06-May-2018,St Kilda,Melbourne,67,106,25496,Docklands
2018,Round 7,06-May-2018,Brisbane Lions,Collingwood,114,121,21850,Gabba
2018,Round 8,11-May-2018,Hawthorn,Sydney,71,79,32784,M.C.G.
2018,Round 8,12-May-2018,Greater Western Sydney,West Coast,61,86,9253,Sydney Showground
2018,Round 8,12-May-2018,Carlton,Essendon,91,78,44669,M.C.G.
2018,Round 8,12-May-2018,Gold Coast,Melbourne,77,146,6060,Gabba
2018,Round 8,12-May-2018,Port Adelaide,Adelaide,95,90,50967,Adelaide Oval
2018,Round 8,12-May-2018,Western Bulldogs,Brisbane Lions,107,93,20865,Docklands
2018,Round 8,12-May-2018,Fremantle,St Kilda,89,59,41752,Perth Stadium
2018,Round 8,13-May-2018,North Melbourne,Richmond,72,82,29153,Docklands
2018,Round 8,13-May-2018,Collingwood,Geelong,45,66,44602,M.C.G.
2018,Round 9,18-May-2018,Adelaide,Western Bulldogs,63,26,39407,Adelaide Oval
2018,Round 9,19-May-2018,North Melbourne,Greater Western Sydney,112,69,7194,Bellerive Oval
2018,Round 9,19-May-2018,Gold Coast,Port Adelaide,42,82,10689,Jiangwan Stadium
2018,Round 9,19-May-2018,Essendon,Geelong,84,50,50228,M.C.G.
2018,Round 9,19-May-2018,St Kilda,Collingwood,72,100,33994,Docklands
2018,Round 9,19-May-2018,Sydney,Fremantle,111,52,27481,S.C.G.
2018,Round 9,20-May-2018,Carlton,Melbourne,50,159,44142,M.C.G.
2018,Round 9,20-May-2018,Brisbane Lions,Hawthorn,129,73,20628,Gabba
2018,Round 9,20-May-2018,West Coast,Richmond,130,83,57616,Perth Stadium
2018,Round 10,25-May-2018,Collingwood,Western Bulldogs,90,55,37985,Docklands
2018,Round 10,26-May-2018,Richmond,St Kilda,105,77,48850,M.C.G.
2018,Round 10,26-May-2018,Brisbane Lions,Sydney,49,67,18702,Gabba
2018,Round 10,26-May-2018,Geelong,Carlton,73,45,31090,Kardinia Park
2018,Round 10,26-May-2018,Greater Western Sydney,Essendon,60,95,10789,Sydney Showground
2018,Round 10,27-May-2018,Hawthorn,West Coast,60,75,28077,Docklands
2018,Round 10,27-May-2018,Melbourne,Adelaide,146,55,6989,Traeger Park
2018,Round 10,27-May-2018,Fremantle,North Melbourne,58,86,37575,Perth Stadium
2018,Round 11,01-Jun-2018,Sydney,Carlton,91,61,27351,S.C.G.
2018,Round 11,02-Jun-2018,Western Bulldogs,Melbourne,51,100,28485,Docklands
2018,Round 11,02-Jun-2018,Hawthorn,Port Adelaide,64,61,13007,York Park
2018,Round 11,02-Jun-2018,Gold Coast,Geelong,36,121,17490,Carrara
2018,Round 11,02-Jun-2018,Essendon,Richmond,43,114,81046,M.C.G.
2018,Round 11,02-Jun-2018,West Coast,St Kilda,101,88,54188,Perth Stadium
2018,Round 11,03-Jun-2018,North Melbourne,Brisbane Lions,141,87,22133,Docklands
2018,Round 11,03-Jun-2018,Collingwood,Fremantle,138,77,34542,M.C.G.
2018,Round 11,03-Jun-2018,Adelaide,Greater Western Sydney,81,97,44120,Adelaide Oval
2018,Round 12,08-Jun-2018,Port Adelaide,Richmond,72,58,39936,Adelaide Oval
2018,Round 12,09-Jun-2018,Geelong,North Melbourne,96,59,31265,Kardinia Park
2018,Round 12,09-Jun-2018,Greater Western Sydney,Gold Coast,134,26,7131,Sydney Showground
2018,Round 12,09-Jun-2018,St Kilda,Sydney,55,126,27569,Docklands
2018,Round 12,10-Jun-2018,Brisbane Lions,Essendon,62,84,20476,Gabba
2018,Round 12,10-Jun-2018,Fremantle,Adelaide,71,68,33421,Perth Stadium
2018,Round 12,11-Jun-2018,Melbourne,Collingwood,91,133,83518,M.C.G.
2018,Round 13,14-Jun-2018,Port Adelaide,Western Bulldogs,132,75,26137,Adelaide Oval
2018,Round 13,15-Jun-2018,Sydney,West Coast,72,57,36402,S.C.G.
2018,Round 13,16-Jun-2018,Carlton,Fremantle,46,103,21430,Docklands
2018,Round 13,16-Jun-2018,Gold Coast,St Kilda,78,80,10181,Carrara
2018,Round 13,16-Jun-2018,Hawthorn,Adelaide,88,32,26693,M.C.G.
2018,Round 13,17-Jun-2018,Geelong,Richmond,65,83,46423,M.C.G.
2018,Round 14,21-Jun-2018,West Coast,Essendon,52,80,51409,Perth Stadium
2018,Round 14,22-Jun-2018,Port Adelaide,Melbourne,75,65,40751,Adelaide Oval
2018,Round 14,23-Jun-2018,Hawthorn,Gold Coast,96,43,9007,York Park
2018,Round 14,23-Jun-2018,Brisbane Lions,Greater Western Sydney,82,109,11267,Gabba
2018,Round 14,23-Jun-2018,Western Bulldogs,North Melbourne,75,77,26301,Docklands
2018,Round 14,24-Jun-2018,Collingwood,Carlton,79,59,53706,M.C.G.
2018,Round 15,28-Jun-2018,Richmond,Sydney,93,67,43519,Docklands
2018,Round 15,29-Jun-2018,Western Bulldogs,Geelong,103,101,29499,Docklands
2018,Round 15,30-Jun-2018,Carlton,Port Adelaide,69,90,26562,M.C.G.
2018,Round 15,30-Jun-2018,Adelaide,West Coast,88,78,44771,Adelaide Oval
2018,Round 15,30-Jun-2018,Gold Coast,Collingwood,60,99,13637,Carrara
2018,Round 15,30-Jun-2018,Greater Western Sydney,Hawthorn,95,84,10866,Sydney Showground
2018,Round 15,01-Jul-2018,Melbourne,St Kilda,117,119,38910,M.C.G.
2018,Round 15,01-Jul-2018,Essendon,North Melbourne,125,108,45580,Docklands
2018,Round 15,01-Jul-2018,Fremantle,Brisbane Lions,64,119,41674,Perth Stadium
2018,Round 16,05-Jul-2018,Sydney,Geelong,59,71,34363,S.C.G.
2018,Round 16,06-Jul-2018,Richmond,Adelaide,103,56,54934,M.C.G.
2018,Round 16,07-Jul-2018,Brisbane Lions,Carlton,120,55,21074,Gabba
2018,Round 16,07-Jul-2018,Port Adelaide,St Kilda,86,50,36253,Adelaide Oval
2018,Round 16,07-Jul-2018,Western Bulldogs,Hawthorn,59,122,35320,Docklands
2018,Round 16,07-Jul-2018,Melbourne,Fremantle,102,48,8689,Marrara Oval
2018,Round 16,08-Jul-2018,North Melbourne,Gold Coast,95,58,14389,Docklands
2018,Round 16,08-Jul-2018,Essendon,Collingwood,62,78,69868,M.C.G.
2018,Round 16,08-Jul-2018,West Coast,Greater Western Sydney,86,75,52105,Perth Stadium
2018,Round 17,12-Jul-2018,Adelaide,Geelong,112,97,46095,Adelaide Oval
2018,Round 17,13-Jul-2018,St Kilda,Carlton,116,52,33780,Docklands
2018,Round 17,14-Jul-2018,Hawthorn,Brisbane Lions,65,98,12557,York Park
2018,Round 17,14-Jul-2018,Melbourne,Western Bulldogs,119,69,31053,M.C.G.
2018,Round 17,14-Jul-2018,Gold Coast,Essendon,51,95,13061,Carrara
2018,Round 17,14-Jul-2018,Greater Western Sydney,Richmond,79,77,14456,Sydney Showground
2018,Round 17,15-Jul-2018,Collingwood,West Coast,67,102,53439,M.C.G.
2018,Round 17,15-Jul-2018,North Melbourne,Sydney,98,104,25633,Docklands
2018,Round 17,15-Jul-2018,Fremantle,Port Adelaide,59,50,33190,Perth Stadium
2018,Round 18,20-Jul-2018,St Kilda,Richmond,57,111,36269,Docklands
2018,Round 18,21-Jul-2018,Collingwood,North Melbourne,130,64,50393,M.C.G.
2018,Round 18,21-Jul-2018,Sydney,Gold Coast,64,88,32565,S.C.G.
2018,Round 18,21-Jul-2018,Essendon,Fremantle,99,70,31564,Docklands
2018,Round 18,21-Jul-2018,Brisbane Lions,Adelaide,88,93,20475,Gabba
2018,Round 18,21-Jul-2018,Geelong,Melbourne,100,98,30125,Kardinia Park
2018,Round 18,22-Jul-2018,Carlton,Hawthorn,52,124,30405,Docklands
2018,Round 18,22-Jul-2018,West Coast,Western Bulldogs,100,46,46854,Perth Stadium
2018,Round 18,22-Jul-2018,Port Adelaide,Greater Western Sydney,58,80,34693,Adelaide Oval
2018,Round 19,27-Jul-2018,Essendon,Sydney,109,66,42251,Docklands
2018,Round 19,28-Jul-2018,Richmond,Collingwood,105,77,88180,M.C.G.
2018,Round 19,28-Jul-2018,Geelong,Brisbane Lions,120,78,28226,Kardinia Park
2018,Round 19,28-Jul-2018,Greater Western Sydney,St Kilda,86,61,12014,Sydney Showground
2018,Round 19,28-Jul-2018,Gold Coast,Carlton,44,79,10776,Carrara
2018,Round 19,28-Jul-2018,Adelaide,Melbourne,77,90,45880,Adelaide Oval
2018,Round 19,29-Jul-2018,North Melbourne,West Coast,81,41,11176,Bellerive Oval
2018,Round 19,29-Jul-2018,Western Bulldogs,Port Adelaide,34,78,6450,Eureka Stadium
2018,Round 19,29-Jul-2018,Fremantle,Hawthorn,53,112,41845,Perth Stadium
2018,Round 20,03-Aug-2018,Richmond,Geelong,85,82,67054,M.C.G.
2018,Round 20,04-Aug-2018,Hawthorn,Essendon,107,103,68857,M.C.G.
2018,Round 20,04-Aug-2018,Brisbane Lions,North Melbourne,104,107,18395,Gabba
2018,Round 20,04-Aug-2018,Adelaide,Port Adelaide,96,93,50377,Adelaide Oval
2018,Round 20,04-Aug-2018,Sydney,Collingwood,73,71,39238,S.C.G.
2018,Round 20,04-Aug-2018,St Kilda,Western Bulldogs,68,103,20748,Docklands
2018,Round 20,05-Aug-2018,Carlton,Greater Western Sydney,46,151,16697,Docklands
2018,Round 20,05-Aug-2018,Melbourne,Gold Coast,143,47,23072,M.C.G.
2018,Round 20,05-Aug-2018,West Coast,Fremantle,142,84,57375,Perth Stadium
2018,Round 21,10-Aug-2018,Essendon,St Kilda,122,79,37483,Docklands
2018,Round 21,11-Aug-2018,Hawthorn,Geelong,71,60,59529,M.C.G.
2018,Round 21,11-Aug-2018,Gold Coast,Richmond,51,125,18102,Carrara
2018,Round 21,11-Aug-2018,Port Adelaide,West Coast,58,62,32534,Adelaide Oval
2018,Round 21,11-Aug-2018,Greater Western Sydney,Adelaide,106,92,13249,Manuka Oval
2018,Round 21,11-Aug-2018,Collingwood,Brisbane Lions,104,73,33390,Docklands
2018,Round 21,12-Aug-2018,North Melbourne,Western Bulldogs,85,92,27031,Docklands
2018,Round 21,12-Aug-2018,Melbourne,Sydney,78,87,51424,M.C.G.
2018,Round 21,12-Aug-2018,Fremantle,Carlton,101,72,40028,Perth Stadium
2018,Round 22,17-Aug-2018,Richmond,Essendon,81,73,76424,M.C.G.
2018,Round 22,18-Aug-2018,Collingwood,Port Adelaide,115,64,46286,M.C.G.
2018,Round 22,18-Aug-2018,Geelong,Fremantle,158,25,24507,Kardinia Park
2018,Round 22,18-Aug-2018,Greater Western Sydney,Sydney,60,80,21433,Sydney Showground
2018,Round 22,18-Aug-2018,St Kilda,Hawthorn,76,80,24795,Docklands
2018,Round 22,18-Aug-2018,Gold Coast,Brisbane Lions,74,78,11907,Carrara
2018,Round 22,19-Aug-2018,Carlton,Western Bulldogs,49,66,24143,Docklands
2018,Round 22,19-Aug-2018,West Coast,Melbourne,91,108,55824,Perth Stadium
2018,Round 22,19-Aug-2018,Adelaide,North Melbourne,86,77,41444,Adelaide Oval
2018,Round 23,24-Aug-2018,Port Adelaide,Essendon,89,111,39168,Adelaide Oval
2018,Round 23,25-Aug-2018,Geelong,Gold Coast,142,40,28004,Kardinia Park
2018,Round 23,25-Aug-2018,Richmond,Western Bulldogs,98,95,56998,M.C.G.
2018,Round 23,25-Aug-2018,Fremantle,Collingwood,67,76,41320,Perth Stadium
2018,Round 23,25-Aug-2018,Carlton,Adelaide,61,165,17000,Docklands
2018,Round 23,25-Aug-2018,Sydney,Hawthorn,74,83,39660,S.C.G.
2018,Round 23,26-Aug-2018,Brisbane Lions,West Coast,72,98,16367,Gabba
2018,Round 23,26-Aug-2018,Melbourne,Greater Western Sydney,102,57,37285,M.C.G.
2018,Round 23,26-Aug-2018,St Kilda,North Melbourne,94,117,19866,Docklands
2018,Qualifying Final,06-Sep-2018,Richmond,Hawthorn,95,64,91446,M.C.G.
2018,Elimination Final,07-Sep-2018,Melbourne,Geelong,75,46,91767,M.C.G.
2018,Elimination Final,08-Sep-2018,Sydney,Greater Western Sydney,30,79,40350,S.C.G.
2018,Qualifying Final,08-Sep-2018,West Coast,Collingwood,86,70,59585,Perth Stadium
2018,Semi Final,14-Sep-2018,Hawthorn,Melbourne,71,104,90152,M.C.G.
2018,Semi Final,15-Sep-2018,Collingwood,Greater Western Sydney,69,59,72504,M.C.G.
2018,Preliminary Final,21-Sep-2018,Richmond,Collingwood,58,97,94959,M.C.G.
2018,Preliminary Final,22-Sep-2018,West Coast,Melbourne,121,55,59608,Perth Stadium
2018,Grand Final,29-Sep-2018,West Coast,Collingwood,79,74,100022,M.C.G.
2019,Round 1,21-Mar-2019,Carlton,Richmond,64,97,85016,M.C.G.
2019,Round 1,22-Mar-2019,Collingwood,Geelong,65,72,78017,M.C.G.
2019,Round 1,23-Mar-2019,Melbourne,Port Adelaide,61,87,38866,M.C.G.
2019,Round 1,23-Mar-2019,Adelaide,Hawthorn,55,87,50180,Adelaide Oval
2019,Round 1,23-Mar-2019,Western Bulldogs,Sydney,82,65,32303,Docklands
2019,Round 1,23-Mar-2019,Brisbane Lions,West Coast,102,58,20029,Gabba
2019,Round 1,24-Mar-2019,St Kilda,Gold Coast,85,84,20291,Docklands
2019,Round 1,24-Mar-2019,Greater Western Sydney,Essendon,112,40,15424,Sydney Showground
2019,Round 1,24-Mar-2019,Fremantle,North Melbourne,141,59,40033,Perth Stadium
2019,Round 2,28-Mar-2019,Richmond,Collingwood,66,110,70699,M.C.G.
2019,Round 2,29-Mar-2019,Sydney,Adelaide,62,88,32575,S.C.G.
2019,Round 2,30-Mar-2019,Essendon,St Kilda,65,76,44252,Docklands
2019,Round 2,30-Mar-2019,Port Adelaide,Carlton,88,72,41552,Adelaide Oval
2019,Round 2,30-Mar-2019,Geelong,Melbourne,126,46,27561,Kardinia Park
2019,Round 2,30-Mar-2019,West Coast,Greater Western Sydney,104,52,54985,Perth Stadium
2019,Round 2,31-Mar-2019,North Melbourne,Brisbane Lions,87,107,23100,Docklands
2019,Round 2,31-Mar-2019,Hawthorn,Western Bulldogs,87,106,39368,M.C.G.
2019,Round 2,31-Mar-2019,Gold Coast,Fremantle,61,58,10119,Carrara
2019,Round 3,04-Apr-2019,Adelaide,Geelong,75,99,45631,Adelaide Oval
2019,Round 3,05-Apr-2019,Melbourne,Essendon,112,130,52475,M.C.G.
2019,Round 3,06-Apr-2019,Carlton,Sydney,74,93,39290,Docklands
2019,Round 3,06-Apr-2019,Greater Western Sydney,Richmond,125,76,12697,Sydney Showground
2019,Round 3,06-Apr-2019,Brisbane Lions,Port Adelaide,107,90,19958,Gabba
2019,Round 3,06-Apr-2019,Collingwood,West Coast,76,98,60878,M.C.G.
2019,Round 3,07-Apr-2019,Western Bulldogs,Gold Coast,68,73,22499,Docklands
2019,Round 3,07-Apr-2019,Hawthorn,North Melbourne,87,71,36174,M.C.G.
2019,Round 3,07-Apr-2019,Fremantle,St Kilda,71,66,38227,Perth Stadium
2019,Round 4,11-Apr-2019,Sydney,Melbourne,78,100,26669,S.C.G.
2019,Round 4,12-Apr-2019,Collingwood,Western Bulldogs,78,64,59257,M.C.G.
2019,Round 4,13-Apr-2019,Geelong,Greater Western Sydney,75,79,28780,Kardinia Park
2019,Round 4,13-Apr-2019,Essendon,Brisbane Lions,112,65,48289,M.C.G.
2019,Round 4,13-Apr-2019,Port Adelaide,Richmond,92,99,38864,Adelaide Oval
2019,Round 4,13-Apr-2019,North Melbourne,Adelaide,71,59,17207,Docklands
2019,Round 4,13-Apr-2019,West Coast,Fremantle,69,56,58219,Perth Stadium
2019,Round 4,14-Apr-2019,Gold Coast,Carlton,59,57,14176,Carrara
2019,Round 4,14-Apr-2019,St Kilda,Hawthorn,74,69,35883,Docklands
2019,Round 5,18-Apr-2019,Brisbane Lions,Collingwood,61,123,34017,Gabba
2019,Round 5,19-Apr-2019,North Melbourne,Essendon,58,116,48278,Docklands
2019,Round 5,19-Apr-2019,West Coast,Port Adelaide,53,95,49290,Perth Stadium
2019,Round 5,20-Apr-2019,Greater Western Sydney,Fremantle,82,106,11277,Manuka Oval
2019,Round 5,20-Apr-2019,Melbourne,St Kilda,55,95,35558,M.C.G.
2019,Round 5,20-Apr-2019,Richmond,Sydney,89,67,40053,Docklands
2019,Round 5,21-Apr-2019,Western Bulldogs,Carlton,57,101,35069,Docklands
2019,Round 5,21-Apr-2019,Adelaide,Gold Coast,119,46,40847,Adelaide Oval
2019,Round 5,22-Apr-2019,Hawthorn,Geelong,90,113,66347,M.C.G.
2019,Round 6,24-Apr-2019,Richmond,Melbourne,85,42,72704,M.C.G.
2019,Round 6,25-Apr-2019,Essendon,Collingwood,69,73,92241,M.C.G.
2019,Round 6,26-Apr-2019,Port Adelaide,North Melbourne,88,72,36099,Adelaide Oval
2019,Round 6,27-Apr-2019,Gold Coast,Brisbane Lions,62,111,13694,Carrara
2019,Round 6,27-Apr-2019,St Kilda,Adelaide,68,97,28404,Docklands
2019,Round 6,27-Apr-2019,Sydney,Greater Western Sydney,79,120,29780,S.C.G.
2019,Round 6,27-Apr-2019,Fremantle,Western Bulldogs,88,69,43732,Perth Stadium
2019,Round 6,28-Apr-2019,Hawthorn,Carlton,93,88,15888,York Park
2019,Round 6,28-Apr-2019,Geelong,West Coast,104,46,28085,Kardinia Park
2019,Round 7,03-May-2019,Collingwood,Port Adelaide,108,69,37559,Docklands
2019,Round 7,04-May-2019,Melbourne,Hawthorn,79,74,40864,M.C.G.
2019,Round 7,04-May-2019,Greater Western Sydney,St Kilda,114,70,12633,Manuka Oval
2019,Round 7,04-May-2019,Brisbane Lions,Sydney,103,81,20075,Gabba
2019,Round 7,04-May-2019,Western Bulldogs,Richmond,99,52,36151,Docklands
2019,Round 7,04-May-2019,West Coast,Gold Coast,80,57,47497,Perth Stadium
2019,Round 7,05-May-2019,Carlton,North Melbourne,62,120,42430,Docklands
2019,Round 7,05-May-2019,Geelong,Essendon,86,54,63527,M.C.G.
2019,Round 7,05-May-2019,Adelaide,Fremantle,51,34,42383,Adelaide Oval
2019,Round 8,10-May-2019,Sydney,Essendon,77,72,26502,S.C.G.
2019,Round 8,11-May-2019,Carlton,Collingwood,87,106,69289,M.C.G.
2019,Round 8,11-May-2019,Western Bulldogs,Brisbane Lions,92,76,9039,Eureka Stadium
2019,Round 8,11-May-2019,Gold Coast,Melbourne,60,61,9765,Carrara
2019,Round 8,11-May-2019,St Kilda,West Coast,70,88,24246,Docklands
2019,Round 8,11-May-2019,Port Adelaide,Adelaide,68,88,49675,Adelaide Oval
2019,Round 8,12-May-2019,North Melbourne,Geelong,80,104,21156,Docklands
2019,Round 8,12-May-2019,Hawthorn,Greater Western Sydney,71,38,14636,M.C.G.
2019,Round 8,12-May-2019,Fremantle,Richmond,86,111,42641,Perth Stadium
2019,Round 9,17-May-2019,West Coast,Melbourne,85,69,51162,Perth Stadium
2019,Round 9,18-May-2019,Collingwood,St Kilda,112,71,60702,M.C.G.
2019,Round 9,18-May-2019,Brisbane Lions,Adelaide,93,92,20405,Gabba
2019,Round 9,18-May-2019,Geelong,Western Bulldogs,133,89,31373,Kardinia Park
2019,Round 9,18-May-2019,Essendon,Fremantle,60,53,29176,Docklands
2019,Round 9,18-May-2019,North Melbourne,Sydney,72,77,12799,Bellerive Oval
2019,Round 9,19-May-2019,Port Adelaide,Gold Coast,89,51,26129,Adelaide Oval
2019,Round 9,19-May-2019,Richmond,Hawthorn,95,59,64936,M.C.G.
2019,Round 9,19-May-2019,Greater Western Sydney,Carlton,138,45,9599,Sydney Showground
2019,Round 10,24-May-2019,Sydney,Collingwood,73,80,34649,S.C.G.
2019,Round 10,25-May-2019,Hawthorn,Port Adelaide,80,49,11637,York Park
2019,Round 10,25-May-2019,Western Bulldogs,North Melbourne,90,115,26156,Docklands
2019,Round 10,25-May-2019,Adelaide,West Coast,73,85,41630,Adelaide Oval
2019,Round 10,25-May-2019,Richmond,Essendon,73,50,80176,M.C.G.
2019,Round 10,25-May-2019,Gold Coast,Geelong,64,91,13144,Carrara
2019,Round 10,26-May-2019,Melbourne,Greater Western Sydney,68,94,20023,M.C.G.
2019,Round 10,26-May-2019,St Kilda,Carlton,68,55,35058,Docklands
2019,Round 10,26-May-2019,Fremantle,Brisbane Lions,73,72,36383,Perth Stadium
2019,Round 11,31-May-2019,North Melbourne,Richmond,99,62,29326,Docklands
2019,Round 11,01-Jun-2019,Collingwood,Fremantle,75,79,41774,M.C.G.
2019,Round 11,01-Jun-2019,Greater Western Sydney,Gold Coast,126,43,7581,Sydney Showground
2019,Round 11,01-Jun-2019,Geelong,Sydney,85,63,29021,Kardinia Park
2019,Round 11,01-Jun-2019,Brisbane Lions,Hawthorn,85,66,25051,Gabba
2019,Round 11,01-Jun-2019,Melbourne,Adelaide,88,90,10634,Marrara Oval
2019,Round 11,02-Jun-2019,St Kilda,Port Adelaide,69,139,9412,Jiangwan Stadium
2019,Round 11,02-Jun-2019,Essendon,Carlton,74,33,50423,M.C.G.
2019,Round 11,02-Jun-2019,West Coast,Western Bulldogs,133,72,53195,Perth Stadium
2019,Round 12,07-Jun-2019,Richmond,Geelong,37,104,65214,M.C.G.
2019,Round 12,08-Jun-2019,Carlton,Brisbane Lions,78,63,32211,Docklands
2019,Round 12,08-Jun-2019,Gold Coast,North Melbourne,72,99,9305,Carrara
2019,Round 12,08-Jun-2019,Adelaide,Greater Western Sydney,82,61,41710,Adelaide Oval
2019,Round 12,09-Jun-2019,Sydney,West Coast,116,71,36640,S.C.G.
2019,Round 12,10-Jun-2019,Collingwood,Melbourne,98,57,74036,M.C.G.
2019,Round 13,13-Jun-2019,Adelaide,Richmond,101,68,40837,Adelaide Oval
2019,Round 13,14-Jun-2019,Essendon,Hawthorn,96,77,44846,Docklands
2019,Round 13,15-Jun-2019,Gold Coast,St Kilda,76,80,7243,Riverway Stadium
2019,Round 13,15-Jun-2019,Fremantle,Port Adelaide,100,79,37451,Perth Stadium
2019,Round 13,15-Jun-2019,Carlton,Western Bulldogs,100,103,35479,Docklands
2019,Round 13,16-Jun-2019,North Melbourne,Greater Western Sydney,68,91,7832,Bellerive Oval
2019,Round 14,20-Jun-2019,West Coast,Essendon,106,71,52810,Perth Stadium
2019,Round 14,21-Jun-2019,Sydney,Hawthorn,82,63,29553,S.C.G.
2019,Round 14,22-Jun-2019,Melbourne,Fremantle,85,71,20211,M.C.G.
2019,Round 14,22-Jun-2019,St Kilda,Brisbane Lions,59,115,22885,Docklands
2019,Round 14,22-Jun-2019,Port Adelaide,Geelong,67,56,37726,Adelaide Oval
2019,Round 14,23-Jun-2019,Western Bulldogs,Collingwood,73,82,39836,Docklands
2019,Round 15,27-Jun-2019,Essendon,Greater Western Sydney,77,71,25195,Docklands
2019,Round 15,28-Jun-2019,Geelong,Adelaide,96,69,28108,Kardinia Park
2019,Round 15,29-Jun-2019,Hawthorn,West Coast,71,77,31895,M.C.G.
2019,Round 15,29-Jun-2019,Sydney,Gold Coast,93,51,26194,S.C.G.
2019,Round 15,29-Jun-2019,Collingwood,North Melbourne,37,81,38801,Docklands
2019,Round 15,29-Jun-2019,Port Adelaide,Western Bulldogs,41,66,25623,Adelaide Oval
2019,Round 15,30-Jun-2019,St Kilda,Richmond,70,103,40962,Docklands
2019,Round 15,30-Jun-2019,Brisbane Lions,Melbourne,107,74,24809,Gabba
2019,Round 15,30-Jun-2019,Fremantle,Carlton,75,79,37293,Perth Stadium
2019,Round 16,05-Jul-2019,Hawthorn,Collingwood,67,63,66407,M.C.G.
2019,Round 16,06-Jul-2019,Essendon,Sydney,76,66,60199,M.C.G.
2019,Round 16,06-Jul-2019,Gold Coast,Richmond,58,150,16031,Carrara
2019,Round 16,06-Jul-2019,Adelaide,Port Adelaide,44,101,50544,Adelaide Oval
2019,Round 16,06-Jul-2019,Western Bulldogs,Geelong,71,55,35641,Docklands
2019,Round 16,06-Jul-2019,Fremantle,West Coast,31,122,56358,Perth Stadium
2019,Round 16,07-Jul-2019,Carlton,Melbourne,100,105,55593,M.C.G.
2019,Round 16,07-Jul-2019,North Melbourne,St Kilda,112,73,10696,Bellerive Oval
2019,Round 16,07-Jul-2019,Greater Western Sydney,Brisbane Lions,74,94,12268,Sydney Showground
2019,Round 17,12-Jul-2019,West Coast,Collingwood,77,78,56251,Perth Stadium
2019,Round 17,13-Jul-2019,Sydney,Carlton,62,69,32570,S.C.G.
2019,Round 17,13-Jul-2019,Hawthorn,Fremantle,84,53,13006,York Park
2019,Round 17,13-Jul-2019,Essendon,North Melbourne,86,81,45682,Docklands
2019,Round 17,13-Jul-2019,Gold Coast,Adelaide,56,151,8741,Carrara
2019,Round 17,13-Jul-2019,Geelong,St Kilda,84,57,24035,Kardinia Park
2019,Round 17,14-Jul-2019,Richmond,Greater Western Sydney,94,67,38986,M.C.G.
2019,Round 17,14-Jul-2019,Western Bulldogs,Melbourne,74,66,26781,Docklands
2019,Round 17,14-Jul-2019,Port Adelaide,Brisbane Lions,49,97,33118,Adelaide Oval
2019,Round 18,19-Jul-2019,Adelaide,Essendon,75,96,47735,Adelaide Oval
2019,Round 18,20-Jul-2019,Richmond,Port Adelaide,101,63,41642,M.C.G.
2019,Round 18,20-Jul-2019,Carlton,Gold Coast,99,75,31765,Docklands
2019,Round 18,20-Jul-2019,Greater Western Sydney,Collingwood,122,75,15467,Sydney Showground
2019,Round 18,20-Jul-2019,Brisbane Lions,North Melbourne,87,75,23833,Gabba
2019,Round 18,20-Jul-2019,Fremantle,Sydney,52,51,33594,Perth Stadium
2019,Round 18,21-Jul-2019,Geelong,Hawthorn,61,85,53636,M.C.G.
2019,Round 18,21-Jul-2019,Melbourne,West Coast,78,91,7164,Traeger Park
2019,Round 18,21-Jul-2019,St Kilda,Western Bulldogs,116,89,21705,Docklands
2019,Round 19,26-Jul-2019,Collingwood,Richmond,66,98,78722,M.C.G.
2019,Round 19,27-Jul-2019,Hawthorn,Brisbane Lions,60,87,15157,York Park
2019,Round 19,27-Jul-2019,Carlton,Adelaide,87,60,38369,M.C.G.
2019,Round 19,27-Jul-2019,West Coast,North Melbourne,121,72,54376,Perth Stadium
2019,Round 19,27-Jul-2019,St Kilda,Melbourne,104,85,22854,Docklands
2019,Round 19,27-Jul-2019,Port Adelaide,Greater Western Sydney,55,56,27591,Adelaide Oval
2019,Round 19,28-Jul-2019,Western Bulldogs,Fremantle,113,66,21181,Docklands
2019,Round 19,28-Jul-2019,Sydney,Geelong,80,107,32911,S.C.G.
2019,Round 19,28-Jul-2019,Gold Coast,Essendon,96,106,15759,Carrara
2019,Round 20,02-Aug-2019,North Melbourne,Hawthorn,86,64,33226,Docklands
2019,Round 20,03-Aug-2019,Essendon,Port Adelaide,67,126,42940,Docklands
2019,Round 20,03-Aug-2019,Greater Western Sydney,Sydney,83,81,16116,Sydney Showground
2019,Round 20,03-Aug-2019,Fremantle,Geelong,95,61,36310,Perth Stadium
2019,Round 20,03-Aug-2019,Melbourne,Richmond,60,93,37254,M.C.G.
2019,Round 20,03-Aug-2019,Adelaide,St Kilda,92,70,39984,Adelaide Oval
2019,Round 20,04-Aug-2019,Collingwood,Gold Coast,120,51,33577,M.C.G.
2019,Round 20,04-Aug-2019,Carlton,West Coast,75,99,32802,Docklands
2019,Round 20,04-Aug-2019,Brisbane Lions,Western Bulldogs,98,80,25831,Gabba
2019,Round 21,09-Aug-2019,Greater Western Sydney,Hawthorn,29,85,11741,Manuka Oval
2019,Round 21,10-Aug-2019,Melbourne,Collingwood,53,70,31903,M.C.G.
2019,Round 21,10-Aug-2019,Port Adelaide,Sydney,103,56,29568,Adelaide Oval
2019,Round 21,10-Aug-2019,Brisbane Lions,Gold Coast,144,53,22530,Gabba
2019,Round 21,10-Aug-2019,Essendon,Western Bulldogs,33,137,41816,Docklands
2019,Round 21,10-Aug-2019,Geelong,North Melbourne,69,14,21664,Kardinia Park
2019,Round 21,11-Aug-2019,St Kilda,Fremantle,72,69,17715,Docklands
2019,Round 21,11-Aug-2019,Richmond,Carlton,73,45,51039,M.C.G.
2019,Round 21,11-Aug-2019,West Coast,Adelaide,90,80,54994,Perth Stadium
2019,Round 22,16-Aug-2019,Melbourne,Sydney,42,95,23700,M.C.G.
2019,Round 22,17-Aug-2019,Carlton,St Kilda,78,68,51786,M.C.G.
2019,Round 22,17-Aug-2019,Brisbane Lions,Geelong,75,74,35608,Gabba
2019,Round 22,17-Aug-2019,Adelaide,Collingwood,48,114,48175,Adelaide Oval
2019,Round 22,17-Aug-2019,North Melbourne,Port Adelaide,144,58,17063,Docklands
2019,Round 22,17-Aug-2019,Fremantle,Essendon,55,87,47833,Perth Stadium
2019,Round 22,18-Aug-2019,Richmond,West Coast,88,82,57415,M.C.G.
2019,Round 22,18-Aug-2019,Greater Western Sydney,Western Bulldogs,65,126,10139,Sydney Showground
2019,Round 22,18-Aug-2019,Hawthorn,Gold Coast,118,48,31331,Docklands
2019,Round 23,23-Aug-2019,Collingwood,Essendon,76,65,85405,M.C.G.
2019,Round 23,24-Aug-2019,Sydney,St Kilda,109,64,33722,S.C.G.
2019,Round 23,24-Aug-2019,North Melbourne,Melbourne,88,83,8202,Bellerive Oval
2019,Round 23,24-Aug-2019,Geelong,Carlton,129,61,31669,Kardinia Park
2019,Round 23,24-Aug-2019,Gold Coast,Greater Western Sydney,55,127,7610,Carrara
2019,Round 23,24-Aug-2019,West Coast,Hawthorn,67,105,55859,Perth Stadium
2019,Round 23,25-Aug-2019,Western Bulldogs,Adelaide,121,87,9560,Eureka Stadium
2019,Round 23,25-Aug-2019,Richmond,Brisbane Lions,82,55,76995,M.C.G.
2019,Round 23,25-Aug-2019,Port Adelaide,Fremantle,110,67,27504,Adelaide Oval
2019,Elimination Final,05-Sep-2019,West Coast,Essendon,116,61,59216,Perth Stadium
2019,Qualifying Final,06-Sep-2019,Geelong,Collingwood,51,61,93436,M.C.G.
2019,Elimination Final,07-Sep-2019,Greater Western Sydney,Western Bulldogs,113,55,19218,Sydney Showground
2019,Qualifying Final,07-Sep-2019,Brisbane Lions,Richmond,65,112,37478,Gabba
2019,Semi Final,13-Sep-2019,Geelong,West Coast,88,68,51813,M.C.G.
2019,Semi Final,14-Sep-2019,Brisbane Lions,Greater Western Sydney,80,83,30034,Gabba
2019,Preliminary Final,20-Sep-2019,Richmond,Geelong,85,66,94423,M.C.G.
2019,Preliminary Final,21-Sep-2019,Collingwood,Greater Western Sydney,52,56,77828,M.C.G.
2019,Grand Final,28-Sep-2019,Richmond,Greater Western Sydney,114,25,100014,M.C.G.
2020,Round 1,19-Mar-2020,Richmond,Carlton,105,81,,M.C.G.
2020,Round 1,20-Mar-2020,Western Bulldogs,Collingwood,34,86,,Docklands
2020,Round 1,21-Mar-2020,Essendon,Fremantle,63,57,,Docklands
2020,Round 1,21-Mar-2020,Adelaide,Sydney,71,74,,Adelaide Oval
2020,Round 1,21-Mar-2020,Gold Coast,Port Adelaide,29,76,,Carrara
2020,Round 1,21-Mar-2020,Greater Western Sydney,Geelong,105,73,,Sydney Showground
2020,Round 1,22-Mar-2020,North Melbourne,St Kilda,56,54,,Docklands
2020,Round 1,22-Mar-2020,Hawthorn,Brisbane Lions,90,62,,M.C.G.
2020,Round 1,22-Mar-2020,West Coast,Melbourne,78,51,,Perth Stadium
2020,Round 2,11-Jun-2020,Collingwood,Richmond,36,36,,M.C.G.
2020,Round 2,12-Jun-2020,Geelong,Hawthorn,108,47,,Kardinia Park
2020,Round 2,13-Jun-2020,Brisbane Lions,Fremantle,81,69,,Gabba
2020,Round 2,13-Jun-2020,Carlton,Melbourne,53,54,,Docklands
2020,Round 2,13-Jun-2020,Port Adelaide,Adelaide,110,35,2240,Adelaide Oval
2020,Round 2,13-Jun-2020,Gold Coast,West Coast,90,46,,Carrara
2020,Round 2,14-Jun-2020,Greater Western Sydney,North Melbourne,60,80,350,Sydney Showground
2020,Round 2,14-Jun-2020,Sydney,Essendon,73,79,337,S.C.G.
2020,Round 2,14-Jun-2020,St Kilda,Western Bulldogs,88,49,,Docklands
2020,Round 3,18-Jun-2020,Richmond,Hawthorn,39,71,,M.C.G.
2020,Round 3,19-Jun-2020,Western Bulldogs,Greater Western Sydney,57,33,,Docklands
2020,Round 3,20-Jun-2020,North Melbourne,Sydney,60,71,,Docklands
2020,Round 3,20-Jun-2020,Collingwood,St Kilda,81,37,,M.C.G.
2020,Round 3,20-Jun-2020,Geelong,Carlton,77,79,,Kardinia Park
2020,Round 3,20-Jun-2020,Brisbane Lions,West Coast,74,44,1965,Gabba
2020,Round 3,21-Jun-2020,Gold Coast,Adelaide,82,29,1997,Carrara
2020,Round 3,21-Jun-2020,Fremantle,Port Adelaide,41,70,180,Carrara
2020,Round 4,25-Jun-2020,Sydney,Western Bulldogs,39,67,605,S.C.G.
2020,Round 4,26-Jun-2020,Greater Western Sydney,Collingwood,66,64,487,Sydney Showground
2020,Round 4,27-Jun-2020,Port Adelaide,West Coast,89,41,450,Carrara
2020,Round 4,27-Jun-2020,St Kilda,Richmond,93,67,,Docklands
2020,Round 4,27-Jun-2020,Essendon,Carlton,51,52,,M.C.G.
2020,Round 4,27-Jun-2020,Gold Coast,Fremantle,64,51,5106,Carrara
2020,Round 4,28-Jun-2020,Brisbane Lions,Adelaide,83,46,7354,Gabba
2020,Round 4,28-Jun-2020,Melbourne,Geelong,44,47,,M.C.G.
2020,Round 4,28-Jun-2020,Hawthorn,North Melbourne,58,54,,Docklands
2020,Round 5,02-Jul-2020,Carlton,St Kilda,55,73,,Docklands
2020,Round 5,03-Jul-2020,Collingwood,Essendon,48,63,,M.C.G.
2020,Round 5,04-Jul-2020,West Coast,Sydney,77,43,2238,Carrara
2020,Round 5,04-Jul-2020,Geelong,Gold Coast,89,52,,Kardinia Park
2020,Round 5,04-Jul-2020,Western Bulldogs,North Melbourne,87,38,,Docklands
2020,Round 5,04-Jul-2020,Brisbane Lions,Port Adelaide,85,48,10161,Gabba
2020,Round 5,05-Jul-2020,Adelaide,Fremantle,34,54,418,Carrara
2020,Round 5,05-Jul-2020,Melbourne,Richmond,52,79,,M.C.G.
2020,Round 5,05-Jul-2020,Greater Western Sydney,Hawthorn,83,49,5674,Sydney Showground
2020,Round 6,09-Jul-2020,Geelong,Brisbane Lions,73,46,1311,S.C.G.
2020,Round 6,10-Jul-2020,Collingwood,Hawthorn,59,27,1772,Sydney Showground
2020,Round 6,11-Jul-2020,Fremantle,St Kilda,79,73,638,Carrara
2020,Round 6,11-Jul-2020,West Coast,Adelaide,67,34,210,Gabba
2020,Round 6,11-Jul-2020,Melbourne,Gold Coast,80,63,250,Sydney Showground
2020,Round 6,11-Jul-2020,Essendon,North Melbourne,67,53,4271,Carrara
2020,Round 6,12-Jul-2020,Port Adelaide,Greater Western Sydney,63,46,368,Carrara
2020,Round 6,12-Jul-2020,Richmond,Sydney,34,26,3606,Gabba
2020,Round 6,12-Jul-2020,Carlton,Western Bulldogs,103,51,2178,Carrara
2020,Round 7,16-Jul-2020,Geelong,Collingwood,35,57,22077,Perth Stadium
2020,Round 7,17-Jul-2020,Essendon,Western Bulldogs,51,93,4949,Carrara
2020,Round 7,18-Jul-2020,Greater Western Sydney,Brisbane Lions,68,88,3168,Sydney Showground
2020,Round 7,18-Jul-2020,Sydney,Gold Coast,60,92,6000,S.C.G.
2020,Round 7,18-Jul-2020,Richmond,North Melbourne,77,23,4337,Carrara
2020,Round 7,19-Jul-2020,Carlton,Port Adelaide,61,64,3510,Gabba
2020,Round 7,19-Jul-2020,Hawthorn,Melbourne,48,91,750,Sydney Showground
2020,Round 7,19-Jul-2020,Fremantle,West Coast,32,62,25306,Perth Stadium
2020,Round 7,20-Jul-2020,Adelaide,St Kilda,55,78,13579,Adelaide Oval
2020,Round 8,23-Jul-2020,Gold Coast,Western Bulldogs,46,51,4039,Carrara
2020,Round 8,24-Jul-2020,Greater Western Sydney,Richmond,62,50,5500,Sydney Showground
2020,Round 8,25-Jul-2020,North Melbourne,Carlton,57,64,3655,Gabba
2020,Round 8,25-Jul-2020,Sydney,Hawthorn,60,53,4264,S.C.G.
2020,Round 8,25-Jul-2020,Port Adelaide,St Kilda,44,73,16727,Adelaide Oval
2020,Round 8,26-Jul-2020,Adelaide,Essendon,59,62,15155,Adelaide Oval
2020,Round 8,26-Jul-2020,West Coast,Collingwood,111,45,24824,Perth Stadium
2020,Round 8,26-Jul-2020,Melbourne,Brisbane Lions,49,53,3011,Carrara
2020,Round 8,27-Jul-2020,Fremantle,Geelong,16,48,20251,Perth Stadium
2020,Round 9,29-Jul-2020,Western Bulldogs,Richmond,49,90,2824,Carrara
2020,Round 9,30-Jul-2020,Melbourne,Port Adelaide,32,83,323,Gabba
2020,Round 9,31-Jul-2020,Carlton,Hawthorn,58,89,12304,Perth Stadium
2020,Round 9,31-Jul-2020,Essendon,Brisbane Lions,28,91,4860,Carrara
2020,Round 9,01-Aug-2020,North Melbourne,Adelaide,119,50,522,Carrara
2020,Round 9,01-Aug-2020,St Kilda,Sydney,101,48,2978,Gabba
2020,Round 9,01-Aug-2020,West Coast,Geelong,73,64,26211,Perth Stadium
2020,Round 9,02-Aug-2020,Gold Coast,Greater Western Sydney,35,61,4363,Carrara
2020,Round 9,02-Aug-2020,Fremantle,Collingwood,61,49,20912,Perth Stadium
2020,Round 10,03-Aug-2020,Port Adelaide,Western Bulldogs,55,42,14159,Adelaide Oval
2020,Round 10,04-Aug-2020,Richmond,Brisbane Lions,82,41,5651,Carrara
2020,Round 10,05-Aug-2020,Geelong,North Melbourne,90,57,2282,Gabba
2020,Round 10,05-Aug-2020,Adelaide,Melbourne,37,88,12022,Adelaide Oval
2020,Round 10,06-Aug-2020,Collingwood,Sydney,50,41,4146,Gabba
2020,Round 10,06-Aug-2020,Gold Coast,St Kilda,74,78,3095,Carrara
2020,Round 10,07-Aug-2020,Essendon,Greater Western Sydney,55,59,1178,Carrara
2020,Round 11,08-Aug-2020,Port Adelaide,Richmond,93,72,10256,Adelaide Oval
2020,Round 11,08-Aug-2020,Brisbane Lions,Western Bulldogs,96,72,11061,Gabba
2020,Round 11,09-Aug-2020,West Coast,Carlton,72,50,19092,Perth Stadium
2020,Round 11,09-Aug-2020,Melbourne,North Melbourne,92,35,2172,Adelaide Oval
2020,Round 11,10-Aug-2020,St Kilda,Geelong,34,93,3903,Gabba
2020,Round 11,10-Aug-2020,Fremantle,Hawthorn,48,32,18512,Perth Stadium
2020,Round 11,11-Aug-2020,Adelaide,Collingwood,38,62,8577,Adelaide Oval
2020,Round 11,12-Aug-2020,Gold Coast,Essendon,73,73,4303,Carrara
2020,Round 12,13-Aug-2020,Sydney,Greater Western Sydney,66,25,6464,Perth Stadium
2020,Round 12,14-Aug-2020,Geelong,Port Adelaide,91,31,3378,Carrara
2020,Round 12,15-Aug-2020,North Melbourne,Brisbane Lions,52,53,2722,Carrara
2020,Round 12,15-Aug-2020,Melbourne,Collingwood,100,44,5338,Gabba
2020,Round 12,15-Aug-2020,Fremantle,Carlton,36,40,24114,Perth Stadium
2020,Round 12,16-Aug-2020,Western Bulldogs,Adelaide,111,54,613,Carrara
2020,Round 12,16-Aug-2020,St Kilda,Essendon,68,33,4686,Gabba
2020,Round 12,16-Aug-2020,West Coast,Hawthorn,81,49,22870,Perth Stadium
2020,Round 12,17-Aug-2020,Richmond,Gold Coast,53,32,4062,Gabba
2020,Round 13,21-Aug-2020,Gold Coast,Carlton,27,60,5172,Marrara Oval
2020,Round 13,22-Aug-2020,Western Bulldogs,Melbourne,80,52,1765,Carrara
2020,Round 13,22-Aug-2020,Port Adelaide,Hawthorn,68,58,11740,Adelaide Oval
2020,Round 13,22-Aug-2020,Essendon,Richmond,61,73,5401,Marrara Oval
2020,Round 13,22-Aug-2020,Fremantle,Sydney,50,19,24714,Perth Stadium
2020,Round 13,23-Aug-2020,Adelaide,Geelong,37,65,10431,Adelaide Oval
2020,Round 13,23-Aug-2020,Brisbane Lions,St Kilda,50,48,13750,Gabba
2020,Round 13,23-Aug-2020,West Coast,Greater Western Sydney,61,49,27339,Perth Stadium
2020,Round 13,24-Aug-2020,Collingwood,North Melbourne,65,35,2443,Gabba
2020,Round 14,27-Aug-2020,Hawthorn,Essendon,71,87,4973,Adelaide Oval
2020,Round 14,27-Aug-2020,Richmond,West Coast,88,61,3628,Carrara
2020,Round 14,28-Aug-2020,Western Bulldogs,Geelong,61,72,2156,Carrara
2020,Round 14,29-Aug-2020,Port Adelaide,Sydney,73,47,11801,Adelaide Oval
2020,Round 14,29-Aug-2020,Fremantle,Greater Western Sydney,53,91,24406,Perth Stadium
2020,Round 14,29-Aug-2020,Melbourne,St Kilda,52,49,1917,Traeger Park
2020,Round 14,30-Aug-2020,Carlton,Collingwood,48,72,9033,Gabba
2020,Round 14,30-Aug-2020,Gold Coast,North Melbourne,91,28,3353,Carrara
2020,Round 15,01-Sep-2020,Hawthorn,Adelaide,48,83,6191,Adelaide Oval
2020,Round 15,01-Sep-2020,West Coast,Essendon,60,45,1932,Gabba
2020,Round 15,02-Sep-2020,Richmond,Fremantle,56,29,1818,Carrara
2020,Round 15,03-Sep-2020,Sydney,Melbourne,67,46,3199,Cazaly's Stadium
2020,Round 15,03-Sep-2020,Greater Western Sydney,Carlton,48,39,1469,Carrara
2020,Round 15,04-Sep-2020,Brisbane Lions,Collingwood,42,34,15036,Gabba
2020,Round 16,05-Sep-2020,North Melbourne,Port Adelaide,42,78,592,Carrara
2020,Round 16,06-Sep-2020,St Kilda,Hawthorn,80,66,2740,Carrara
2020,Round 16,06-Sep-2020,Geelong,Essendon,108,42,5011,Gabba
2020,Round 16,06-Sep-2020,Western Bulldogs,West Coast,49,47,532,Carrara
2020,Round 16,07-Sep-2020,Melbourne,Fremantle,33,47,3279,Cazaly's Stadium
2020,Round 16,08-Sep-2020,Adelaide,Greater Western Sydney,59,47,12436,Adelaide Oval
2020,Round 16,08-Sep-2020,Carlton,Sydney,57,52,1580,Carrara
2020,Round 16,09-Sep-2020,Brisbane Lions,Gold Coast,88,43,11292,Gabba
2020,Round 17,10-Sep-2020,St Kilda,West Coast,50,65,1925,Gabba
2020,Round 17,11-Sep-2020,Geelong,Richmond,31,57,7061,Carrara
2020,Round 17,12-Sep-2020,North Melbourne,Fremantle,35,99,308,Carrara
2020,Round 17,12-Sep-2020,Port Adelaide,Essendon,79,29,17482,Adelaide Oval
2020,Round 17,12-Sep-2020,Greater Western Sydney,Melbourne,74,79,1204,Gabba
2020,Round 17,13-Sep-2020,Carlton,Adelaide,56,72,2735,Carrara
2020,Round 17,13-Sep-2020,Hawthorn,Western Bulldogs,40,76,2625,Adelaide Oval
2020,Round 17,13-Sep-2020,Sydney,Brisbane Lions,41,73,3700,Cazaly's Stadium
2020,Round 17,14-Sep-2020,Collingwood,Gold Coast,68,46,2896,Gabba
2020,Round 18,17-Sep-2020,North Melbourne,West Coast,34,49,724,Carrara
2020,Round 18,18-Sep-2020,St Kilda,Greater Western Sydney,82,30,1528,Gabba
2020,Round 18,19-Sep-2020,Essendon,Melbourne,49,68,2175,Carrara
2020,Round 18,19-Sep-2020,Adelaide,Richmond,33,77,17710,Adelaide Oval
2020,Round 18,19-Sep-2020,Brisbane Lions,Carlton,78,61,14563,Gabba
2020,Round 18,20-Sep-2020,Hawthorn,Gold Coast,108,57,2136,Adelaide Oval
2020,Round 18,20-Sep-2020,Sydney,Geelong,63,69,2798,Carrara
2020,Round 18,20-Sep-2020,Fremantle,Western Bulldogs,44,74,3114,Cazaly's Stadium
2020,Round 18,21-Sep-2020,Collingwood,Port Adelaide,45,61,5424,Gabba
2020,Qualifying Final,01-Oct-2020,Port Adelaide,Geelong,58,42,22755,Adelaide Oval
2020,Qualifying Final,02-Oct-2020,Brisbane Lions,Richmond,69,54,22104,Gabba
2020,Elimination Final,03-Oct-2020,St Kilda,Western Bulldogs,67,64,10561,Gabba
2020,Elimination Final,03-Oct-2020,West Coast,Collingwood,75,76,32865,Perth Stadium
2020,Semi Final,09-Oct-2020,Richmond,St Kilda,80,49,13778,Carrara
2020,Semi Final,10-Oct-2020,Geelong,Collingwood,100,32,21396,Gabba
2020,Preliminary Final,16-Oct-2020,Port Adelaide,Richmond,40,46,24292,Adelaide Oval
2020,Preliminary Final,17-Oct-2020,Brisbane Lions,Geelong,42,82,29121,Gabba
2020,Grand Final,24-Oct-2020,Richmond,Geelong,81,50,29707,Gabba
2021,Round 1,18-Mar-2021,Richmond,Carlton,105,80,49218,M.C.G.
2021,Round 1,19-Mar-2021,Collingwood,Western Bulldogs,53,69,46051,M.C.G.
2021,Round 1,20-Mar-2021,Melbourne,Fremantle,80,58,21365,M.C.G.
2021,Round 1,20-Mar-2021,Adelaide,Geelong,103,91,26985,Adelaide Oval
2021,Round 1,20-Mar-2021,Essendon,Hawthorn,91,92,25128,Docklands
2021,Round 1,20-Mar-2021,Brisbane Lions,Sydney,94,125,22762,Gabba
2021,Round 1,21-Mar-2021,North Melbourne,Port Adelaide,65,117,13050,Docklands
2021,Round 1,21-Mar-2021,Greater Western Sydney,St Kilda,78,86,5014,Sydney Showground
2021,Round 1,21-Mar-2021,West Coast,Gold Coast,83,58,38493,Perth Stadium
2021,Round 2,25-Mar-2021,Carlton,Collingwood,85,106,51723,M.C.G.
2021,Round 2,26-Mar-2021,Geelong,Brisbane Lions,81,80,20070,Kardinia Park
2021,Round 2,27-Mar-2021,Sydney,Adelaide,121,88,23946,S.C.G.
2021,Round 2,27-Mar-2021,Port Adelaide,Essendon,119,65,29978,Adelaide Oval
2021,Round 2,27-Mar-2021,St Kilda,Melbourne,73,91,25903,Docklands
2021,Round 2,27-Mar-2021,Gold Coast,North Melbourne,98,39,6661,Carrara
2021,Round 2,28-Mar-2021,Hawthorn,Richmond,49,78,41051,M.C.G.
2021,Round 2,28-Mar-2021,Western Bulldogs,West Coast,100,93,21391,Docklands
2021,Round 2,28-Mar-2021,Fremantle,Greater Western Sydney,87,56,27625,Perth Stadium
2021,Round 3,01-Apr-2021,Collingwood,Brisbane Lions,72,73,28057,Docklands
2021,Round 3,02-Apr-2021,North Melbourne,Western Bulldogs,39,167,28483,Docklands
2021,Round 3,02-Apr-2021,Adelaide,Gold Coast,95,85,30175,Adelaide Oval
2021,Round 3,03-Apr-2021,Richmond,Sydney,72,117,43637,M.C.G.
2021,Round 3,03-Apr-2021,Essendon,St Kilda,143,68,29234,Docklands
2021,Round 3,03-Apr-2021,West Coast,Port Adelaide,108,71,42090,Perth Stadium
2021,Round 3,04-Apr-2021,Carlton,Fremantle,109,64,24551,Docklands
2021,Round 3,04-Apr-2021,Greater Western Sydney,Melbourne,68,102,9563,Manuka Oval
2021,Round 3,05-Apr-2021,Geelong,Hawthorn,69,64,50030,M.C.G.
2021,Round 4,08-Apr-2021,Sydney,Essendon,83,80,28039,S.C.G.
2021,Round 4,09-Apr-2021,Port Adelaide,Richmond,79,77,33742,Adelaide Oval
2021,Round 4,10-Apr-2021,Western Bulldogs,Brisbane Lions,73,54,7387,Eureka Stadium
2021,Round 4,10-Apr-2021,St Kilda,West Coast,102,82,16710,Docklands
2021,Round 4,10-Apr-2021,Gold Coast,Carlton,59,70,11618,Carrara
2021,Round 4,10-Apr-2021,Collingwood,Greater Western Sydney,60,90,29866,M.C.G.
2021,Round 4,11-Apr-2021,North Melbourne,Adelaide,68,109,13479,Docklands
2021,Round 4,11-Apr-2021,Melbourne,Geelong,85,60,33728,M.C.G.
2021,Round 4,11-Apr-2021,Fremantle,Hawthorn,96,81,29490,Perth Stadium
2021,Round 5,15-Apr-2021,St Kilda,Richmond,48,134,32056,Docklands
2021,Round 5,16-Apr-2021,West Coast,Collingwood,103,76,54159,Perth Stadium
2021,Round 5,17-Apr-2021,Western Bulldogs,Gold Coast,118,56,18920,Docklands
2021,Round 5,17-Apr-2021,Sydney,Greater Western Sydney,69,71,33541,S.C.G.
2021,Round 5,17-Apr-2021,Carlton,Port Adelaide,68,96,32893,M.C.G.
2021,Round 5,17-Apr-2021,Brisbane Lions,Essendon,102,45,23544,Gabba
2021,Round 5,18-Apr-2021,Adelaide,Fremantle,72,84,31454,Adelaide Oval
2021,Round 5,18-Apr-2021,Hawthorn,Melbourne,54,104,36337,M.C.G.
2021,Round 5,18-Apr-2021,Geelong,North Melbourne,77,47,21282,Kardinia Park
2021,Round 6,23-Apr-2021,Greater Western Sydney,Western Bulldogs,65,104,10064,Manuka Oval
2021,Round 6,24-Apr-2021,Geelong,West Coast,136,39,21282,Kardinia Park
2021,Round 6,24-Apr-2021,Gold Coast,Sydney,100,60,9819,Carrara
2021,Round 6,24-Apr-2021,Carlton,Brisbane Lions,85,103,29576,Docklands
2021,Round 6,24-Apr-2021,Melbourne,Richmond,82,48,56418,M.C.G.
2021,Round 6,24-Apr-2021,Fremantle,North Melbourne,99,48,,Perth Stadium
2021,Round 6,25-Apr-2021,Hawthorn,Adelaide,102,99,9007,York Park
2021,Round 6,25-Apr-2021,Collingwood,Essendon,85,109,78113,M.C.G.
2021,Round 6,25-Apr-2021,Port Adelaide,St Kilda,93,39,33125,Adelaide Oval
2021,Round 7,30-Apr-2021,Richmond,Western Bulldogs,77,55,52402,M.C.G.
2021,Round 7,01-May-2021,Collingwood,Gold Coast,55,79,24397,M.C.G.
2021,Round 7,01-May-2021,Adelaide,Greater Western Sydney,39,106,28853,Adelaide Oval
2021,Round 7,01-May-2021,St Kilda,Hawthorn,128,59,26433,Docklands
2021,Round 7,01-May-2021,Sydney,Geelong,90,88,29123,S.C.G.
2021,Round 7,01-May-2021,Brisbane Lions,Port Adelaide,93,44,20007,Gabba
2021,Round 7,02-May-2021,North Melbourne,Melbourne,73,103,6009,Bellerive Oval
2021,Round 7,02-May-2021,Essendon,Carlton,107,123,57447,M.C.G.
2021,Round 7,02-May-2021,West Coast,Fremantle,132,73,,Perth Stadium
2021,Round 8,07-May-2021,Richmond,Geelong,63,126,54857,M.C.G.
2021,Round 8,08-May-2021,Gold Coast,St Kilda,54,63,9271,Carrara
2021,Round 8,08-May-2021,Greater Western Sydney,Essendon,107,105,8526,Sydney Showground
2021,Round 8,08-May-2021,North Melbourne,Collingwood,76,94,22329,Docklands
2021,Round 8,08-May-2021,Melbourne,Sydney,67,58,35567,M.C.G.
2021,Round 8,08-May-2021,Port Adelaide,Adelaide,87,38,43069,Adelaide Oval
2021,Round 8,09-May-2021,Hawthorn,West Coast,60,98,15277,M.C.G.
2021,Round 8,09-May-2021,Western Bulldogs,Carlton,107,91,27663,Docklands
2021,Round 8,09-May-2021,Brisbane Lions,Fremantle,95,71,15403,Gabba
2021,Round 9,14-May-2021,St Kilda,Geelong,47,68,26712,Docklands
2021,Round 9,15-May-2021,Sydney,Collingwood,72,42,31448,S.C.G.
2021,Round 9,15-May-2021,Hawthorn,North Melbourne,80,87,9121,York Park
2021,Round 9,15-May-2021,Gold Coast,Brisbane Lions,51,124,12636,Carrara
2021,Round 9,15-May-2021,Richmond,Greater Western Sydney,87,83,18798,Docklands
2021,Round 9,15-May-2021,Port Adelaide,Western Bulldogs,77,96,32787,Adelaide Oval
2021,Round 9,16-May-2021,Essendon,Fremantle,68,61,26357,Docklands
2021,Round 9,16-May-2021,Melbourne,Carlton,94,68,38581,M.C.G.
2021,Round 9,16-May-2021,West Coast,Adelaide,106,76,43427,Perth Stadium
2021,Round 10,21-May-2021,Brisbane Lions,Richmond,102,74,31127,Gabba
2021,Round 10,22-May-2021,Carlton,Hawthorn,86,63,45741,M.C.G.
2021,Round 10,22-May-2021,Geelong,Gold Coast,91,57,22055,Kardinia Park
2021,Round 10,22-May-2021,Adelaide,Melbourne,96,95,31373,Adelaide Oval
2021,Round 10,22-May-2021,Western Bulldogs,St Kilda,144,33,28720,Docklands
2021,Round 10,22-May-2021,Fremantle,Sydney,86,84,29134,Perth Stadium
2021,Round 10,23-May-2021,Greater Western Sydney,West Coast,93,77,9046,Sydney Showground
2021,Round 10,23-May-2021,Collingwood,Port Adelaide,58,59,23415,M.C.G.
2021,Round 10,23-May-2021,Essendon,North Melbourne,141,69,33121,Docklands
2021,Round 11,28-May-2021,Western Bulldogs,Melbourne,59,87,,Docklands
2021,Round 11,29-May-2021,Collingwood,Geelong,51,61,,M.C.G.
2021,Round 11,29-May-2021,Brisbane Lions,Greater Western Sydney,129,65,22038,Gabba
2021,Round 11,29-May-2021,St Kilda,North Melbourne,88,68,,Docklands
2021,Round 11,29-May-2021,West Coast,Essendon,71,87,41883,Perth Stadium
2021,Round 11,29-May-2021,Gold Coast,Hawthorn,113,76,1241,S.C.G.
2021,Round 11,30-May-2021,Richmond,Adelaide,111,83,4236,Sydney Showground
2021,Round 11,30-May-2021,Sydney,Carlton,100,78,29882,S.C.G.
2021,Round 11,30-May-2021,Port Adelaide,Fremantle,115,69,26759,Adelaide Oval
2021,Round 12,04-Jun-2021,Melbourne,Brisbane Lions,97,75,3772,Sydney Showground
2021,Round 12,05-Jun-2021,Sydney,St Kilda,92,83,19020,S.C.G.
2021,Round 12,05-Jun-2021,Adelaide,Collingwood,73,78,30446,Adelaide Oval
2021,Round 12,05-Jun-2021,Essendon,Richmond,84,123,55656,Perth Stadium
2021,Round 12,06-Jun-2021,Carlton,West Coast,73,95,5137,S.C.G.
2021,Round 12,06-Jun-2021,Fremantle,Western Bulldogs,65,93,32875,Perth Stadium
2021,Round 13,10-Jun-2021,Port Adelaide,Geelong,91,112,28718,Adelaide Oval
2021,Round 13,11-Jun-2021,Sydney,Hawthorn,51,89,25904,S.C.G.
2021,Round 13,12-Jun-2021,Fremantle,Gold Coast,76,49,27318,Perth Stadium
2021,Round 13,12-Jun-2021,St Kilda,Adelaide,60,66,5969,Cazaly's Stadium
2021,Round 13,13-Jun-2021,North Melbourne,Greater Western Sydney,94,94,3462,Bellerive Oval
2021,Round 13,13-Jun-2021,West Coast,Richmond,85,81,50834,Perth Stadium
2021,Round 13,14-Jun-2021,Melbourne,Collingwood,63,80,16453,S.C.G.
2021,Round 14,18-Jun-2021,Geelong,Western Bulldogs,83,78,6583,Kardinia Park
2021,Round 14,19-Jun-2021,Gold Coast,Port Adelaide,31,81,7117,Carrara
2021,Round 14,19-Jun-2021,North Melbourne,Brisbane Lions,45,68,5060,Bellerive Oval
2021,Round 14,19-Jun-2021,Greater Western Sydney,Carlton,102,66,7035,Sydney Showground
2021,Round 14,20-Jun-2021,Hawthorn,Essendon,73,86,14834,York Park
2021,Round 15,24-Jun-2021,Brisbane Lions,Geelong,94,50,29024,Gabba
2021,Round 15,25-Jun-2021,Richmond,St Kilda,22,62,14787,M.C.G.
2021,Round 15,26-Jun-2021,Collingwood,Fremantle,79,91,11570,Docklands
2021,Round 15,26-Jun-2021,North Melbourne,Gold Coast,72,63,6719,Bellerive Oval
2021,Round 15,26-Jun-2021,Port Adelaide,Sydney,81,71,29631,Adelaide Oval
2021,Round 15,26-Jun-2021,Essendon,Melbourne,57,68,19414,M.C.G.
2021,Round 15,27-Jun-2021,Greater Western Sydney,Hawthorn,72,90,9897,M.C.G.
2021,Round 15,27-Jun-2021,West Coast,Western Bulldogs,43,98,,Perth Stadium
2021,Round 15,27-Jun-2021,Carlton,Adelaide,83,73,14930,Docklands
2021,Round 16,01-Jul-2021,Gold Coast,Richmond,77,67,9327,Docklands
2021,Round 16,02-Jul-2021,Geelong,Essendon,98,57,15579,Kardinia Park
2021,Round 16,03-Jul-2021,Melbourne,Greater Western Sydney,55,64,16963,M.C.G.
2021,Round 16,03-Jul-2021,Adelaide,Brisbane Lions,59,111,16178,Adelaide Oval
2021,Round 16,03-Jul-2021,Fremantle,Carlton,64,80,12103,M.C.G.
2021,Round 16,03-Jul-2021,Hawthorn,Port Adelaide,53,87,18251,Docklands
2021,Round 16,04-Jul-2021,Sydney,West Coast,118,26,9520,Kardinia Park
2021,Round 16,04-Jul-2021,Collingwood,St Kilda,61,70,18082,M.C.G.
2021,Round 16,04-Jul-2021,Western Bulldogs,North Melbourne,108,79,18216,Docklands
2021,Round 17,08-Jul-2021,Port Adelaide,Melbourne,55,86,30908,Adelaide Oval
2021,Round 17,09-Jul-2021,Essendon,Adelaide,84,21,23604,Docklands
2021,Round 17,10-Jul-2021,Hawthorn,Fremantle,46,108,9111,York Park
2021,Round 17,10-Jul-2021,Carlton,Geelong,44,70,31834,M.C.G.
2021,Round 17,10-Jul-2021,Brisbane Lions,St Kilda,63,95,9075,Carrara
2021,Round 17,11-Jul-2021,Greater Western Sydney,Gold Coast,64,65,2952,Eureka Stadium
2021,Round 17,11-Jul-2021,Western Bulldogs,Sydney,60,79,24817,Docklands
2021,Round 17,11-Jul-2021,Richmond,Collingwood,71,87,29437,M.C.G.
2021,Round 17,12-Jul-2021,West Coast,North Melbourne,60,70,30515,Perth Stadium
2021,Round 18,15-Jul-2021,Fremantle,Geelong,31,100,35271,Perth Stadium
2021,Round 18,16-Jul-2021,Richmond,Brisbane Lions,106,86,4119,Carrara
2021,Round 18,17-Jul-2021,St Kilda,Port Adelaide,61,74,,Docklands
2021,Round 18,17-Jul-2021,Gold Coast,Western Bulldogs,79,90,8244,Carrara
2021,Round 18,17-Jul-2021,Melbourne,Hawthorn,79,79,,M.C.G.
2021,Round 18,18-Jul-2021,North Melbourne,Essendon,74,92,5114,Carrara
2021,Round 18,18-Jul-2021,Collingwood,Carlton,62,91,,M.C.G.
2021,Round 18,18-Jul-2021,Adelaide,West Coast,56,98,24554,Adelaide Oval
2021,Round 18,18-Jul-2021,Greater Western Sydney,Sydney,72,98,2374,Carrara
2021,Round 19,23-Jul-2021,Port Adelaide,Collingwood,97,69,,Docklands
2021,Round 19,24-Jul-2021,Carlton,North Melbourne,77,116,,Docklands
2021,Round 19,24-Jul-2021,Brisbane Lions,Gold Coast,120,71,16660,Gabba
2021,Round 19,24-Jul-2021,West Coast,St Kilda,94,86,43657,Perth Stadium
2021,Round 19,24-Jul-2021,Melbourne,Western Bulldogs,65,85,,M.C.G.
2021,Round 19,24-Jul-2021,Adelaide,Hawthorn,102,83,,Docklands
2021,Round 19,25-Jul-2021,Sydney,Fremantle,98,58,2875,Carrara
2021,Round 19,25-Jul-2021,Geelong,Richmond,95,57,,M.C.G.
2021,Round 19,25-Jul-2021,Essendon,Greater Western Sydney,53,66,2681,Carrara
2021,Round 20,30-Jul-2021,St Kilda,Carlton,81,112,,Docklands
2021,Round 20,31-Jul-2021,Western Bulldogs,Adelaide,105,56,,Eureka Stadium
2021,Round 20,31-Jul-2021,North Melbourne,Geelong,42,62,8033,Bellerive Oval
2021,Round 20,31-Jul-2021,Collingwood,West Coast,90,45,,M.C.G.
2021,Round 20,01-Aug-2021,Gold Coast,Melbourne,30,128,,Docklands
2021,Round 20,01-Aug-2021,Hawthorn,Brisbane Lions,92,80,5381,York Park
2021,Round 20,01-Aug-2021,Essendon,Sydney,102,109,,M.C.G.
2021,Round 20,01-Aug-2021,Fremantle,Richmond,55,51,24979,Perth Stadium
2021,Round 20,01-Aug-2021,Greater Western Sydney,Port Adelaide,73,100,,Docklands
2021,Round 21,06-Aug-2021,Geelong,Greater Western Sydney,65,84,,Kardinia Park
2021,Round 21,07-Aug-2021,Carlton,Gold Coast,57,76,,Docklands
2021,Round 21,07-Aug-2021,Richmond,North Melbourne,89,56,,M.C.G.
2021,Round 21,07-Aug-2021,Adelaide,Port Adelaide,51,55,14736,Adelaide Oval
2021,Round 21,07-Aug-2021,St Kilda,Sydney,93,64,,Docklands
2021,Round 21,08-Aug-2021,Hawthorn,Collingwood,97,78,,M.C.G.
2021,Round 21,08-Aug-2021,Western Bulldogs,Essendon,84,97,,Docklands
2021,Round 21,08-Aug-2021,Fremantle,Brisbane Lions,54,118,29589,Perth Stadium
2021,Round 21,09-Aug-2021,West Coast,Melbourne,63,72,31584,Perth Stadium
2021,Round 22,13-Aug-2021,Greater Western Sydney,Richmond,106,67,,Docklands
2021,Round 22,14-Aug-2021,Hawthorn,Western Bulldogs,64,37,7822,York Park
2021,Round 22,14-Aug-2021,Port Adelaide,Carlton,140,45,13943,Adelaide Oval
2021,Round 22,14-Aug-2021,Geelong,St Kilda,85,71,,Kardinia Park
2021,Round 22,14-Aug-2021,Brisbane Lions,Collingwood,142,57,15146,Gabba
2021,Round 22,14-Aug-2021,North Melbourne,Sydney,77,91,,Docklands
2021,Round 22,15-Aug-2021,Melbourne,Adelaide,104,63,,M.C.G.
2021,Round 22,15-Aug-2021,Gold Coast,Essendon,30,98,,Kardinia Park
2021,Round 22,15-Aug-2021,Fremantle,West Coast,79,64,51692,Perth Stadium
2021,Round 23,20-Aug-2021,Western Bulldogs,Port Adelaide,64,66,,Docklands
2021,Round 23,21-Aug-2021,Richmond,Hawthorn,83,83,,M.C.G.
2021,Round 23,21-Aug-2021,Sydney,Gold Coast,136,49,,Docklands
2021,Round 23,21-Aug-2021,Brisbane Lions,West Coast,125,87,21845,Gabba
2021,Round 23,21-Aug-2021,Geelong,Melbourne,77,81,,Kardinia Park
2021,Round 23,21-Aug-2021,Carlton,Greater Western Sydney,75,89,,Docklands
2021,Round 23,22-Aug-2021,St Kilda,Fremantle,107,49,3082,Bellerive Oval
2021,Round 23,22-Aug-2021,Essendon,Collingwood,102,64,,M.C.G.
2021,Round 23,22-Aug-2021,Adelaide,North Melbourne,98,54,13103,Adelaide Oval
2021,Qualifying Final,27-Aug-2021,Port Adelaide,Geelong,86,43,19712,Adelaide Oval
2021,Elimination Final,28-Aug-2021,Sydney,Greater Western Sydney,73,74,8635,York Park
2021,Qualifying Final,28-Aug-2021,Melbourne,Brisbane Lions,93,60,13784,Adelaide Oval
2021,Elimination Final,29-Aug-2021,Western Bulldogs,Essendon,85,36,9760,York Park
2021,Semi Final,03-Sep-2021,Geelong,Greater Western Sydney,103,68,44091,Perth Stadium
2021,Semi Final,04-Sep-2021,Brisbane Lions,Western Bulldogs,78,79,30647,Gabba
2021,Preliminary Final,10-Sep-2021,Melbourne,Geelong,125,42,58599,Perth Stadium
2021,Preliminary Final,11-Sep-2021,Port Adelaide,Western Bulldogs,45,116,26400,Adelaide Oval
2021,Grand Final,25-Sep-2021,Melbourne,Western Bulldogs,140,66,61118,Perth Stadium
2022,Round 1,16-Mar-2022,Melbourne,Western Bulldogs,97,71,58002,M.C.G.
2022,Round 1,17-Mar-2022,Carlton,Richmond,101,76,72179,M.C.G.
2022,Round 1,18-Mar-2022,St Kilda,Collingwood,85,102,40129,Docklands
2022,Round 1,19-Mar-2022,Geelong,Essendon,138,72,54495,M.C.G.
2022,Round 1,19-Mar-2022,Greater Western Sydney,Sydney,92,112,25572,Stadium Australia
2022,Round 1,19-Mar-2022,Brisbane Lions,Port Adelaide,80,69,25100,Gabba
2022,Round 1,20-Mar-2022,Hawthorn,North Melbourne,78,58,38297,M.C.G.
2022,Round 1,20-Mar-2022,Adelaide,Fremantle,82,83,28186,Adelaide Oval
2022,Round 1,20-Mar-2022,West Coast,Gold Coast,80,107,20932,Perth Stadium
2022,Round 2,24-Mar-2022,Western Bulldogs,Carlton,90,102,34961,Docklands
2022,Round 2,25-Mar-2022,Sydney,Geelong,107,77,36578,S.C.G.
2022,Round 2,26-Mar-2022,Collingwood,Adelaide,100,58,36843,M.C.G.
2022,Round 2,26-Mar-2022,Essendon,Brisbane Lions,75,97,30631,Docklands
2022,Round 2,26-Mar-2022,Port Adelaide,Hawthorn,56,120,30267,Adelaide Oval
2022,Round 2,26-Mar-2022,Gold Coast,Melbourne,69,82,8280,Carrara
2022,Round 2,27-Mar-2022,North Melbourne,West Coast,74,59,14204,Docklands
2022,Round 2,27-Mar-2022,Richmond,Greater Western Sydney,109,73,28813,M.C.G.
2022,Round 2,27-Mar-2022,Fremantle,St Kilda,55,65,25284,Perth Stadium
2022,Round 3,31-Mar-2022,Western Bulldogs,Sydney,71,60,24327,Docklands
2022,Round 3,01-Apr-2022,Melbourne,Essendon,99,70,44503,M.C.G.
2022,Round 3,01-Apr-2022,Adelaide,Port Adelaide,96,92,39190,Adelaide Oval
2022,Round 3,02-Apr-2022,Greater Western Sydney,Gold Coast,83,57,4014,Sydney Showground
2022,Round 3,02-Apr-2022,Collingwood,Geelong,91,104,52974,M.C.G.
2022,Round 3,02-Apr-2022,Brisbane Lions,North Melbourne,156,48,19817,Gabba
2022,Round 3,03-Apr-2022,Carlton,Hawthorn,74,73,66317,M.C.G.
2022,Round 3,03-Apr-2022,St Kilda,Richmond,117,84,31933,Docklands
2022,Round 3,03-Apr-2022,West Coast,Fremantle,47,102,38920,Perth Stadium
2022,Round 4,07-Apr-2022,Port Adelaide,Melbourne,36,68,23058,Adelaide Oval
2022,Round 4,08-Apr-2022,Geelong,Brisbane Lions,80,70,20505,Kardinia Park
2022,Round 4,09-Apr-2022,Sydney,North Melbourne,86,75,22307,S.C.G.
2022,Round 4,09-Apr-2022,Collingwood,West Coast,74,87,25897,Docklands
2022,Round 4,09-Apr-2022,Fremantle,Greater Western Sydney,88,54,30201,Perth Stadium
2022,Round 4,09-Apr-2022,Richmond,Western Bulldogs,99,61,43645,M.C.G.
2022,Round 4,10-Apr-2022,Essendon,Adelaide,103,99,24906,Docklands
2022,Round 4,10-Apr-2022,Hawthorn,St Kilda,73,142,30926,M.C.G.
2022,Round 4,10-Apr-2022,Gold Coast,Carlton,92,62,14349,Carrara
2022,Round 5,14-Apr-2022,Brisbane Lions,Collingwood,98,91,32312,Gabba
2022,Round 5,15-Apr-2022,North Melbourne,Western Bulldogs,71,139,32162,Docklands
2022,Round 5,15-Apr-2022,West Coast,Sydney,58,121,42888,Perth Stadium
2022,Round 5,16-Apr-2022,St Kilda,Gold Coast,87,61,18724,Docklands
2022,Round 5,16-Apr-2022,Adelaide,Richmond,101,82,33031,Adelaide Oval
2022,Round 5,16-Apr-2022,Melbourne,Greater Western Sydney,120,53,20791,M.C.G.
2022,Round 5,17-Apr-2022,Carlton,Port Adelaide,94,91,33433,M.C.G.
2022,Round 5,17-Apr-2022,Essendon,Fremantle,59,107,23935,Docklands
2022,Round 5,18-Apr-2022,Hawthorn,Geelong,92,80,48030,M.C.G.
2022,Round 6,22-Apr-2022,Greater Western Sydney,St Kilda,60,77,11207,Manuka Oval
2022,Round 6,23-Apr-2022,Western Bulldogs,Adelaide,62,63,10412,Eureka Stadium
2022,Round 6,23-Apr-2022,Port Adelaide,West Coast,117,33,28587,Adelaide Oval
2022,Round 6,23-Apr-2022,Fremantle,Carlton,97,62,42302,Perth Stadium
2022,Round 6,24-Apr-2022,North Melbourne,Geelong,61,121,8663,Bellerive Oval
2022,Round 6,24-Apr-2022,Gold Coast,Brisbane Lions,80,132,14897,Carrara
2022,Round 6,24-Apr-2022,Richmond,Melbourne,54,76,70334,M.C.G.
2022,Round 6,25-Apr-2022,Hawthorn,Sydney,68,109,14107,York Park
2022,Round 6,25-Apr-2022,Essendon,Collingwood,82,93,84205,M.C.G.
2022,Round 7,29-Apr-2022,West Coast,Richmond,56,165,39430,Perth Stadium
2022,Round 7,30-Apr-2022,Geelong,Fremantle,66,69,20136,Kardinia Park
2022,Round 7,30-Apr-2022,Adelaide,Greater Western Sydney,54,113,31811,Adelaide Oval
2022,Round 7,30-Apr-2022,Melbourne,Hawthorn,91,81,39425,M.C.G.
2022,Round 7,30-Apr-2022,Carlton,North Melbourne,114,64,40129,Docklands
2022,Round 7,30-Apr-2022,St Kilda,Port Adelaide,42,43,6645,Cazaly's Stadium
2022,Round 7,01-May-2022,Collingwood,Gold Coast,115,90,28916,M.C.G.
2022,Round 7,01-May-2022,Western Bulldogs,Essendon,103,71,33677,Docklands
2022,Round 7,01-May-2022,Sydney,Brisbane Lions,89,113,30110,S.C.G.
2022,Round 8,06-May-2022,Port Adelaide,Western Bulldogs,86,69,29290,Adelaide Oval
2022,Round 8,06-May-2022,Fremantle,North Melbourne,102,24,37040,Perth Stadium
2022,Round 8,07-May-2022,Richmond,Collingwood,113,86,64481,M.C.G.
2022,Round 8,07-May-2022,Sydney,Gold Coast,61,75,20420,S.C.G.
2022,Round 8,07-May-2022,Greater Western Sydney,Geelong,35,88,11661,Manuka Oval
2022,Round 8,07-May-2022,Essendon,Hawthorn,108,81,33042,Docklands
2022,Round 8,07-May-2022,Brisbane Lions,West Coast,105,30,19331,Gabba
2022,Round 8,08-May-2022,Melbourne,St Kilda,93,55,35767,M.C.G.
2022,Round 8,08-May-2022,Carlton,Adelaide,116,68,25376,Docklands
2022,Round 9,13-May-2022,Collingwood,Western Bulldogs,51,99,44029,Docklands
2022,Round 9,14-May-2022,Hawthorn,Richmond,94,117,40663,M.C.G.
2022,Round 9,14-May-2022,North Melbourne,Port Adelaide,46,115,5114,Bellerive Oval
2022,Round 9,14-May-2022,St Kilda,Geelong,90,80,32517,Docklands
2022,Round 9,14-May-2022,Sydney,Essendon,105,47,27464,S.C.G.
2022,Round 9,14-May-2022,Adelaide,Brisbane Lions,66,102,36579,Adelaide Oval
2022,Round 9,15-May-2022,Gold Coast,Fremantle,69,33,6136,Carrara
2022,Round 9,15-May-2022,Greater Western Sydney,Carlton,75,105,8754,Sydney Showground
2022,Round 9,15-May-2022,West Coast,Melbourne,38,112,27488,Perth Stadium
2022,Round 10,20-May-2022,Carlton,Sydney,102,87,44769,Docklands
2022,Round 10,21-May-2022,Western Bulldogs,Gold Coast,106,87,6040,Eureka Stadium
2022,Round 10,21-May-2022,Geelong,Port Adelaide,82,47,18721,Kardinia Park
2022,Round 10,21-May-2022,North Melbourne,Melbourne,53,100,13422,Docklands
2022,Round 10,21-May-2022,Adelaide,St Kilda,69,90,28783,Adelaide Oval
2022,Round 10,21-May-2022,Richmond,Essendon,80,48,70226,M.C.G.
2022,Round 10,22-May-2022,Greater Western Sydney,West Coast,138,86,5057,Sydney Showground
2022,Round 10,22-May-2022,Hawthorn,Brisbane Lions,117,112,12007,York Park
2022,Round 10,22-May-2022,Fremantle,Collingwood,44,80,35534,Perth Stadium
2022,Round 11,27-May-2022,Sydney,Richmond,106,100,31387,S.C.G.
2022,Round 11,28-May-2022,Geelong,Adelaide,97,55,19051,Kardinia Park
2022,Round 11,28-May-2022,Brisbane Lions,Greater Western Sydney,110,96,22068,Gabba
2022,Round 11,28-May-2022,Melbourne,Fremantle,56,94,29812,M.C.G.
2022,Round 11,28-May-2022,West Coast,Western Bulldogs,60,161,31838,Perth Stadium
2022,Round 11,28-May-2022,Gold Coast,Hawthorn,121,54,7516,Marrara Oval
2022,Round 11,29-May-2022,St Kilda,North Melbourne,103,50,23464,Docklands
2022,Round 11,29-May-2022,Collingwood,Carlton,79,75,80627,M.C.G.
2022,Round 11,29-May-2022,Port Adelaide,Essendon,66,50,25877,Adelaide Oval
2022,Round 12,03-Jun-2022,Western Bulldogs,Geelong,70,83,34370,Docklands
2022,Round 12,04-Jun-2022,Adelaide,West Coast,88,57,22859,Adelaide Oval
2022,Round 12,04-Jun-2022,Gold Coast,North Melbourne,109,47,5523,Marrara Oval
2022,Round 12,04-Jun-2022,Melbourne,Sydney,61,73,32753,M.C.G.
2022,Round 12,05-Jun-2022,Hawthorn,Collingwood,68,72,43939,M.C.G.
2022,Round 12,05-Jun-2022,Fremantle,Brisbane Lions,99,85,47214,Perth Stadium
2022,Round 13,09-Jun-2022,Richmond,Port Adelaide,77,65,21757,M.C.G.
2022,Round 13,10-Jun-2022,Essendon,Carlton,54,80,65440,M.C.G.
2022,Round 13,11-Jun-2022,Fremantle,Hawthorn,95,82,39428,Perth Stadium
2022,Round 13,11-Jun-2022,Brisbane Lions,St Kilda,78,57,26610,Gabba
2022,Round 13,12-Jun-2022,North Melbourne,Greater Western Sydney,53,102,13742,Docklands
2022,Round 13,13-Jun-2022,Collingwood,Melbourne,82,56,76059,M.C.G.
2022,Round 14,16-Jun-2022,Richmond,Carlton,81,66,50741,M.C.G.
2022,Round 14,17-Jun-2022,St Kilda,Essendon,72,107,33274,Docklands
2022,Round 14,18-Jun-2022,Port Adelaide,Sydney,82,59,30445,Adelaide Oval
2022,Round 14,18-Jun-2022,West Coast,Geelong,63,81,32526,Perth Stadium
2022,Round 14,18-Jun-2022,Greater Western Sydney,Western Bulldogs,105,125,6208,Sydney Showground
2022,Round 14,19-Jun-2022,Gold Coast,Adelaide,116,73,10507,Carrara
2022,Round 15,23-Jun-2022,Melbourne,Brisbane Lions,117,53,37728,M.C.G.
2022,Round 15,24-Jun-2022,Western Bulldogs,Hawthorn,125,83,32505,Docklands
2022,Round 15,24-Jun-2022,West Coast,Essendon,107,97,40933,Perth Stadium
2022,Round 15,25-Jun-2022,Carlton,Fremantle,81,50,35441,Docklands
2022,Round 15,25-Jun-2022,Geelong,Richmond,89,86,59335,M.C.G.
2022,Round 15,25-Jun-2022,Sydney,St Kilda,83,32,31513,S.C.G.
2022,Round 15,26-Jun-2022,North Melbourne,Adelaide,58,115,5072,Bellerive Oval
2022,Round 15,26-Jun-2022,Collingwood,Greater Western Sydney,88,77,30804,M.C.G.
2022,Round 15,26-Jun-2022,Port Adelaide,Gold Coast,93,91,26241,Adelaide Oval
2022,Round 16,30-Jun-2022,Brisbane Lions,Western Bulldogs,108,67,25011,Gabba
2022,Round 16,01-Jul-2022,Carlton,St Kilda,78,93,43194,Docklands
2022,Round 16,02-Jul-2022,Essendon,Sydney,95,86,43163,M.C.G.
2022,Round 16,02-Jul-2022,Adelaide,Melbourne,65,94,30702,Adelaide Oval
2022,Round 16,02-Jul-2022,Gold Coast,Collingwood,62,67,16027,Carrara
2022,Round 16,02-Jul-2022,Geelong,North Melbourne,144,32,18091,Kardinia Park
2022,Round 16,03-Jul-2022,Richmond,West Coast,128,93,39391,M.C.G.
2022,Round 16,03-Jul-2022,Greater Western Sydney,Hawthorn,72,50,4812,Sydney Showground
2022,Round 16,03-Jul-2022,Fremantle,Port Adelaide,99,91,41326,Perth Stadium
2022,Round 17,07-Jul-2022,Geelong,Melbourne,91,63,21501,Kardinia Park
2022,Round 17,08-Jul-2022,Sydney,Western Bulldogs,120,67,22226,S.C.G.
2022,Round 17,09-Jul-2022,Collingwood,North Melbourne,88,81,45039,M.C.G.
2022,Round 17,09-Jul-2022,Gold Coast,Richmond,94,92,18031,Carrara
2022,Round 17,09-Jul-2022,St Kilda,Fremantle,70,111,21652,Docklands
2022,Round 17,09-Jul-2022,Port Adelaide,Greater Western Sydney,84,29,24744,Adelaide Oval
2022,Round 17,10-Jul-2022,Brisbane Lions,Essendon,90,100,29101,Gabba
2022,Round 17,10-Jul-2022,Hawthorn,Adelaide,86,54,18833,Docklands
2022,Round 17,10-Jul-2022,West Coast,Carlton,53,116,43359,Perth Stadium
2022,Round 18,15-Jul-2022,Western Bulldogs,St Kilda,84,56,25981,Docklands
2022,Round 18,16-Jul-2022,Adelaide,Collingwood,86,91,30110,Adelaide Oval
2022,Round 18,16-Jul-2022,Greater Western Sydney,Brisbane Lions,59,99,9010,Manuka Oval
2022,Round 18,16-Jul-2022,North Melbourne,Richmond,92,88,22666,Docklands
2022,Round 18,16-Jul-2022,Carlton,Geelong,55,85,68208,M.C.G.
2022,Round 18,16-Jul-2022,Fremantle,Sydney,65,82,46596,Perth Stadium
2022,Round 18,17-Jul-2022,Hawthorn,West Coast,102,77,22598,M.C.G.
2022,Round 18,17-Jul-2022,Melbourne,Port Adelaide,83,69,6312,Traeger Park
2022,Round 18,17-Jul-2022,Essendon,Gold Coast,103,55,23484,Docklands
2022,Round 19,22-Jul-2022,Richmond,Fremantle,52,52,23549,Docklands
2022,Round 19,23-Jul-2022,Sydney,Adelaide,118,85,25084,S.C.G.
2022,Round 19,23-Jul-2022,North Melbourne,Hawthorn,75,121,9713,Bellerive Oval
2022,Round 19,23-Jul-2022,Port Adelaide,Geelong,94,106,30937,Adelaide Oval
2022,Round 19,23-Jul-2022,Brisbane Lions,Gold Coast,110,93,21467,Gabba
2022,Round 19,23-Jul-2022,Western Bulldogs,Melbourne,110,100,26501,Docklands
2022,Round 19,24-Jul-2022,Carlton,Greater Western Sydney,90,54,30295,Docklands
2022,Round 19,24-Jul-2022,Collingwood,Essendon,80,76,72402,M.C.G.
2022,Round 19,24-Jul-2022,West Coast,St Kilda,62,90,35665,Perth Stadium
2022,Round 20,29-Jul-2022,Fremantle,Melbourne,39,85,46313,Perth Stadium
2022,Round 20,30-Jul-2022,Collingwood,Port Adelaide,88,82,40716,M.C.G.
2022,Round 20,30-Jul-2022,Sydney,Greater Western Sydney,112,39,31916,S.C.G.
2022,Round 20,30-Jul-2022,St Kilda,Hawthorn,75,63,25348,Docklands
2022,Round 20,30-Jul-2022,Geelong,Western Bulldogs,94,66,22106,Kardinia Park
2022,Round 20,30-Jul-2022,Adelaide,Carlton,84,55,35666,Adelaide Oval
2022,Round 20,31-Jul-2022,Gold Coast,West Coast,107,104,8282,Carrara
2022,Round 20,31-Jul-2022,Richmond,Brisbane Lions,104,97,39056,M.C.G.
2022,Round 20,31-Jul-2022,Essendon,North Melbourne,114,66,29549,Docklands
2022,Round 21,05-Aug-2022,Melbourne,Collingwood,89,96,70596,M.C.G.
2022,Round 21,06-Aug-2022,Hawthorn,Gold Coast,70,63,9022,York Park
2022,Round 21,06-Aug-2022,Greater Western Sydney,Essendon,96,69,7772,Sydney Showground
2022,Round 21,06-Aug-2022,Western Bulldogs,Fremantle,78,95,24130,Docklands
2022,Round 21,06-Aug-2022,Geelong,St Kilda,110,65,20583,Kardinia Park
2022,Round 21,06-Aug-2022,Port Adelaide,Richmond,71,109,27091,Adelaide Oval
2022,Round 21,07-Aug-2022,North Melbourne,Sydney,88,126,19091,Docklands
2022,Round 21,07-Aug-2022,Brisbane Lions,Carlton,114,81,31011,Gabba
2022,Round 21,07-Aug-2022,West Coast,Adelaide,86,102,50117,Perth Stadium
2022,Round 22,12-Aug-2022,St Kilda,Brisbane Lions,66,81,22211,Docklands
2022,Round 22,13-Aug-2022,Western Bulldogs,Greater Western Sydney,62,57,18301,Docklands
2022,Round 22,13-Aug-2022,Adelaide,North Melbourne,103,74,28802,Adelaide Oval
2022,Round 22,13-Aug-2022,Gold Coast,Geelong,59,119,14728,Carrara
2022,Round 22,13-Aug-2022,Melbourne,Carlton,79,74,55705,M.C.G.
2022,Round 22,13-Aug-2022,Fremantle,West Coast,71,47,53818,Perth Stadium
2022,Round 22,14-Aug-2022,Richmond,Hawthorn,128,67,59338,M.C.G.
2022,Round 22,14-Aug-2022,Sydney,Collingwood,77,50,44659,S.C.G.
2022,Round 22,14-Aug-2022,Essendon,Port Adelaide,62,146,20568,Docklands
2022,Round 23,19-Aug-2022,Brisbane Lions,Melbourne,57,115,32172,Gabba
2022,Round 23,20-Aug-2022,Greater Western Sydney,Fremantle,69,89,7338,Manuka Oval
2022,Round 23,20-Aug-2022,North Melbourne,Gold Coast,47,114,14196,Docklands
2022,Round 23,20-Aug-2022,Geelong,West Coast,131,46,21098,Kardinia Park
2022,Round 23,20-Aug-2022,Essendon,Richmond,75,141,58366,M.C.G.
2022,Round 23,20-Aug-2022,Port Adelaide,Adelaide,111,55,50090,Adelaide Oval
2022,Round 23,21-Aug-2022,Hawthorn,Western Bulldogs,64,87,13105,York Park
2022,Round 23,21-Aug-2022,Carlton,Collingwood,74,75,88287,M.C.G.
2022,Round 23,21-Aug-2022,St Kilda,Sydney,74,88,23344,Docklands
2022,Elimination Final,01-Sep-2022,Brisbane Lions,Richmond,106,104,35013,Gabba
2022,Qualifying Final,02-Sep-2022,Melbourne,Sydney,69,91,78377,M.C.G.
2022,Qualifying Final,03-Sep-2022,Geelong,Collingwood,78,72,91525,M.C.G.
2022,Elimination Final,03-Sep-2022,Fremantle,Western Bulldogs,73,60,58982,Perth Stadium
2022,Semi Final,09-Sep-2022,Melbourne,Brisbane Lions,79,92,62162,M.C.G.
2022,Semi Final,10-Sep-2022,Collingwood,Fremantle,79,59,90612,M.C.G.
2022,Preliminary Final,16-Sep-2022,Geelong,Brisbane Lions,120,49,77677,M.C.G.
2022,Preliminary Final,17-Sep-2022,Sydney,Collingwood,95,94,45608,S.C.G.
2022,Grand Final,24-Sep-2022,Geelong,Sydney,133,52,100024,M.C.G.
2023,Round 1,16-Mar-2023,Richmond,Carlton,58,58,88084,M.C.G.
2023,Round 1,17-Mar-2023,Geelong,Collingwood,103,125,86595,M.C.G.
2023,Round 1,18-Mar-2023,North Melbourne,West Coast,87,82,21274,Docklands
2023,Round 1,18-Mar-2023,Port Adelaide,Brisbane Lions,126,72,34255,Adelaide Oval
2023,Round 1,18-Mar-2023,Melbourne,Western Bulldogs,115,65,48103,M.C.G.
2023,Round 1,18-Mar-2023,Gold Coast,Sydney,61,110,13648,Carrara
2023,Round 1,19-Mar-2023,Greater Western Sydney,Adelaide,106,90,8169,Sydney Showground
2023,Round 1,19-Mar-2023,Hawthorn,Essendon,65,124,68691,M.C.G.
2023,Round 1,19-Mar-2023,St Kilda,Fremantle,67,52,23429,Docklands
2023,Round 2,23-Mar-2023,Carlton,Geelong,90,82,55861,M.C.G.
2023,Round 2,24-Mar-2023,Brisbane Lions,Melbourne,93,82,30047,Gabba
2023,Round 2,25-Mar-2023,Collingwood,Port Adelaide,135,64,60744,M.C.G.
2023,Round 2,25-Mar-2023,Adelaide,Richmond,76,108,38492,Adelaide Oval
2023,Round 2,25-Mar-2023,Western Bulldogs,St Kilda,41,92,33294,Docklands
2023,Round 2,25-Mar-2023,Fremantle,North Melbourne,72,73,40487,Perth Stadium
2023,Round 2,26-Mar-2023,Sydney,Hawthorn,118,37,37052,S.C.G.
2023,Round 2,26-Mar-2023,Essendon,Gold Coast,108,80,32915,Docklands
2023,Round 2,26-Mar-2023,West Coast,Greater Western Sydney,100,81,44649,Perth Stadium
2023,Round 3,30-Mar-2023,Western Bulldogs,Brisbane Lions,67,53,23665,Docklands
2023,Round 3,31-Mar-2023,Collingwood,Richmond,63,49,85241,M.C.G.
2023,Round 3,01-Apr-2023,Hawthorn,North Melbourne,80,61,11007,York Park
2023,Round 3,01-Apr-2023,Greater Western Sydney,Carlton,64,74,9691,Sydney Showground
2023,Round 3,01-Apr-2023,St Kilda,Essendon,92,74,69255,M.C.G.
2023,Round 3,01-Apr-2023,Port Adelaide,Adelaide,86,117,48962,Adelaide Oval
2023,Round 3,02-Apr-2023,Gold Coast,Geelong,73,54,13122,Carrara
2023,Round 3,02-Apr-2023,Melbourne,Sydney,134,84,42423,M.C.G.
2023,Round 3,02-Apr-2023,Fremantle,West Coast,108,67,56090,Perth Stadium
2023,Round 4,06-Apr-2023,Brisbane Lions,Collingwood,116,83,33565,Gabba
2023,Round 4,07-Apr-2023,North Melbourne,Carlton,84,107,49062,Docklands
2023,Round 4,08-Apr-2023,Adelaide,Fremantle,111,72,33725,Adelaide Oval
2023,Round 4,08-Apr-2023,Richmond,Western Bulldogs,84,89,56449,M.C.G.
2023,Round 4,08-Apr-2023,Sydney,Port Adelaide,64,66,31686,S.C.G.
2023,Round 4,08-Apr-2023,St Kilda,Gold Coast,113,60,21049,Docklands
2023,Round 4,09-Apr-2023,Essendon,Greater Western Sydney,88,75,28815,Docklands
2023,Round 4,09-Apr-2023,West Coast,Melbourne,63,126,42458,Perth Stadium
2023,Round 4,10-Apr-2023,Geelong,Hawthorn,127,45,65335,M.C.G.
2023,Round 5,13-Apr-2023,Adelaide,Carlton,118,62,47395,Adelaide Oval
2023,Round 5,14-Apr-2023,Fremantle,Gold Coast,100,90,9329,Norwood Oval
2023,Round 5,14-Apr-2023,Richmond,Sydney,78,122,42134,Adelaide Oval
2023,Round 5,15-Apr-2023,Brisbane Lions,North Melbourne,152,77,7329,Summit Sports Park
2023,Round 5,15-Apr-2023,Essendon,Melbourne,104,77,33832,Adelaide Oval
2023,Round 5,15-Apr-2023,Port Adelaide,Western Bulldogs,70,56,45115,Adelaide Oval
2023,Round 5,16-Apr-2023,Geelong,West Coast,136,89,30120,Adelaide Oval
2023,Round 5,16-Apr-2023,Greater Western Sydney,Hawthorn,77,75,9057,Norwood Oval
2023,Round 5,16-Apr-2023,Collingwood,St Kilda,70,64,43976,Adelaide Oval
2023,Round 6,21-Apr-2023,Fremantle,Western Bulldogs,69,118,47503,Perth Stadium
2023,Round 6,22-Apr-2023,Port Adelaide,West Coast,109,69,31638,Adelaide Oval
2023,Round 6,22-Apr-2023,Greater Western Sydney,Brisbane Lions,87,108,10461,Manuka Oval
2023,Round 6,22-Apr-2023,Geelong,Sydney,130,37,23134,Kardinia Park
2023,Round 6,23-Apr-2023,Hawthorn,Adelaide,76,79,10119,York Park
2023,Round 6,23-Apr-2023,Carlton,St Kilda,60,82,45770,Docklands
2023,Round 6,23-Apr-2023,Gold Coast,North Melbourne,97,54,9672,Carrara
2023,Round 6,24-Apr-2023,Melbourne,Richmond,96,78,83985,M.C.G.
2023,Round 6,25-Apr-2023,Collingwood,Essendon,90,77,95179,M.C.G.
2023,Round 7,28-Apr-2023,St Kilda,Port Adelaide,76,83,25845,Docklands
2023,Round 7,29-Apr-2023,Brisbane Lions,Fremantle,115,67,25528,Gabba
2023,Round 7,29-Apr-2023,Sydney,Greater Western Sydney,106,107,31615,S.C.G.
2023,Round 7,29-Apr-2023,Western Bulldogs,Hawthorn,94,65,40119,Docklands
2023,Round 7,29-Apr-2023,Melbourne,North Melbourne,139,49,29455,M.C.G.
2023,Round 7,29-Apr-2023,West Coast,Carlton,44,152,47940,Perth Stadium
2023,Round 7,30-Apr-2023,Essendon,Geelong,104,132,67457,M.C.G.
2023,Round 7,30-Apr-2023,Richmond,Gold Coast,48,72,23664,Docklands
2023,Round 7,30-Apr-2023,Adelaide,Collingwood,58,59,43942,Adelaide Oval
2023,Round 8,05-May-2023,Carlton,Brisbane Lions,74,100,45458,Docklands
2023,Round 8,06-May-2023,Richmond,West Coast,104,58,28293,M.C.G.
2023,Round 8,06-May-2023,Geelong,Adelaide,98,72,21415,Kardinia Park
2023,Round 8,06-May-2023,Gold Coast,Melbourne,85,90,11440,Carrara
2023,Round 8,06-May-2023,Fremantle,Hawthorn,117,48,37160,Perth Stadium
2023,Round 8,06-May-2023,Greater Western Sydney,Western Bulldogs,71,86,10039,Manuka Oval
2023,Round 8,07-May-2023,Port Adelaide,Essendon,92,87,36247,Adelaide Oval
2023,Round 8,07-May-2023,Collingwood,Sydney,77,48,71463,M.C.G.
2023,Round 8,07-May-2023,North Melbourne,St Kilda,34,64,22065,Docklands
2023,Round 9,12-May-2023,Richmond,Geelong,102,78,58141,M.C.G.
2023,Round 9,12-May-2023,West Coast,Gold Coast,43,113,36219,Perth Stadium
2023,Round 9,13-May-2023,Sydney,Fremantle,86,103,28927,S.C.G.
2023,Round 9,13-May-2023,North Melbourne,Port Adelaide,65,135,6310,Bellerive Oval
2023,Round 9,13-May-2023,Hawthorn,Melbourne,49,103,39818,M.C.G.
2023,Round 9,13-May-2023,Brisbane Lions,Essendon,87,45,31898,Gabba
2023,Round 9,13-May-2023,Carlton,Western Bulldogs,59,79,42756,Docklands
2023,Round 9,14-May-2023,Adelaide,St Kilda,121,69,33805,Adelaide Oval
2023,Round 9,14-May-2023,Collingwood,Greater Western Sydney,120,55,37631,M.C.G.
2023,Round 10,19-May-2023,Port Adelaide,Melbourne,80,76,37565,Adelaide Oval
2023,Round 10,20-May-2023,North Melbourne,Sydney,90,93,21003,Docklands
2023,Round 10,20-May-2023,Western Bulldogs,Adelaide,85,40,10114,Eureka Stadium
2023,Round 10,20-May-2023,Fremantle,Geelong,106,77,45811,Perth Stadium
2023,Round 10,20-May-2023,Brisbane Lions,Gold Coast,107,64,23286,Gabba
2023,Round 10,20-May-2023,Essendon,Richmond,71,70,78300,M.C.G.
2023,Round 10,21-May-2023,Hawthorn,West Coast,142,26,9135,York Park
2023,Round 10,21-May-2023,Carlton,Collingwood,57,85,80354,M.C.G.
2023,Round 10,21-May-2023,Greater Western Sydney,St Kilda,80,92,7508,Sydney Showground
2023,Round 11,26-May-2023,Sydney,Carlton,77,51,36310,S.C.G.
2023,Round 11,27-May-2023,St Kilda,Hawthorn,78,88,32022,Docklands
2023,Round 11,27-May-2023,Melbourne,Fremantle,72,79,29154,M.C.G.
2023,Round 11,27-May-2023,Geelong,Greater Western Sydney,74,81,21349,Kardinia Park
2023,Round 11,27-May-2023,Gold Coast,Western Bulldogs,84,77,9316,Marrara Oval
2023,Round 11,27-May-2023,West Coast,Essendon,46,96,39269,Perth Stadium
2023,Round 11,28-May-2023,Richmond,Port Adelaide,67,77,30357,M.C.G.
2023,Round 11,28-May-2023,Collingwood,North Melbourne,105,70,39467,Docklands
2023,Round 11,28-May-2023,Adelaide,Brisbane Lions,95,78,33188,Adelaide Oval
2023,Round 12,02-Jun-2023,Melbourne,Carlton,61,44,49872,M.C.G.
2023,Round 12,03-Jun-2023,Port Adelaide,Hawthorn,151,96,34234,Adelaide Oval
2023,Round 12,03-Jun-2023,West Coast,Collingwood,57,120,41713,Perth Stadium
2023,Round 12,03-Jun-2023,Western Bulldogs,Geelong,75,97,41944,Docklands
2023,Round 12,03-Jun-2023,Gold Coast,Adelaide,112,87,10772,Marrara Oval
2023,Round 12,04-Jun-2023,Greater Western Sydney,Richmond,104,110,9723,Sydney Showground
2023,Round 12,04-Jun-2023,Essendon,North Melbourne,105,99,40488,Docklands
2023,Round 13,08-Jun-2023,Sydney,St Kilda,66,80,30123,S.C.G.
2023,Round 13,09-Jun-2023,Western Bulldogs,Port Adelaide,85,107,23110,Docklands
2023,Round 13,10-Jun-2023,Hawthorn,Brisbane Lions,98,73,35869,M.C.G.
2023,Round 13,10-Jun-2023,Adelaide,West Coast,174,52,39450,Adelaide Oval
2023,Round 13,10-Jun-2023,Fremantle,Richmond,70,85,46843,Perth Stadium
2023,Round 13,11-Jun-2023,North Melbourne,Greater Western Sydney,75,103,5025,Bellerive Oval
2023,Round 13,11-Jun-2023,Carlton,Essendon,52,86,83638,M.C.G.
2023,Round 13,12-Jun-2023,Melbourne,Collingwood,66,62,83578,M.C.G.
2023,Round 14,15-Jun-2023,Port Adelaide,Geelong,110,72,36316,Adelaide Oval
2023,Round 14,16-Jun-2023,Brisbane Lions,Sydney,97,81,28561,Gabba
2023,Round 14,17-Jun-2023,Greater Western Sydney,Fremantle,106,36,8633,Sydney Showground
2023,Round 14,17-Jun-2023,Richmond,St Kilda,90,70,62686,M.C.G.
2023,Round 14,18-Jun-2023,Carlton,Gold Coast,120,61,29602,M.C.G.
2023,Round 14,18-Jun-2023,North Melbourne,Western Bulldogs,84,105,23829,Docklands
2023,Round 15,22-Jun-2023,Geelong,Melbourne,78,63,19617,Kardinia Park
2023,Round 15,23-Jun-2023,St Kilda,Brisbane Lions,56,84,28985,Docklands
2023,Round 15,24-Jun-2023,Sydney,West Coast,205,34,31367,S.C.G.
2023,Round 15,24-Jun-2023,Fremantle,Essendon,93,61,43063,Perth Stadium
2023,Round 15,25-Jun-2023,Collingwood,Adelaide,82,80,65930,M.C.G.
2023,Round 15,25-Jun-2023,Gold Coast,Hawthorn,101,34,14242,Carrara
2023,Round 16,29-Jun-2023,Brisbane Lions,Richmond,134,53,30022,Gabba
2023,Round 16,30-Jun-2023,Sydney,Geelong,54,54,32098,S.C.G.
2023,Round 16,01-Jul-2023,Adelaide,North Melbourne,138,72,35226,Adelaide Oval
2023,Round 16,01-Jul-2023,Western Bulldogs,Fremantle,102,73,25412,Docklands
2023,Round 16,01-Jul-2023,Gold Coast,Collingwood,42,120,22483,Carrara
2023,Round 16,01-Jul-2023,Essendon,Port Adelaide,74,78,38957,M.C.G.
2023,Round 16,02-Jul-2023,Hawthorn,Carlton,52,112,66337,M.C.G.
2023,Round 16,02-Jul-2023,Melbourne,Greater Western Sydney,45,47,3413,Traeger Park
2023,Round 16,02-Jul-2023,West Coast,St Kilda,77,85,35579,Perth Stadium
2023,Round 17,06-Jul-2023,Richmond,Sydney,88,75,48443,M.C.G.
2023,Round 17,07-Jul-2023,Western Bulldogs,Collingwood,77,89,43482,Docklands
2023,Round 17,08-Jul-2023,Brisbane Lions,West Coast,116,35,24843,Gabba
2023,Round 17,08-Jul-2023,Greater Western Sydney,Hawthorn,85,72,9007,Sydney Showground
2023,Round 17,08-Jul-2023,St Kilda,Melbourne,58,79,30749,Docklands
2023,Round 17,08-Jul-2023,Port Adelaide,Gold Coast,106,73,31053,Adelaide Oval
2023,Round 17,09-Jul-2023,Geelong,North Melbourne,125,63,21066,Kardinia Park
2023,Round 17,09-Jul-2023,Essendon,Adelaide,115,97,39606,Docklands
2023,Round 17,09-Jul-2023,Fremantle,Carlton,45,98,49469,Perth Stadium
2023,Round 18,13-Jul-2023,Sydney,Western Bulldogs,78,76,26221,S.C.G.
2023,Round 18,14-Jul-2023,Melbourne,Brisbane Lions,105,104,38030,M.C.G.
2023,Round 18,15-Jul-2023,Collingwood,Fremantle,113,67,61157,M.C.G.
2023,Round 18,15-Jul-2023,Gold Coast,St Kilda,77,51,13015,Carrara
2023,Round 18,15-Jul-2023,Carlton,Port Adelaide,122,72,34306,Docklands
2023,Round 18,15-Jul-2023,Geelong,Essendon,122,45,23185,Kardinia Park
2023,Round 18,15-Jul-2023,Adelaide,Greater Western Sydney,57,71,36674,Adelaide Oval
2023,Round 18,16-Jul-2023,North Melbourne,Hawthorn,40,88,30201,Docklands
2023,Round 18,16-Jul-2023,West Coast,Richmond,60,98,40501,Perth Stadium
2023,Round 19,21-Jul-2023,Essendon,Western Bulldogs,49,90,43634,Docklands
2023,Round 19,22-Jul-2023,Richmond,Hawthorn,96,95,57654,M.C.G.
2023,Round 19,22-Jul-2023,Carlton,West Coast,140,69,34954,Docklands
2023,Round 19,22-Jul-2023,Brisbane Lions,Geelong,64,53,32586,Gabba
2023,Round 19,22-Jul-2023,Fremantle,Sydney,76,105,42433,Perth Stadium
2023,Round 19,22-Jul-2023,Port Adelaide,Collingwood,83,85,47965,Adelaide Oval
2023,Round 19,23-Jul-2023,Greater Western Sydney,Gold Coast,103,63,10026,Manuka Oval
2023,Round 19,23-Jul-2023,Melbourne,Adelaide,97,93,33122,M.C.G.
2023,Round 19,23-Jul-2023,St Kilda,North Melbourne,69,61,18279,Docklands
2023,Round 20,28-Jul-2023,Collingwood,Carlton,76,93,86785,M.C.G.
2023,Round 20,29-Jul-2023,Western Bulldogs,Greater Western Sydney,73,78,9080,Eureka Stadium
2023,Round 20,29-Jul-2023,Geelong,Fremantle,64,71,21619,Kardinia Park
2023,Round 20,29-Jul-2023,Gold Coast,Brisbane Lions,96,55,14097,Carrara
2023,Round 20,29-Jul-2023,Essendon,Sydney,99,101,38329,Docklands
2023,Round 20,29-Jul-2023,Adelaide,Port Adelaide,112,65,50023,Adelaide Oval
2023,Round 20,30-Jul-2023,Hawthorn,St Kilda,93,122,22769,Docklands
2023,Round 20,30-Jul-2023,Richmond,Melbourne,98,130,52294,M.C.G.
2023,Round 20,30-Jul-2023,West Coast,North Melbourne,72,67,38231,Perth Stadium
2023,Round 21,04-Aug-2023,Western Bulldogs,Richmond,126,71,39304,Docklands
2023,Round 21,05-Aug-2023,Essendon,West Coast,73,72,30742,Docklands
2023,Round 21,05-Aug-2023,Adelaide,Gold Coast,89,61,35777,Adelaide Oval
2023,Round 21,05-Aug-2023,Hawthorn,Collingwood,105,73,62134,M.C.G.
2023,Round 21,05-Aug-2023,Geelong,Port Adelaide,97,85,21279,Kardinia Park
2023,Round 21,05-Aug-2023,Greater Western Sydney,Sydney,85,96,19332,Sydney Showground
2023,Round 21,06-Aug-2023,North Melbourne,Melbourne,71,103,8034,Bellerive Oval
2023,Round 21,06-Aug-2023,St Kilda,Carlton,54,73,42656,Docklands
2023,Round 21,06-Aug-2023,Fremantle,Brisbane Lions,74,77,37845,Perth Stadium
2023,Round 22,11-Aug-2023,Collingwood,Geelong,109,101,78749,M.C.G.
2023,Round 22,12-Aug-2023,North Melbourne,Essendon,77,86,37231,Docklands
2023,Round 22,12-Aug-2023,Sydney,Gold Coast,114,90,33911,S.C.G.
2023,Round 22,12-Aug-2023,Brisbane Lions,Adelaide,99,93,30107,Gabba
2023,Round 22,12-Aug-2023,Carlton,Melbourne,60,56,68577,M.C.G.
2023,Round 22,12-Aug-2023,West Coast,Fremantle,33,134,51172,Perth Stadium
2023,Round 22,13-Aug-2023,Hawthorn,Western Bulldogs,67,64,12480,York Park
2023,Round 22,13-Aug-2023,St Kilda,Richmond,93,57,31119,Docklands
2023,Round 22,13-Aug-2023,Port Adelaide,Greater Western Sydney,136,85,32597,Adelaide Oval
2023,Round 23,18-Aug-2023,Collingwood,Brisbane Lions,100,124,38350,Docklands
2023,Round 23,19-Aug-2023,Richmond,North Melbourne,101,72,59555,M.C.G.
2023,Round 23,19-Aug-2023,Gold Coast,Carlton,87,91,19253,Carrara
2023,Round 23,19-Aug-2023,Greater Western Sydney,Essendon,162,36,10281,Sydney Showground
2023,Round 23,19-Aug-2023,St Kilda,Geelong,88,55,40103,Docklands
2023,Round 23,19-Aug-2023,Adelaide,Sydney,73,74,44817,Adelaide Oval
2023,Round 23,20-Aug-2023,Western Bulldogs,West Coast,85,92,23965,Docklands
2023,Round 23,20-Aug-2023,Melbourne,Hawthorn,87,60,50142,M.C.G.
2023,Round 23,20-Aug-2023,Fremantle,Port Adelaide,58,74,38360,Perth Stadium
2023,Round 24,25-Aug-2023,Essendon,Collingwood,31,101,74344,M.C.G.
2023,Round 24,26-Aug-2023,Hawthorn,Fremantle,56,93,27951,M.C.G.
2023,Round 24,26-Aug-2023,North Melbourne,Gold Coast,132,97,4378,Bellerive Oval
2023,Round 24,26-Aug-2023,Brisbane Lions,St Kilda,72,60,31689,Gabba
2023,Round 24,26-Aug-2023,Geelong,Western Bulldogs,79,104,20533,Kardinia Park
2023,Round 24,26-Aug-2023,West Coast,Adelaide,78,123,47027,Perth Stadium
2023,Round 24,27-Aug-2023,Port Adelaide,Richmond,94,63,39860,Adelaide Oval
2023,Round 24,27-Aug-2023,Sydney,Melbourne,56,77,41753,S.C.G.
2023,Round 24,27-Aug-2023,Carlton,Greater Western Sydney,73,105,44354,Docklands
2023,Qualifying Final,07-Sep-2023,Collingwood,Melbourne,60,53,92636,M.C.G.
2023,Elimination Final,08-Sep-2023,Carlton,Sydney,74,68,92026,M.C.G.
2023,Elimination Final,09-Sep-2023,St Kilda,Greater Western Sydney,77,101,68465,M.C.G.
2023,Qualifying Final,09-Sep-2023,Brisbane Lions,Port Adelaide,123,75,36020,Gabba
2023,Semi Final,15-Sep-2023,Melbourne,Carlton,71,73,96412,M.C.G.
2023,Semi Final,16-Sep-2023,Port Adelaide,Greater Western Sydney,70,93,45520,Adelaide Oval
2023,Preliminary Final,22-Sep-2023,Collingwood,Greater Western Sydney,58,57,97665,M.C.G.
2023,Preliminary Final,23-Sep-2023,Brisbane Lions,Carlton,79,63,36012,Gabba
2023,Grand Final,30-Sep-2023,Collingwood,Brisbane Lions,90,86,100024,M.C.G.
2024,Round 1,07-Mar-2024,Sydney,Melbourne,86,64,40012,S.C.G.
2024,Round 1,08-Mar-2024,Brisbane Lions,Carlton,85,86,33367,Gabba
2024,Round 1,09-Mar-2024,Gold Coast,Richmond,99,60,22086,Carrara
2024,Round 1,09-Mar-2024,Greater Western Sydney,Collingwood,114,82,21235,Sydney Showground
2024,Round 2,14-Mar-2024,Carlton,Richmond,86,81,83881,M.C.G.
2024,Round 2,15-Mar-2024,Collingwood,Sydney,69,102,78933,M.C.G.
2024,Round 2,16-Mar-2024,Essendon,Hawthorn,107,83,73805,M.C.G.
2024,Round 2,16-Mar-2024,Greater Western Sydney,North Melbourne,121,82,8034,Sydney Showground
2024,Round 2,16-Mar-2024,Geelong,St Kilda,76,68,39352,Kardinia Park
2024,Round 2,16-Mar-2024,Gold Coast,Adelaide,60,54,11466,Carrara
2024,Round 2,17-Mar-2024,Melbourne,Western Bulldogs,109,64,44100,M.C.G.
2024,Round 2,17-Mar-2024,Port Adelaide,West Coast,120,70,34078,Adelaide Oval
2024,Round 2,17-Mar-2024,Fremantle,Brisbane Lions,93,70,40604,Perth Stadium
2024,Round 3,21-Mar-2024,St Kilda,Collingwood,94,79,69517,M.C.G.
2024,Round 3,22-Mar-2024,Adelaide,Geelong,77,96,44758,Adelaide Oval
2024,Round 3,23-Mar-2024,North Melbourne,Fremantle,76,102,17589,Docklands
2024,Round 3,23-Mar-2024,Hawthorn,Melbourne,38,93,43960,M.C.G.
2024,Round 3,23-Mar-2024,Sydney,Essendon,131,101,34954,S.C.G.
2024,Round 3,24-Mar-2024,Western Bulldogs,Gold Coast,115,67,9752,Eureka Stadium
2024,Round 3,24-Mar-2024,Richmond,Port Adelaide,92,122,30254,M.C.G.
2024,Round 3,24-Mar-2024,West Coast,Greater Western Sydney,43,108,42401,Perth Stadium
2024,Round 4,28-Mar-2024,Brisbane Lions,Collingwood,72,92,34022,Gabba
2024,Round 4,29-Mar-2024,North Melbourne,Carlton,81,137,47565,Docklands
2024,Round 4,29-Mar-2024,Fremantle,Adelaide,69,34,51037,Perth Stadium
2024,Round 4,30-Mar-2024,Essendon,St Kilda,71,67,44412,Docklands
2024,Round 4,30-Mar-2024,Port Adelaide,Melbourne,89,96,38105,Adelaide Oval
2024,Round 4,31-Mar-2024,Western Bulldogs,West Coast,106,30,22991,Docklands
2024,Round 4,31-Mar-2024,Richmond,Sydney,82,77,45112,M.C.G.
2024,Round 4,01-Apr-2024,Hawthorn,Geelong,70,106,67020,M.C.G.
2024,Round 5,04-Apr-2024,Adelaide,Melbourne,63,78,48020,Adelaide Oval
2024,Round 5,05-Apr-2024,Brisbane Lions,North Melbourne,112,42,9037,Norwood Oval
2024,Round 5,05-Apr-2024,Port Adelaide,Essendon,111,42,47461,Adelaide Oval
2024,Round 5,06-Apr-2024,West Coast,Sydney,78,104,9225,Summit Sports Park
2024,Round 5,06-Apr-2024,Fremantle,Carlton,63,73,43158,Adelaide Oval
2024,Round 5,06-Apr-2024,Western Bulldogs,Geelong,91,95,45970,Adelaide Oval
2024,Round 5,07-Apr-2024,Gold Coast,Greater Western Sydney,89,117,9337,Summit Sports Park
2024,Round 5,07-Apr-2024,Richmond,St Kilda,60,67,9425,Norwood Oval
2024,Round 5,07-Apr-2024,Collingwood,Hawthorn,77,72,43198,Adelaide Oval
2024,Round 6,11-Apr-2024,Melbourne,Brisbane Lions,60,82,43098,M.C.G.
2024,Round 6,12-Apr-2024,Western Bulldogs,Essendon,67,96,50144,Docklands
2024,Round 6,13-Apr-2024,Greater Western Sydney,St Kilda,80,79,12448,Manuka Oval
2024,Round 6,13-Apr-2024,Carlton,Adelaide,98,100,46283,Docklands
2024,Round 6,13-Apr-2024,Port Adelaide,Fremantle,66,63,35658,Adelaide Oval
2024,Round 6,13-Apr-2024,Gold Coast,Hawthorn,109,56,13900,Carrara
2024,Round 6,14-Apr-2024,Geelong,North Melbourne,139,64,31194,Kardinia Park
2024,Round 6,14-Apr-2024,West Coast,Richmond,109,70,47665,Perth Stadium
2024,Round 7,18-Apr-2024,St Kilda,Western Bulldogs,64,124,26719,Docklands
2024,Round 7,19-Apr-2024,Adelaide,Essendon,75,78,46700,Adelaide Oval
2024,Round 7,20-Apr-2024,Collingwood,Port Adelaide,123,81,65834,M.C.G.
2024,Round 7,20-Apr-2024,Carlton,Greater Western Sydney,117,98,40474,Docklands
2024,Round 7,20-Apr-2024,Brisbane Lions,Geelong,37,63,30429,Gabba
2024,Round 7,20-Apr-2024,West Coast,Fremantle,105,68,54473,Perth Stadium
2024,Round 7,21-Apr-2024,Sydney,Gold Coast,110,57,35649,S.C.G.
2024,Round 7,21-Apr-2024,North Melbourne,Hawthorn,68,113,30648,Docklands
2024,Round 8,24-Apr-2024,Richmond,Melbourne,42,85,72840,M.C.G.
2024,Round 8,25-Apr-2024,Essendon,Collingwood,85,85,93644,M.C.G.
2024,Round 8,25-Apr-2024,Greater Western Sydney,Brisbane Lions,113,59,13080,Manuka Oval
2024,Round 8,26-Apr-2024,Port Adelaide,St Kilda,82,72,40306,Adelaide Oval
2024,Round 8,27-Apr-2024,North Melbourne,Adelaide,81,138,5365,Bellerive Oval
2024,Round 8,27-Apr-2024,Geelong,Carlton,118,105,87775,M.C.G.
2024,Round 8,27-Apr-2024,Fremantle,Western Bulldogs,95,71,45931,Perth Stadium
2024,Round 8,28-Apr-2024,Gold Coast,West Coast,112,75,11440,Carrara
2024,Round 8,28-Apr-2024,Hawthorn,Sydney,42,118,38052,M.C.G.
2024,Round 9,02-May-2024,Adelaide,Port Adelaide,78,48,52106,Adelaide Oval
2024,Round 9,03-May-2024,Carlton,Collingwood,79,85,88362,M.C.G.
2024,Round 9,04-May-2024,Sydney,Greater Western Sydney,98,69,40337,S.C.G.
2024,Round 9,04-May-2024,St Kilda,North Melbourne,103,65,27009,Docklands
2024,Round 9,04-May-2024,Melbourne,Geelong,74,66,51795,M.C.G.
2024,Round 9,04-May-2024,West Coast,Essendon,71,77,51751,Perth Stadium
2024,Round 9,05-May-2024,Richmond,Fremantle,49,103,32252,M.C.G.
2024,Round 9,05-May-2024,Western Bulldogs,Hawthorn,91,98,29555,Docklands
2024,Round 9,05-May-2024,Brisbane Lions,Gold Coast,79,45,30285,Gabba
2024,Round 10,09-May-2024,Carlton,Melbourne,77,76,58472,M.C.G.
2024,Round 10,10-May-2024,Geelong,Port Adelaide,95,101,29942,Kardinia Park
2024,Round 10,10-May-2024,Fremantle,Sydney,39,87,46198,Perth Stadium
2024,Round 10,11-May-2024,Hawthorn,St Kilda,58,53,15112,York Park
2024,Round 10,11-May-2024,Essendon,Greater Western Sydney,82,62,37295,Docklands
2024,Round 10,11-May-2024,Gold Coast,North Melbourne,120,52,7036,Marrara Oval
2024,Round 10,11-May-2024,Richmond,Western Bulldogs,42,133,38007,M.C.G.
2024,Round 10,12-May-2024,Collingwood,West Coast,103,37,37433,Docklands
2024,Round 10,12-May-2024,Adelaide,Brisbane Lions,90,90,40278,Adelaide Oval
2024,Round 11,16-May-2024,Gold Coast,Geelong,164,100,12112,Marrara Oval
2024,Round 11,17-May-2024,Sydney,Carlton,117,65,44047,S.C.G.
2024,Round 11,18-May-2024,Collingwood,Adelaide,78,74,63925,M.C.G.
2024,Round 11,18-May-2024,Greater Western Sydney,Western Bulldogs,43,70,7747,Sydney Showground
2024,Round 11,18-May-2024,St Kilda,Fremantle,55,72,19265,Docklands
2024,Round 11,18-May-2024,Brisbane Lions,Richmond,163,44,27200,Gabba
2024,Round 11,19-May-2024,Essendon,North Melbourne,106,66,43125,Docklands
2024,Round 11,19-May-2024,Port Adelaide,Hawthorn,80,79,36190,Adelaide Oval
2024,Round 11,19-May-2024,West Coast,Melbourne,105,70,43408,Perth Stadium
2024,Round 12,23-May-2024,Western Bulldogs,Sydney,88,102,27377,Docklands
2024,Round 12,24-May-2024,Fremantle,Collingwood,75,75,54035,Perth Stadium
2024,Round 12,25-May-2024,Carlton,Gold Coast,102,73,39597,Docklands
2024,Round 12,25-May-2024,North Melbourne,Port Adelaide,48,107,4705,Bellerive Oval
2024,Round 12,25-May-2024,Geelong,Greater Western Sydney,74,78,30821,Kardinia Park
2024,Round 12,25-May-2024,Richmond,Essendon,74,86,79359,M.C.G.
2024,Round 12,26-May-2024,Hawthorn,Brisbane Lions,100,75,29664,Docklands
2024,Round 12,26-May-2024,Melbourne,St Kilda,100,62,37403,M.C.G.
2024,Round 12,26-May-2024,Adelaide,West Coast,137,38,40965,Adelaide Oval
2024,Round 13,30-May-2024,Port Adelaide,Carlton,71,107,40532,Adelaide Oval
2024,Round 13,31-May-2024,Collingwood,Western Bulldogs,82,100,43298,Docklands
2024,Round 13,01-Jun-2024,Hawthorn,Adelaide,107,80,36086,M.C.G.
2024,Round 13,01-Jun-2024,West Coast,St Kilda,68,82,47526,Perth Stadium
2024,Round 13,01-Jun-2024,Geelong,Richmond,99,69,31054,Kardinia Park
2024,Round 13,02-Jun-2024,Melbourne,Fremantle,49,141,6109,Traeger Park
2024,Round 13,02-Jun-2024,Gold Coast,Essendon,91,80,21759,Carrara
2024,Round 14,06-Jun-2024,Adelaide,Richmond,71,79,37342,Adelaide Oval
2024,Round 14,07-Jun-2024,Western Bulldogs,Brisbane Lions,71,114,31280,Docklands
2024,Round 14,08-Jun-2024,Hawthorn,Greater Western Sydney,85,79,11568,York Park
2024,Round 14,08-Jun-2024,West Coast,North Melbourne,65,74,43276,Perth Stadium
2024,Round 14,08-Jun-2024,St Kilda,Gold Coast,51,48,17992,Docklands
2024,Round 14,09-Jun-2024,Sydney,Geelong,112,82,44714,S.C.G.
2024,Round 14,09-Jun-2024,Essendon,Carlton,70,96,88510,M.C.G.
2024,Round 14,10-Jun-2024,Collingwood,Melbourne,89,51,84659,M.C.G.
2024,Round 15,14-Jun-2024,Brisbane Lions,St Kilda,126,106,27445,Gabba
2024,Round 15,15-Jun-2024,Western Bulldogs,Fremantle,149,82,21796,Docklands
2024,Round 15,15-Jun-2024,Richmond,Hawthorn,49,97,92311,M.C.G.
2024,Round 15,15-Jun-2024,Adelaide,Sydney,67,109,41535,Adelaide Oval
2024,Round 15,16-Jun-2024,North Melbourne,Collingwood,118,119,38311,Docklands
2024,Round 15,16-Jun-2024,Greater Western Sydney,Port Adelaide,73,51,8914,Sydney Showground
2024,Round 16,21-Jun-2024,Carlton,Geelong,138,75,75218,M.C.G.
2024,Round 16,22-Jun-2024,Port Adelaide,Brisbane Lions,73,152,32862,Adelaide Oval
2024,Round 16,22-Jun-2024,Greater Western Sydney,Sydney,75,102,19751,Sydney Showground
2024,Round 16,22-Jun-2024,Melbourne,North Melbourne,70,67,28774,M.C.G.
2024,Round 16,23-Jun-2024,Essendon,West Coast,122,92,40840,Docklands
2024,Round 16,23-Jun-2024,Fremantle,Gold Coast,85,65,40637,Perth Stadium
2024,Round 17,28-Jun-2024,Brisbane Lions,Melbourne,86,81,29617,Gabba
2024,Round 17,29-Jun-2024,North Melbourne,Western Bulldogs,60,77,27005,Docklands
2024,Round 17,29-Jun-2024,Sydney,Fremantle,98,99,35477,S.C.G.
2024,Round 17,29-Jun-2024,Gold Coast,Collingwood,101,90,23029,Carrara
2024,Round 17,29-Jun-2024,Adelaide,Greater Western Sydney,94,78,29802,Adelaide Oval
2024,Round 17,29-Jun-2024,Geelong,Essendon,105,60,54698,M.C.G.
2024,Round 17,30-Jun-2024,St Kilda,Port Adelaide,60,62,18052,Docklands
2024,Round 17,30-Jun-2024,Richmond,Carlton,70,131,58298,M.C.G.
2024,Round 17,30-Jun-2024,West Coast,Hawthorn,33,94,49454,Perth Stadium
2024,Round 18,05-Jul-2024,Collingwood,Essendon,80,92,81711,M.C.G.
2024,Round 18,06-Jul-2024,Port Adelaide,Western Bulldogs,102,54,31590,Adelaide Oval
2024,Round 18,06-Jul-2024,North Melbourne,Gold Coast,87,83,17781,Docklands
2024,Round 18,06-Jul-2024,Geelong,Hawthorn,110,59,33188,Kardinia Park
2024,Round 18,06-Jul-2024,Greater Western Sydney,Carlton,116,104,11730,Sydney Showground
2024,Round 18,06-Jul-2024,Fremantle,Richmond,105,54,42690,Perth Stadium
2024,Round 18,07-Jul-2024,Melbourne,West Coast,112,58,32000,M.C.G.
2024,Round 18,07-Jul-2024,St Kilda,Sydney,84,82,30267,Docklands
2024,Round 18,07-Jul-2024,Brisbane Lions,Adelaide,97,86,30183,Gabba
2024,Round 19,12-Jul-2024,Collingwood,Geelong,71,91,73435,M.C.G.
2024,Round 19,13-Jul-2024,Hawthorn,Fremantle,87,74,11146,York Park
2024,Round 19,13-Jul-2024,Sydney,North Melbourne,138,59,34663,S.C.G.
2024,Round 19,13-Jul-2024,Western Bulldogs,Carlton,100,86,45387,Docklands
2024,Round 19,13-Jul-2024,Adelaide,St Kilda,71,39,34549,Adelaide Oval
2024,Round 19,13-Jul-2024,Melbourne,Essendon,84,67,52866,M.C.G.
2024,Round 19,14-Jul-2024,Gold Coast,Port Adelaide,96,82,14526,Carrara
2024,Round 19,14-Jul-2024,Richmond,Greater Western Sydney,84,108,19040,M.C.G.
2024,Round 19,14-Jul-2024,West Coast,Brisbane Lions,93,106,41489,Perth Stadium
2024,Round 20,19-Jul-2024,Essendon,Adelaide,113,115,36020,Docklands
2024,Round 20,20-Jul-2024,St Kilda,West Coast,113,41,18251,Docklands
2024,Round 20,20-Jul-2024,Greater Western Sydney,Gold Coast,89,50,8013,Sydney Showground
2024,Round 20,20-Jul-2024,Hawthorn,Collingwood,133,67,74171,M.C.G.
2024,Round 20,20-Jul-2024,Port Adelaide,Richmond,116,75,27704,Adelaide Oval
2024,Round 20,20-Jul-2024,Geelong,Western Bulldogs,48,95,27967,Kardinia Park
2024,Round 20,21-Jul-2024,Brisbane Lions,Sydney,79,77,33924,Gabba
2024,Round 20,21-Jul-2024,Fremantle,Melbourne,116,66,42215,Perth Stadium
2024,Round 20,21-Jul-2024,Carlton,North Melbourne,107,88,40014,Docklands
2024,Round 21,26-Jul-2024,Carlton,Port Adelaide,65,79,40500,Docklands
2024,Round 21,27-Jul-2024,North Melbourne,Geelong,66,106,10045,Bellerive Oval
2024,Round 21,27-Jul-2024,St Kilda,Essendon,108,55,39761,Docklands
2024,Round 21,27-Jul-2024,Gold Coast,Brisbane Lions,65,93,21043,Carrara
2024,Round 21,27-Jul-2024,Melbourne,Greater Western Sydney,83,85,16246,M.C.G.
2024,Round 21,27-Jul-2024,Fremantle,West Coast,110,75,56536,Perth Stadium
2024,Round 21,28-Jul-2024,Collingwood,Richmond,93,67,58342,M.C.G.
2024,Round 21,28-Jul-2024,Sydney,Western Bulldogs,48,87,36028,S.C.G.
2024,Round 21,28-Jul-2024,Adelaide,Hawthorn,58,124,41823,Adelaide Oval
2024,Round 22,02-Aug-2024,Western Bulldogs,Melbourne,110,59,33000,Docklands
2024,Round 22,02-Aug-2024,West Coast,Gold Coast,97,87,38671,Perth Stadium
2024,Round 22,03-Aug-2024,North Melbourne,Richmond,90,77,35861,Docklands
2024,Round 22,03-Aug-2024,Geelong,Adelaide,90,85,28939,Kardinia Park
2024,Round 22,03-Aug-2024,Port Adelaide,Sydney,148,36,37501,Adelaide Oval
2024,Round 22,03-Aug-2024,Collingwood,Carlton,84,81,86879,M.C.G.
2024,Round 22,04-Aug-2024,Greater Western Sydney,Hawthorn,84,82,13268,Manuka Oval
2024,Round 22,04-Aug-2024,Essendon,Fremantle,90,89,34381,M.C.G.
2024,Round 22,04-Aug-2024,St Kilda,Brisbane Lions,39,124,23053,Docklands
2024,Round 23,09-Aug-2024,Sydney,Collingwood,89,86,37854,S.C.G.
2024,Round 23,10-Aug-2024,North Melbourne,West Coast,97,102,6619,Bellerive Oval
2024,Round 23,10-Aug-2024,Brisbane Lions,Greater Western Sydney,64,82,31364,Gabba
2024,Round 23,10-Aug-2024,Fremantle,Geelong,62,73,50600,Perth Stadium
2024,Round 23,10-Aug-2024,Essendon,Gold Coast,86,87,29401,Docklands
2024,Round 23,10-Aug-2024,Melbourne,Port Adelaide,51,53,17867,M.C.G.
2024,Round 23,11-Aug-2024,Carlton,Hawthorn,38,112,84773,M.C.G.
2024,Round 23,11-Aug-2024,Richmond,St Kilda,51,99,21375,Docklands
2024,Round 23,11-Aug-2024,Adelaide,Western Bulldogs,111,72,39177,Adelaide Oval
2024,Round 24,16-Aug-2024,Essendon,Sydney,59,98,33830,Docklands
2024,Round 24,17-Aug-2024,Greater Western Sydney,Fremantle,101,92,10801,Sydney Showground
2024,Round 24,17-Aug-2024,Gold Coast,Melbourne,63,117,13026,Carrara
2024,Round 24,17-Aug-2024,Collingwood,Brisbane Lions,79,78,61218,M.C.G.
2024,Round 24,17-Aug-2024,Port Adelaide,Adelaide,80,58,52459,Adelaide Oval
2024,Round 24,17-Aug-2024,St Kilda,Geelong,107,89,31945,Docklands
2024,Round 24,18-Aug-2024,Western Bulldogs,North Melbourne,138,42,33182,Docklands
2024,Round 24,18-Aug-2024,Hawthorn,Richmond,131,68,58231,M.C.G.
2024,Round 24,18-Aug-2024,West Coast,Carlton,34,99,48455,Perth Stadium
2024,Round 25,23-Aug-2024,Melbourne,Collingwood,57,103,53957,M.C.G.
2024,Round 25,24-Aug-2024,Hawthorn,North Melbourne,170,46,11392,York Park
2024,Round 25,24-Aug-2024,Geelong,West Coast,168,75,32545,Kardinia Park
2024,Round 25,24-Aug-2024,Richmond,Gold Coast,66,94,34557,M.C.G.
2024,Round 25,24-Aug-2024,Brisbane Lions,Essendon,87,67,31663,Gabba
2024,Round 25,24-Aug-2024,Sydney,Adelaide,121,90,36491,S.C.G.
2024,Round 25,25-Aug-2024,Western Bulldogs,Greater Western Sydney,98,61,10224,Eureka Stadium
2024,Round 25,25-Aug-2024,Carlton,St Kilda,74,76,43843,Docklands
2024,Round 25,25-Aug-2024,Fremantle,Port Adelaide,67,87,45322,Perth Stadium
2024,Qualifying Final,05-Sep-2024,Port Adelaide,Geelong,54,138,50342,Adelaide Oval
2024,Elimination Final,06-Sep-2024,Western Bulldogs,Hawthorn,62,99,97828,M.C.G.
2024,Qualifying Final,07-Sep-2024,Sydney,Greater Western Sydney,88,82,43189,S.C.G.
2024,Elimination Final,07-Sep-2024,Brisbane Lions,Carlton,99,71,35660,Gabba
2024,Semi Final,13-Sep-2024,Port Adelaide,Hawthorn,75,72,51012,Adelaide Oval
2024,Semi Final,14-Sep-2024,Greater Western Sydney,Brisbane Lions,100,105,18357,Sydney Showground
2024,Preliminary Final,20-Sep-2024,Sydney,Port Adelaide,95,59,44053,S.C.G.
2024,Preliminary Final,21-Sep-2024,Geelong,Brisbane Lions,85,95,93066,M.C.G.
2024,Grand Final,28-Sep-2024,Sydney,Brisbane Lions,60,120,100013,M.C.G.
2025,Round 1,07-Mar-2025,Sydney,Hawthorn,76,96,40310,S.C.G.
2025,Round 1,09-Mar-2025,Greater Western Sydney,Collingwood,104,52,19248,Sydney Showground
2025,Round 1,29-Mar-2025,Brisbane Lions,Geelong,70,61,27966,Gabba
2025,Round 1,27-Aug-2025,Gold Coast,Essendon,153,58,16768,Carrara
2025,Round 2,13-Mar-2025,Richmond,Carlton,82,69,80009,M.C.G.
2025,Round 2,14-Mar-2025,Hawthorn,Essendon,111,85,80735,M.C.G.
2025,Round 2,15-Mar-2025,Geelong,Fremantle,147,69,25372,Kardinia Park
2025,Round 2,15-Mar-2025,Sydney,Brisbane Lions,82,86,34906,S.C.G.
2025,Round 2,15-Mar-2025,Collingwood,Port Adelaide,136,45,63282,M.C.G.
2025,Round 2,15-Mar-2025,Western Bulldogs,North Melbourne,113,97,34406,Docklands
2025,Round 2,16-Mar-2025,Adelaide,St Kilda,135,72,42985,Adelaide Oval
2025,Round 2,16-Mar-2025,Melbourne,Greater Western Sydney,74,77,23278,M.C.G.
2025,Round 2,16-Mar-2025,West Coast,Gold Coast,49,136,46532,Perth Stadium
2025,Round 3,20-Mar-2025,Carlton,Hawthorn,60,80,62735,M.C.G.
2025,Round 3,21-Mar-2025,Western Bulldogs,Collingwood,70,76,78027,M.C.G.
2025,Round 3,22-Mar-2025,Essendon,Adelaide,100,161,46688,M.C.G.
2025,Round 3,22-Mar-2025,Port Adelaide,Richmond,140,68,37342,Adelaide Oval
2025,Round 3,22-Mar-2025,St Kilda,Geelong,98,91,36663,Docklands
2025,Round 3,23-Mar-2025,Brisbane Lions,West Coast,94,75,30012,Gabba
2025,Round 3,23-Mar-2025,North Melbourne,Melbourne,125,66,28768,Docklands
2025,Round 3,23-Mar-2025,Fremantle,Sydney,65,68,43882,Perth Stadium
2025,Round 4,27-Mar-2025,Essendon,Port Adelaide,72,60,25114,Docklands
2025,Round 4,28-Mar-2025,Carlton,Western Bulldogs,75,83,44894,Docklands
2025,Round 4,29-Mar-2025,Melbourne,Gold Coast,62,120,24506,M.C.G.
2025,Round 4,29-Mar-2025,St Kilda,Richmond,135,53,41147,Docklands
2025,Round 4,29-Mar-2025,Hawthorn,Greater Western Sydney,76,64,14021,York Park
2025,Round 4,30-Mar-2025,Adelaide,North Melbourne,114,78,46511,Adelaide Oval
2025,Round 4,30-Mar-2025,West Coast,Fremantle,68,106,53289,Perth Stadium
2025,Round 5,03-Apr-2025,Collingwood,Carlton,63,46,82058,M.C.G.
2025,Round 5,04-Apr-2025,Geelong,Melbourne,85,46,30397,Kardinia Park
2025,Round 5,05-Apr-2025,Gold Coast,Adelaide,91,90,16211,Carrara
2025,Round 5,05-Apr-2025,Richmond,Brisbane Lions,90,118,42578,M.C.G.
2025,Round 5,05-Apr-2025,North Melbourne,Sydney,52,117,31955,Docklands
2025,Round 5,06-Apr-2025,Greater Western Sydney,West Coast,132,51,9231,Sydney Showground
2025,Round 5,06-Apr-2025,Port Adelaide,St Kilda,72,89,34201,Adelaide Oval
2025,Round 5,06-Apr-2025,Fremantle,Western Bulldogs,97,81,41491,Perth Stadium
2025,Round 6,10-Apr-2025,Adelaide,Geelong,100,119,50073,Adelaide Oval
2025,Round 6,11-Apr-2025,Collingwood,Sydney,109,78,47649,Adelaide Oval
2025,Round 6,12-Apr-2025,North Melbourne,Gold Coast,89,141,9317,Barossa Park
2025,Round 6,12-Apr-2025,Carlton,West Coast,121,50,41252,Adelaide Oval
2025,Round 6,12-Apr-2025,Western Bulldogs,Brisbane Lions,97,118,9242,Norwood Oval
2025,Round 6,12-Apr-2025,Melbourne,Essendon,57,96,45039,Adelaide Oval
2025,Round 6,13-Apr-2025,Richmond,Fremantle,47,108,10028,Barossa Park
2025,Round 6,13-Apr-2025,St Kilda,Greater Western Sydney,82,110,9235,Norwood Oval
2025,Round 6,13-Apr-2025,Port Adelaide,Hawthorn,121,91,47671,Adelaide Oval
2025,Round 7,17-Apr-2025,Brisbane Lions,Collingwood,53,105,34802,Gabba
2025,Round 7,18-Apr-2025,North Melbourne,Carlton,71,153,46373,Docklands
2025,Round 7,18-Apr-2025,West Coast,Essendon,75,77,46080,Perth Stadium
2025,Round 7,19-Apr-2025,Melbourne,Fremantle,107,97,25202,M.C.G.
2025,Round 7,19-Apr-2025,Adelaide,Greater Western Sydney,52,34,40062,Adelaide Oval
2025,Round 7,19-Apr-2025,Richmond,Gold Coast,80,69,18423,Docklands
2025,Round 7,20-Apr-2025,Sydney,Port Adelaide,77,85,36636,S.C.G.
2025,Round 7,20-Apr-2025,Western Bulldogs,St Kilda,127,56,35511,Docklands
2025,Round 7,21-Apr-2025,Geelong,Hawthorn,86,79,88746,M.C.G.
2025,Round 8,24-Apr-2025,Melbourne,Richmond,83,63,71635,M.C.G.
2025,Round 8,25-Apr-2025,Collingwood,Essendon,107,66,92044,M.C.G.
2025,Round 8,25-Apr-2025,Fremantle,Adelaide,85,67,53048,Perth Stadium
2025,Round 8,26-Apr-2025,St Kilda,Brisbane Lions,73,118,29901,Docklands
2025,Round 8,26-Apr-2025,Port Adelaide,North Melbourne,97,88,35004,Adelaide Oval
2025,Round 8,26-Apr-2025,Greater Western Sydney,Western Bulldogs,81,113,12234,Manuka Oval
2025,Round 8,27-Apr-2025,Gold Coast,Sydney,117,79,18034,Carrara
2025,Round 8,27-Apr-2025,Carlton,Geelong,94,76,67658,M.C.G.
2025,Round 8,27-Apr-2025,Hawthorn,West Coast,124,74,26425,Docklands
2025,Round 9,01-May-2025,Essendon,North Melbourne,65,62,35439,Docklands
2025,Round 9,02-May-2025,St Kilda,Fremantle,94,33,20522,Docklands
2025,Round 9,03-May-2025,Western Bulldogs,Port Adelaide,131,41,4814,Eureka Stadium
2025,Round 9,03-May-2025,Adelaide,Carlton,110,50,46057,Adelaide Oval
2025,Round 9,03-May-2025,West Coast,Melbourne,76,108,41991,Perth Stadium
2025,Round 9,03-May-2025,Collingwood,Geelong,87,90,82514,M.C.G.
2025,Round 9,04-May-2025,Sydney,Greater Western Sydney,87,73,39260,S.C.G.
2025,Round 9,04-May-2025,Hawthorn,Richmond,109,44,62321,M.C.G.
2025,Round 9,04-May-2025,Brisbane Lions,Gold Coast,66,49,33612,Gabba
2025,Round 10,08-May-2025,Fremantle,Collingwood,83,97,47780,Perth Stadium
2025,Round 10,09-May-2025,St Kilda,Carlton,62,77,65680,M.C.G.
2025,Round 10,10-May-2025,Melbourne,Hawthorn,56,91,50351,M.C.G.
2025,Round 10,10-May-2025,Essendon,Sydney,71,63,43799,Docklands
2025,Round 10,10-May-2025,Gold Coast,Western Bulldogs,106,96,9816,Marrara Oval
2025,Round 10,10-May-2025,Port Adelaide,Adelaide,84,89,53117,Adelaide Oval
2025,Round 10,11-May-2025,Richmond,West Coast,81,79,29539,M.C.G.
2025,Round 10,11-May-2025,Geelong,Greater Western Sydney,101,105,28407,Kardinia Park
2025,Round 10,11-May-2025,North Melbourne,Brisbane Lions,71,71,7395,Bellerive Oval
2025,Round 11,15-May-2025,Gold Coast,Hawthorn,104,96,12314,Marrara Oval
2025,Round 11,16-May-2025,Sydney,Carlton,78,62,39082,S.C.G.
2025,Round 11,17-May-2025,Collingwood,Adelaide,78,68,67697,M.C.G.
2025,Round 11,17-May-2025,Port Adelaide,Geelong,39,115,35508,Adelaide Oval
2025,Round 11,17-May-2025,Greater Western Sydney,Fremantle,61,95,8092,Sydney Showground
2025,Round 11,17-May-2025,Western Bulldogs,Essendon,127,36,47266,Docklands
2025,Round 11,18-May-2025,Richmond,North Melbourne,74,78,54060,M.C.G.
2025,Round 11,18-May-2025,Brisbane Lions,Melbourne,88,99,30473,Gabba
2025,Round 11,18-May-2025,West Coast,St Kilda,108,80,42860,Perth Stadium
2025,Round 12,22-May-2025,Geelong,Western Bulldogs,127,113,32641,Kardinia Park
2025,Round 12,23-May-2025,Essendon,Richmond,81,58,76051,M.C.G.
2025,Round 12,24-May-2025,Carlton,Greater Western Sydney,82,110,36468,Docklands
2025,Round 12,24-May-2025,Hawthorn,Brisbane Lions,60,93,57919,M.C.G.
2025,Round 12,24-May-2025,North Melbourne,Collingwood,63,108,40479,Docklands
2025,Round 12,24-May-2025,Fremantle,Port Adelaide,100,51,40466,Perth Stadium
2025,Round 12,25-May-2025,Adelaide,West Coast,128,62,39271,Adelaide Oval
2025,Round 12,25-May-2025,Melbourne,Sydney,131,78,38520,M.C.G.
2025,Round 12,25-May-2025,St Kilda,Gold Coast,61,80,13486,Docklands
2025,Round 13,29-May-2025,Brisbane Lions,Essendon,90,72,26441,Gabba
2025,Round 13,30-May-2025,Collingwood,Hawthorn,107,56,83706,M.C.G.
2025,Round 13,31-May-2025,Gold Coast,Fremantle,64,75,11750,Carrara
2025,Round 13,31-May-2025,Greater Western Sydney,Richmond,80,77,9770,Sydney Showground
2025,Round 13,31-May-2025,Sydney,Adelaide,41,131,35229,S.C.G.
2025,Round 13,01-Jun-2025,Melbourne,St Kilda,63,91,6721,Traeger Park
2025,Round 13,01-Jun-2025,West Coast,Geelong,73,116,42501,Perth Stadium
2025,Round 14,05-Jun-2025,Western Bulldogs,Hawthorn,59,81,35725,Docklands
2025,Round 14,06-Jun-2025,Adelaide,Brisbane Lions,68,63,42921,Adelaide Oval
2025,Round 14,07-Jun-2025,Richmond,Sydney,36,80,41452,M.C.G.
2025,Round 14,07-Jun-2025,Geelong,Gold Coast,61,37,29502,Kardinia Park
2025,Round 14,07-Jun-2025,Greater Western Sydney,Port Adelaide,50,66,9005,Manuka Oval
2025,Round 14,08-Jun-2025,North Melbourne,West Coast,62,52,12715,Hands Oval
2025,Round 14,08-Jun-2025,Carlton,Essendon,78,70,74280,M.C.G.
2025,Round 14,09-Jun-2025,Melbourne,Collingwood,71,72,77761,M.C.G.
2025,Round 15,12-Jun-2025,St Kilda,Western Bulldogs,60,132,20508,Docklands
2025,Round 15,13-Jun-2025,Hawthorn,Adelaide,47,44,15129,York Park
2025,Round 15,14-Jun-2025,Brisbane Lions,Greater Western Sydney,96,107,30711,Gabba
2025,Round 15,14-Jun-2025,Essendon,Geelong,56,151,61643,M.C.G.
2025,Round 15,14-Jun-2025,North Melbourne,Fremantle,67,73,31408,Perth Stadium
2025,Round 15,15-Jun-2025,Port Adelaide,Melbourne,93,68,30144,Adelaide Oval
2025,Round 15,15-Jun-2025,West Coast,Carlton,52,86,43803,Perth Stadium
2025,Round 16,19-Jun-2025,Fremantle,Essendon,104,63,37570,Perth Stadium
2025,Round 16,20-Jun-2025,Geelong,Brisbane Lions,51,92,35367,Kardinia Park
2025,Round 16,21-Jun-2025,Carlton,North Melbourne,73,84,56236,M.C.G.
2025,Round 16,21-Jun-2025,Port Adelaide,Sydney,52,71,33576,Adelaide Oval
2025,Round 16,21-Jun-2025,Collingwood,St Kilda,108,74,43039,Docklands
2025,Round 16,22-Jun-2025,Greater Western Sydney,Gold Coast,106,99,10504,Sydney Showground
2025,Round 16,22-Jun-2025,Western Bulldogs,Richmond,135,56,38280,Docklands
2025,Round 17,26-Jun-2025,Port Adelaide,Carlton,110,60,30381,Adelaide Oval
2025,Round 17,27-Jun-2025,Sydney,Western Bulldogs,96,105,29246,S.C.G.
2025,Round 17,28-Jun-2025,Gold Coast,Melbourne,104,85,13064,Carrara
2025,Round 17,28-Jun-2025,Hawthorn,North Melbourne,150,65,13287,York Park
2025,Round 17,28-Jun-2025,Collingwood,West Coast,88,59,38126,Docklands
2025,Round 17,29-Jun-2025,Richmond,Adelaide,54,122,23231,M.C.G.
2025,Round 17,29-Jun-2025,Fremantle,St Kilda,81,69,41600,Perth Stadium
2025,Round 18,03-Jul-2025,North Melbourne,Western Bulldogs,85,134,25009,Docklands
2025,Round 18,04-Jul-2025,Carlton,Collingwood,59,115,75827,M.C.G.
2025,Round 18,04-Jul-2025,West Coast,Greater Western Sydney,52,111,38152,Perth Stadium
2025,Round 18,05-Jul-2025,Essendon,Gold Coast,74,115,29672,Docklands
2025,Round 18,05-Jul-2025,Geelong,Richmond,124,52,31060,Kardinia Park
2025,Round 18,05-Jul-2025,Brisbane Lions,Port Adelaide,120,92,30017,Gabba
2025,Round 18,05-Jul-2025,St Kilda,Hawthorn,74,94,36035,Docklands
2025,Round 18,06-Jul-2025,Sydney,Fremantle,94,83,32007,S.C.G.
2025,Round 18,06-Jul-2025,Adelaide,Melbourne,90,77,43306,Adelaide Oval
2025,Round 19,10-Jul-2025,Carlton,Brisbane Lions,66,103,32898,Docklands
2025,Round 19,11-Jul-2025,Gold Coast,Collingwood,69,63,22831,Carrara
2025,Round 19,12-Jul-2025,Western Bulldogs,Adelaide,98,109,41198,Docklands
2025,Round 19,12-Jul-2025,Greater Western Sydney,Geelong,111,85,13349,Sydney Showground
2025,Round 19,12-Jul-2025,Richmond,Essendon,46,37,52125,M.C.G.
2025,Round 19,12-Jul-2025,Fremantle,Hawthorn,77,64,49460,Perth Stadium
2025,Round 19,13-Jul-2025,Melbourne,North Melbourne,119,83,35844,M.C.G.
2025,Round 19,13-Jul-2025,St Kilda,Sydney,87,92,29589,Docklands
2025,Round 19,13-Jul-2025,Port Adelaide,West Coast,87,61,30553,Adelaide Oval
2025,Round 20,17-Jul-2025,Essendon,Greater Western Sydney,56,104,20347,Docklands
2025,Round 20,18-Jul-2025,Brisbane Lions,Western Bulldogs,86,76,29039,Gabba
2025,Round 20,19-Jul-2025,Hawthorn,Port Adelaide,87,49,12772,York Park
2025,Round 20,19-Jul-2025,Sydney,North Melbourne,84,53,31909,S.C.G.
2025,Round 20,19-Jul-2025,Carlton,Melbourne,78,70,40869,M.C.G.
2025,Round 20,19-Jul-2025,West Coast,Richmond,56,105,44252,Perth Stadium
2025,Round 20,20-Jul-2025,Geelong,St Kilda,113,82,29985,Kardinia Park
2025,Round 20,20-Jul-2025,Collingwood,Fremantle,78,79,62198,M.C.G.
2025,Round 20,20-Jul-2025,Adelaide,Gold Coast,107,46,44249,Adelaide Oval
2025,Round 21,24-Jul-2025,Hawthorn,Carlton,85,61,51271,M.C.G.
2025,Round 21,25-Jul-2025,Essendon,Western Bulldogs,50,143,29367,Docklands
2025,Round 21,25-Jul-2025,Greater Western Sydney,Sydney,102,58,18536,Sydney Showground
2025,Round 21,26-Jul-2025,Gold Coast,Brisbane Lions,130,64,20833,Carrara
2025,Round 21,26-Jul-2025,Fremantle,West Coast,126,77,54384,Perth Stadium
2025,Round 21,26-Jul-2025,North Melbourne,Geelong,49,150,25445,Docklands
2025,Round 21,26-Jul-2025,Adelaide,Port Adelaide,133,35,46018,Adelaide Oval
2025,Round 21,27-Jul-2025,Richmond,Collingwood,57,93,59454,M.C.G.
2025,Round 21,27-Jul-2025,St Kilda,Melbourne,96,90,22570,Docklands
2025,Round 22,31-Jul-2025,Western Bulldogs,Greater Western Sydney,132,44,23898,Docklands
2025,Round 22,01-Aug-2025,Adelaide,Hawthorn,101,87,50654,Adelaide Oval
2025,Round 22,02-Aug-2025,Melbourne,West Coast,139,56,16394,Docklands
2025,Round 22,02-Aug-2025,Gold Coast,Richmond,107,23,14841,Carrara
2025,Round 22,02-Aug-2025,Sydney,Essendon,68,54,20805,S.C.G.
2025,Round 22,02-Aug-2025,Collingwood,Brisbane Lions,65,92,82326,M.C.G.
2025,Round 22,03-Aug-2025,St Kilda,North Melbourne,78,69,31978,Docklands
2025,Round 22,03-Aug-2025,Geelong,Port Adelaide,153,65,28064,Kardinia Park
2025,Round 22,03-Aug-2025,Fremantle,Carlton,94,67,39358,Perth Stadium
2025,Round 23,07-Aug-2025,Hawthorn,Collingwood,110,46,68515,M.C.G.
2025,Round 23,08-Aug-2025,Geelong,Essendon,109,65,30289,Kardinia Park
2025,Round 23,09-Aug-2025,Richmond,St Kilda,52,56,41395,M.C.G.
2025,Round 23,09-Aug-2025,Brisbane Lions,Sydney,90,92,31424,Gabba
2025,Round 23,09-Aug-2025,Carlton,Gold Coast,74,93,24120,Docklands
2025,Round 23,09-Aug-2025,Port Adelaide,Fremantle,86,92,30390,Adelaide Oval
2025,Round 23,10-Aug-2025,Greater Western Sydney,North Melbourne,133,79,11753,Manuka Oval
2025,Round 23,10-Aug-2025,Melbourne,Western Bulldogs,99,105,34733,M.C.G.
2025,Round 23,10-Aug-2025,West Coast,Adelaide,78,87,32845,Perth Stadium
2025,Round 24,15-Aug-2025,Essendon,St Kilda,75,77,31107,Docklands
2025,Round 24,15-Aug-2025,Fremantle,Brisbane Lions,44,101,54302,Perth Stadium
2025,Round 24,16-Aug-2025,Gold Coast,Greater Western Sydney,76,111,16007,Carrara
2025,Round 24,16-Aug-2025,Carlton,Port Adelaide,118,64,25020,Docklands
2025,Round 24,16-Aug-2025,Hawthorn,Melbourne,92,56,53871,M.C.G.
2025,Round 24,16-Aug-2025,Adelaide,Collingwood,59,56,54283,Adelaide Oval
2025,Round 24,17-Aug-2025,North Melbourne,Richmond,135,87,11176,Bellerive Oval
2025,Round 24,17-Aug-2025,Sydney,Geelong,68,111,37656,S.C.G.
2025,Round 24,17-Aug-2025,Western Bulldogs,West Coast,126,32,21207,Docklands
2025,Round 25,21-Aug-2025,Essendon,Carlton,56,90,41150,M.C.G.
2025,Round 25,22-Aug-2025,Collingwood,Melbourne,82,76,60611,M.C.G.
2025,Round 25,22-Aug-2025,Port Adelaide,Gold Coast,71,67,40897,Adelaide Oval
2025,Round 25,23-Aug-2025,North Melbourne,Adelaide,100,113,17494,Docklands
2025,Round 25,23-Aug-2025,Richmond,Geelong,64,103,46109,M.C.G.
2025,Round 25,23-Aug-2025,West Coast,Sydney,51,118,36029,Perth Stadium
2025,Round 25,24-Aug-2025,Greater Western Sydney,St Kilda,104,93,10563,Sydney Showground
2025,Round 25,24-Aug-2025,Western Bulldogs,Fremantle,97,112,44069,Docklands
2025,Round 25,24-Aug-2025,Brisbane Lions,Hawthorn,89,79,32086,Gabba
2025,Qualifying Final,04-Sep-2025,Adelaide,Collingwood,55,79,52187,Adelaide Oval
2025,Qualifying Final,05-Sep-2025,Geelong,Brisbane Lions,112,74,86364,M.C.G.
2025,Elimination Final,06-Sep-2025,Greater Western Sydney,Hawthorn,88,107,20634,Sydney Showground
2025,Elimination Final,06-Sep-2025,Fremantle,Gold Coast,79,80,57507,Perth Stadium
2025,Semi Final,12-Sep-2025,Adelaide,Hawthorn,67,101,52005,Adelaide Oval
2025,Semi Final,13-Sep-2025,Brisbane Lions,Gold Coast,100,47,36628,Gabba
2025,Preliminary Final,19-Sep-2025,Geelong,Hawthorn,115,85,99567,M.C.G.
2025,Preliminary Final,20-Sep-2025,Collingwood,Brisbane Lions,71,100,96023,M.C.G.
2025,Grand Final,27-Sep-2025,Geelong,Brisbane Lions,75,122,100022,M.C.G.
2026,Round 1,05-Mar-2026,Sydney,Carlton,132,69,40372,S.C.G.
2026,Round 1,06-Mar-2026,Gold Coast,Geelong,125,69,19859,Carrara
2026,Round 1,07-Mar-2026,Greater Western Sydney,Hawthorn,122,95,16157,Sydney Showground
2026,Round 1,07-Mar-2026,Brisbane Lions,Western Bulldogs,106,111,31606,Gabba
2026,Round 1,08-Mar-2026,St Kilda,Collingwood,66,78,82528,M.C.G.
2026,Round 2,12-Mar-2026,Carlton,Richmond,75,71,74313,M.C.G.
2026,Round 2,13-Mar-2026,Essendon,Hawthorn,83,145,71384,M.C.G.
2026,Round 2,14-Mar-2026,Western Bulldogs,Greater Western Sydney,134,53,28318,Docklands
2026,Round 2,14-Mar-2026,Geelong,Fremantle,110,100,28715,Kardinia Park
2026,Round 2,14-Mar-2026,Sydney,Brisbane Lions,104,60,38128,S.C.G.
2026,Round 2,14-Mar-2026,Collingwood,Adelaide,79,93,62482,M.C.G.
2026,Round 2,15-Mar-2026,North Melbourne,Port Adelaide,113,67,23318,Docklands
2026,Round 2,15-Mar-2026,Melbourne,St Kilda,120,107,44577,M.C.G.
2026,Round 2,15-Mar-2026,Gold Coast,West Coast,131,72,13309,Carrara
2026,Round 3,19-Mar-2026,Hawthorn,Sydney,99,82,47945,M.C.G.
2026,Round 3,20-Mar-2026,Adelaide,Western Bulldogs,88,94,49185,Adelaide Oval
2026,Round 3,21-Mar-2026,Richmond,Gold Coast,60,128,30468,M.C.G.
2026,Round 3,21-Mar-2026,Greater Western Sydney,St Kilda,74,78,9149,Sydney Showground
2026,Round 3,21-Mar-2026,Fremantle,Melbourne,118,70,44736,Perth Stadium
2026,Round 3,22-Mar-2026,Port Adelaide,Essendon,133,70,36049,Adelaide Oval
2026,Round 3,22-Mar-2026,West Coast,North Melbourne,111,94,47083,Perth Stadium
2026,Round 4,26-Mar-2026,Geelong,Adelaide,68,60,20403,Kardinia Park
2026,Round 4,27-Mar-2026,Collingwood,Greater Western Sydney,87,54,41607,Docklands
2026,Round 4,28-Mar-2026,St Kilda,Brisbane Lions,80,113,31854,Docklands
2026,Round 4,28-Mar-2026,Fremantle,Richmond,103,43,35245,Perth Stadium
2026,Round 4,28-Mar-2026,Essendon,North Melbourne,69,81,40154,Docklands
2026,Round 4,29-Mar-2026,Port Adelaide,West Coast,90,92,33754,Adelaide Oval
2026,Round 4,29-Mar-2026,Carlton,Melbourne,77,100,67763,M.C.G.
2026,Round 5,02-Apr-2026,Brisbane Lions,Collingwood,119,65,34648,Gabba
2026,Round 5,03-Apr-2026,North Melbourne,Carlton,96,86,45919,Docklands
2026,Round 5,03-Apr-2026,Adelaide,Fremantle,76,78,48627,Adelaide Oval
2026,Round 5,04-Apr-2026,Richmond,Port Adelaide,48,90,34471,M.C.G.
2026,Round 5,04-Apr-2026,West Coast,Sydney,35,163,50723,Perth Stadium
2026,Round 5,05-Apr-2026,Melbourne,Gold Coast,109,89,24287,M.C.G.
2026,Round 5,05-Apr-2026,Western Bulldogs,Essendon,99,65,38786,Docklands
2026,Round 5,06-Apr-2026,Hawthorn,Geelong,92,91,84712,M.C.G.
2026,Round 6,09-Apr-2026,Adelaide,Carlton,114,86,49184,Adelaide Oval
2026,Round 6,10-Apr-2026,Collingwood,Fremantle,39,45,47275,Adelaide Oval
2026,Round 6,11-Apr-2026,North Melbourne,Brisbane Lions,66,92,10613,Barossa Park
2026,Round 6,11-Apr-2026,Essendon,Melbourne,113,68,38006,Adelaide Oval
2026,Round 6,11-Apr-2026,Sydney,Gold Coast,100,68,9228,Norwood Oval
2026,Round 6,11-Apr-2026,Hawthorn,Western Bulldogs,104,64,48451,Adelaide Oval
2026,Round 6,12-Apr-2026,Geelong,West Coast,122,76,9434,Norwood Oval
2026,Round 6,12-Apr-2026,Greater Western Sydney,Richmond,131,75,10508,Barossa Park
2026,Round 6,12-Apr-2026,Port Adelaide,St Kilda,67,81,47319,Adelaide Oval
2026,Round 7,16-Apr-2026,Carlton,Collingwood,83,88,78058,M.C.G.
2026,Round 7,17-Apr-2026,Geelong,Western Bulldogs,131,56,33200,Kardinia Park
2026,Round 7,17-Apr-2026,Sydney,Greater Western Sydney,107,66,43986,S.C.G.
2026,Round 7,18-Apr-2026,Gold Coast,Essendon,119,110,19039,Carrara
2026,Round 7,18-Apr-2026,Hawthorn,Port Adelaide,89,86,37070,Docklands
2026,Round 7,18-Apr-2026,Adelaide,St Kilda,103,102,45854,Adelaide Oval
2026,Round 7,19-Apr-2026,North Melbourne,Richmond,130,55,36584,Docklands
2026,Round 7,19-Apr-2026,Melbourne,Brisbane Lions,104,102,41629,M.C.G.
2026,Round 7,19-Apr-2026,West Coast,Fremantle,41,97,54232,Perth Stadium
2026,Round 8,23-Apr-2026,Western Bulldogs,Sydney,60,126,29523,Docklands
2026,Round 8,24-Apr-2026,Richmond,Melbourne,72,126,67364,M.C.G.
2026,Round 8,25-Apr-2026,Hawthorn,Gold Coast,112,63,8263,York Park
2026,Round 8,25-Apr-2026,Essendon,Collingwood,60,137,92231,M.C.G.
2026,Round 8,25-Apr-2026,Port Adelaide,Geelong,95,65,41164,Adelaide Oval
2026,Round 8,25-Apr-2026,Fremantle,Carlton,103,89,54100,Perth Stadium
2026,Round 8,26-Apr-2026,St Kilda,West Coast,143,42,29070,Docklands
2026,Round 8,26-Apr-2026,Brisbane Lions,Adelaide,127,75,32629,Gabba
2026,Round 8,26-Apr-2026,Greater Western Sydney,North Melbourne,105,98,12597,Manuka Oval
2026,Round 9,30-Apr-2026,Collingwood,Hawthorn,93,93,76632,M.C.G.
2026,Round 9,01-May-2026,Western Bulldogs,Fremantle,102,114,23071,Docklands
2026,Round 9,01-May-2026,Adelaide,Port Adelaide,76,75,53045,Adelaide Oval
2026,Round 9,02-May-2026,Essendon,Brisbane Lions,79,143,31595,Docklands
2026,Round 9,02-May-2026,West Coast,Richmond,88,99,46350,Perth Stadium
2026,Round 9,02-May-2026,Geelong,North Melbourne,135,86,32485,Kardinia Park
2026,Round 9,02-May-2026,Carlton,St Kilda,69,108,41062,Docklands
2026,Round 9,03-May-2026,Sydney,Melbourne,131,114,40673,S.C.G.
2026,Round 9,03-May-2026,Gold Coast,Greater Western Sydney,83,63,13537,Carrara
2026,Round 10,07-May-2026,Fremantle,Hawthorn,88,73,54140,Perth Stadium
2026,Round 10,08-May-2026,Brisbane Lions,Carlton,100,89,31147,Gabba
2026,Round 10,08-May-2026,Port Adelaide,Western Bulldogs,72,74,33883,Adelaide Oval
2026,Round 10,09-May-2026,North Melbourne,Sydney,97,105,28156,Docklands
2026,Round 10,09-May-2026,Greater Western Sydney,Essendon,103,89,9416,Sydney Showground
2026,Round 10,09-May-2026,Gold Coast,St Kilda,89,60,10672,Marrara Oval
2026,Round 10,09-May-2026,Geelong,Collingwood,122,68,83166,M.C.G.
2026,Round 10,10-May-2026,Melbourne,West Coast,99,67,16650,Docklands
2026,Round 10,10-May-2026,Richmond,Adelaide,61,98,22123,M.C.G.
2026,Round 11,14-May-2026,Brisbane Lions,Geelong,76,117,29221,Gabba
2026,Round 11,15-May-2026,Sydney,Collingwood,81,75,40627,S.C.G.
2026,Round 11,15-May-2026,Gold Coast,Port Adelaide,98,73,11974,Marrara Oval
2026,Round 11,16-May-2026,Adelaide,North Melbourne,133,65,41313,Adelaide Oval
2026,Round 11,16-May-2026,Melbourne,Hawthorn,120,81,68557,M.C.G.
2026,Round 11,16-May-2026,Carlton,Western Bulldogs,74,62,39217,Docklands
2026,Round 11,17-May-2026,Essendon,Fremantle,61,104,25100,M.C.G.
2026,Round 11,17-May-2026,St Kilda,Richmond,109,73,31230,Docklands
2026,Round 11,17-May-2026,West Coast,Greater Western Sydney,88,71,36781,Perth Stadium
2026,Round 12,21-May-2026,Hawthorn,Adelaide,75,66,8312,York Park
2026,Round 12,22-May-2026,Richmond,Essendon,74,56,78815,M.C.G.
2026,Round 12,22-May-2026,Fremantle,St Kilda,104,74,53707,Perth Stadium
2026,Round 12,23-May-2026,North Melbourne,Gold Coast,111,105,16260,Docklands
2026,Round 12,23-May-2026,Geelong,Sydney,107,80,35869,Kardinia Park
2026,Round 12,23-May-2026,Collingwood,West Coast,92,82,90028,M.C.G.
2026,Round 12,23-May-2026,Port Adelaide,Carlton,58,92,40597,Adelaide Oval
2026,Round 12,24-May-2026,Greater Western Sydney,Brisbane Lions,166,88,8394,Sydney Showground
2026,Round 12,24-May-2026,Western Bulldogs,Melbourne,93,90,29708,Docklands
2026,Round 13,28-May-2026,St Kilda,Hawthorn,67,119,33476,Docklands
2026,Round 13,29-May-2026,Carlton,Geelong,88,84,61081,M.C.G.
2026,Round 13,30-May-2026,Sydney,Richmond,170,56,38013,S.C.G.
2026,Round 13,30-May-2026,Brisbane Lions,Fremantle,78,103,32423,Gabba
2026,Round 13,30-May-2026,Western Bulldogs,Collingwood,97,93,43430,Docklands
2026,Round 13,31-May-2026,Melbourne,Greater Western Sydney,70,119,6374,Traeger Park
2026,Round 13,31-May-2026,West Coast,Essendon,85,55,37623,Perth Stadium
2026,Round 14,04-Jun-2026,Adelaide,Geelong,75,74,42340,Adelaide Oval
2026,Round 14,05-Jun-2026,Hawthorn,Western Bulldogs,71,77,59556,M.C.G.
2026,Round 14,06-Jun-2026,North Melbourne,Fremantle,31,155,13331,Hands Oval
2026,Round 14,06-Jun-2026,Gold Coast,Brisbane Lions,75,106,21139,Carrara
2026,Round 14,06-Jun-2026,West Coast,Port Adelaide,71,77,47479,Perth Stadium
2026,Round 14,07-Jun-2026,Sydney,St Kilda,104,102,42143,S.C.G.
2026,Round 14,07-Jun-2026,Essendon,Carlton,67,72,76745,M.C.G.
2026,Round 14,08-Jun-2026,Collingwood,Melbourne,75,83,88019,M.C.G.
2026,Round 15,11-Jun-2026,Western Bulldogs,Adelaide,64,121,22761,Docklands
2026,Round 15,12-Jun-2026,Geelong,Gold Coast,105,60,30276,Kardinia Park
2026,Round 15,13-Jun-2026,Melbourne,Essendon,95,50,41438,M.C.G.
2026,Round 15,13-Jun-2026,North Melbourne,West Coast,74,73,42409,Perth Stadium
2026,Round 15,13-Jun-2026,Port Adelaide,Sydney,90,93,31350,Adelaide Oval
2026,Round 15,14-Jun-2026,Richmond,Brisbane Lions,80,115,10200,Bellerive Oval
2026,Round 15,14-Jun-2026,St Kilda,Greater Western Sydney,96,88,17748,Docklands
2026,Round 16,18-Jun-2026,Fremantle,Geelong,99,90,55201,Perth Stadium
2026,Round 16,19-Jun-2026,Gold Coast,Hawthorn,97,113,19576,Carrara
2026,Round 16,20-Jun-2026,Adelaide,Melbourne,79,62,46337,Adelaide Oval
2026,Round 16,20-Jun-2026,Greater Western Sydney,Carlton,65,88,13709,Sydney Showground
2026,Round 16,20-Jun-2026,Collingwood,Port Adelaide,78,52,40860,M.C.G.
2026,Round 16,21-Jun-2026,Richmond,North Melbourne,48,73,41806,M.C.G.
2026,Round 16,21-Jun-2026,St Kilda,Western Bulldogs,61,83,30194,Docklands
2026,Round 17,25-Jun-2026,Brisbane Lions,Sydney,126,83,29700,Gabba
2026,Round 17,26-Jun-2026,Hawthorn,Greater Western Sydney,96,82,35238,M.C.G.
2026,Round 17,27-Jun-2026,Carlton,West Coast,117,64,41861,Docklands
2026,Round 17,27-Jun-2026,Collingwood,Richmond,106,72,62117,M.C.G.
2026,Round 17,27-Jun-2026,Port Adelaide,Adelaide,97,71,50087,Adelaide Oval
2026,Round 17,28-Jun-2026,North Melbourne,Essendon,79,65,37054,Docklands
2026,Round 17,28-Jun-2026,Fremantle,Gold Coast,80,29,50602,Perth Stadium
2026,Round 18,02-Jul-2026,Geelong,Brisbane Lions,101,123,26757,Kardinia Park
2026,Round 18,03-Jul-2026,Sydney,Western Bulldogs,90,55,35227,S.C.G.
2026,Round 18,03-Jul-2026,West Coast,Adelaide,74,99,40770,Perth Stadium
2026,Round 18,04-Jul-2026,Hawthorn,Melbourne,90,125,9377,York Park
2026,Round 18,04-Jul-2026,Greater Western Sydney,Fremantle,109,88,11856,Manuka Oval
2026,Round 18,04-Jul-2026,Gold Coast,Collingwood,98,104,21072,Carrara
2026,Round 18,04-Jul-2026,Richmond,Carlton,72,74,54923,M.C.G.
2026,Round 18,05-Jul-2026,Essendon,St Kilda,50,117,34713,Docklands
2026,Round 18,05-Jul-2026,Port Adelaide,North Melbourne,73,52,33105,Adelaide Oval
2026,Round 19,09-Jul-2026,Fremantle,Sydney,111,73,55966,Perth Stadium
2026,Round 19,10-Jul-2026,Collingwood,North Melbourne,89,85,48369,Docklands
2026,Round 19,11-Jul-2026,St Kilda,Port Adelaide,87,73,22074,Docklands
2026,Round 19,11-Jul-2026,Greater Western Sydney,Geelong,86,73,13281,Sydney Showground
2026,Round 19,11-Jul-2026,Carlton,Hawthorn,39,103,70314,M.C.G.
2026,Round 19,11-Jul-2026,Adelaide,Gold Coast,128,49,40165,Adelaide Oval
2026,Round 19,12-Jul-2026,Western Bulldogs,West Coast,86,70,25909,Docklands
2026,Round 19,12-Jul-2026,Melbourne,Richmond,111,65,32893,M.C.G.
2026,Round 19,12-Jul-2026,Brisbane Lions,Essendon,149,59,30505,Gabba
2026,Round 20,16-Jul-2026,Geelong,St Kilda,102,75,23737,Kardinia Park
2026,Round 20,17-Jul-2026,Sydney,Adelaide,71,87,33413,S.C.G.
2026,Round 20,18-Jul-2026,Port Adelaide,Fremantle,75,103,28727,Adelaide Oval
2026,Round 20,18-Jul-2026,North Melbourne,Melbourne,76,92,25025,Docklands
2026,Round 20,18-Jul-2026,Collingwood,Carlton,90,69,83885,M.C.G.
2026,Round 20,18-Jul-2026,West Coast,Brisbane Lions,69,93,41560,Perth Stadium
2026,Round 20,19-Jul-2026,Richmond,Hawthorn,52,122,49127,M.C.G.
2026,Round 20,19-Jul-2026,Gold Coast,Western Bulldogs,68,77,14809,Carrara
2026,Round 20,19-Jul-2026,Essendon,Greater Western Sydney,67,64,14601,Docklands
2026,Round 21,23-Jul-2026,Adelaide,Collingwood,74,108,50109,Adelaide Oval
2026,Round 21,24-Jul-2026,Melbourne,Geelong,97,117,49292,M.C.G.
2026,Round 21,24-Jul-2026,Fremantle,West Coast,112,42,56616,Perth Stadium
2026,Round 21,25-Jul-2026,Carlton,Gold Coast,110,97,26945,Docklands
2026,Round 21,25-Jul-2026,Hawthorn,Essendon,132,39,42509,M.C.G.
2026,Round 21,25-Jul-2026,Greater Western Sydney,Sydney,88,139,20141,Sydney Showground
2026,Round 21,25-Jul-2026,Western Bulldogs,Richmond,105,48,25154,Docklands
2026,Round 21,26-Jul-2026,Brisbane Lions,Port Adelaide,126,67,30722,Gabba
2026,Round 21,26-Jul-2026,North Melbourne,St Kilda,62,93,25523,Docklands
2026,Round 22,30-Jul-2026,Collingwood,Geelong,72,97,60023,M.C.G.
2026,Round 22,31-Jul-2026,Fremantle,Western Bulldogs,78,41,53524,Perth Stadium
2026,Round 22,01-Aug-2026,St Kilda,Sydney,88,107,32512,Docklands
2026,Round 22,01-Aug-2026,Hawthorn,North Melbourne,99,83,9420,York Park
2026,Round 22,01-Aug-2026,Port Adelaide,Greater Western Sydney,63,75,30758,Adelaide Oval
2026,Round 22,01-Aug-2026,Carlton,Brisbane Lions,154,78,40988,Docklands
2026,Round 22,02-Aug-2026,Richmond,West Coast,84,73,33737,M.C.G.
2026,Round 22,02-Aug-2026,Gold Coast,Melbourne,105,114,14963,Carrara
2026,Round 22,02-Aug-2026,Essendon,Adelaide,73,145,20518,Docklands
2026,Round 23,06-Aug-2026,Western Bulldogs,North Melbourne,77,100,25052,Docklands
2026,Round 23,07-Aug-2026,Brisbane Lions,Hawthorn,125,58,33003,Gabba
2026,Round 23,08-Aug-2026,Melbourne,Fremantle,113,109,40938,M.C.G.
2026,Round 23,08-Aug-2026,Sydney,Port Adelaide,167,70,40014,S.C.G.
2026,Round 23,08-Aug-2026,Geelong,Essendon,117,50,33379,Kardinia Park
2026,Round 23,08-Aug-2026,Adelaide,Richmond,63,54,42762,Adelaide Oval
2026,Round 23,09-Aug-2026,Greater Western Sydney,Gold Coast,77,79,5814,Manuka Oval
2026,Round 23,09-Aug-2026,West Coast,Collingwood,98,117,47609,Perth Stadium
2026,Round 23,09-Aug-2026,St Kilda,Carlton,62,106,43434,Docklands
2026,Round 24,14-Aug-2026,Fremantle,Adelaide,112,88,55010,Perth Stadium
2026,Round 24,15-Aug-2026,Richmond,St Kilda,45,94,35850,M.C.G.
2026,Round 24,15-Aug-2026,North Melbourne,Geelong,110,125,35529,Docklands
2026,Round 24,15-Aug-2026,Brisbane Lions,Gold Coast,95,53,30413,Gabba
2026,Round 24,15-Aug-2026,Hawthorn,Collingwood,92,92,76186,M.C.G.
2026,Round 24,15-Aug-2026,Port Adelaide,Melbourne,56,132,28417,Adelaide Oval
2026,Round 24,16-Aug-2026,Greater Western Sydney,West Coast,111,57,7345,Sydney Showground
2026,Round 24,16-Aug-2026,Western Bulldogs,Carlton,82,82,44106,Docklands
2026,Round 24,16-Aug-2026,Essendon,Sydney,76,112,24767,M.C.G.
2026,Round 25,20-Aug-2026,St Kilda,Gold Coast,80,103,14429,Docklands
2026,Round 25,21-Aug-2026,Collingwood,Brisbane Lions,96,159,66846,M.C.G.
2026,Round 25,22-Aug-2026,Carlton,Fremantle,119,82,42020,Docklands
2026,Round 25,22-Aug-2026,Melbourne,Western Bulldogs,87,108,44258,M.C.G.
2026,Round 25,22-Aug-2026,Geelong,Richmond,133,76,29194,Kardinia Park
2026,Round 25,22-Aug-2026,Adelaide,Greater Western Sydney,157,101,52332,Adelaide Oval
2026,Round 25,23-Aug-2026,Essendon,Port Adelaide,95,105,29200,Docklands
2026,Round 25,23-Aug-2026,Sydney,North Melbourne,123,70,30058,S.C.G.
2026,Round 25,23-Aug-2026,West Coast,Hawthorn,45,107,43066,Perth Stadium
2026,Wildcard Final,28-Aug-2026,Western Bulldogs,Collingwood,96,93,81036,M.C.G.
2026,Wildcard Final,29-Aug-2026,Melbourne,Carlton,55,74,91733,M.C.G.
2026,Qualifying Final,03-Sep-2026,Fremantle,Hawthorn,40,72,59446,Perth Stadium
2026,Elimination Final,04-Sep-2026,Geelong,Carlton,107,74,96680,M.C.G.
2026,Qualifying Final,05-Sep-2026,Sydney,Brisbane Lions,141,88,37261,S.C.G.
2026,Elimination Final,05-Sep-2026,Adelaide,Western Bulldogs,90,68,51370,Adelaide Oval
2026,Semi Final,11-Sep-2026,Fremantle,Geelong,120,106,59725,Perth Stadium
2026,Semi Final,12-Sep-2026,Brisbane Lions,Adelaide,144,91,36026,Gabba
2026,Preliminary Final,18-Sep-2026,Sydney,Fremantle,71,83,45129,S.C.G.
2026,Preliminary Final,19-Sep-2026,Hawthorn,Brisbane Lions,122,131,97835,M.C.G.
2026,Grand Final,26-Sep-2026,Fremantle,Brisbane Lions,89,96,100023,M.C.G.
