year,team,venue,games,km,lat,lon,state,home_lat,home_lon
2012,Adelaide,Carrara,1,1595,-28.00638889,153.36722222,QLD,-34.91555556,138.59611111
2012,Adelaide,Docklands,2,654,-37.81638889,144.9475,VIC,-34.91555556,138.59611111
2012,Adelaide,Football Park,14,10,-34.88,138.49555556,SA,-34.91555556,138.59611111
2012,Adelaide,Gabba,1,1600,-27.48583333,153.03805556,QLD,-34.91555556,138.59611111
2012,Adelaide,Kardinia Park,1,628,-38.15805556,144.35472222,VIC,-34.91555556,138.59611111
2012,Adelaide,M.C.G.,3,657,-37.82,144.98333333,VIC,-34.91555556,138.59611111
2012,Adelaide,S.C.G.,1,1163,-33.89166667,151.22472222,NSW,-34.91555556,138.59611111
2012,Adelaide,Subiaco,1,2134,-31.94444444,115.83,WA,-34.91555556,138.59611111
2012,Adelaide,Sydney Showground,1,1150,-33.84305556,151.06777778,NSW,-34.91555556,138.59611111
2012,Brisbane Lions,Carrara,1,66,-28.00638889,153.36722222,QLD,-27.48583333,153.03805556
2012,Brisbane Lions,Docklands,4,1375,-37.81638889,144.9475,VIC,-27.48583333,153.03805556
2012,Brisbane Lions,Football Park,1,1607,-34.88,138.49555556,SA,-27.48583333,153.03805556
2012,Brisbane Lions,Gabba,11,0,-27.48583333,153.03805556,QLD,-27.48583333,153.03805556
2012,Brisbane Lions,M.C.G.,2,1373,-37.82,144.98333333,VIC,-27.48583333,153.03805556
2012,Brisbane Lions,S.C.G.,1,733,-33.89166667,151.22472222,NSW,-27.48583333,153.03805556
2012,Brisbane Lions,Subiaco,2,3610,-31.94444444,115.83,WA,-27.48583333,153.03805556
2012,Carlton,Carrara,1,1341,-28.00638889,153.36722222,QLD,-37.82,144.98333333
2012,Carlton,Docklands,9,3,-37.81638889,144.9475,VIC,-37.82,144.98333333
2012,Carlton,Football Park,1,666,-34.88,138.49555556,SA,-37.82,144.98333333
2012,Carlton,Gabba,1,1373,-27.48583333,153.03805556,QLD,-37.82,144.98333333
2012,Carlton,M.C.G.,8,0,-37.82,144.98333333,VIC,-37.82,144.98333333
2012,Carlton,Subiaco,2,2726,-31.94444444,115.83,WA,-37.82,144.98333333
2012,Collingwood,Docklands,3,3,-37.81638889,144.9475,VIC,-37.82,144.98333333
2012,Collingwood,Football Park,1,666,-34.88,138.49555556,SA,-37.82,144.98333333
2012,Collingwood,Gabba,1,1373,-27.48583333,153.03805556,QLD,-37.82,144.98333333
2012,Collingwood,M.C.G.,16,0,-37.82,144.98333333,VIC,-37.82,144.98333333
2012,Collingwood,Stadium Australia,2,704,-33.84722222,151.06305556,NSW,-37.82,144.98333333
2012,Collingwood,Subiaco,1,2726,-31.94444444,115.83,WA,-37.82,144.98333333
2012,Collingwood,Sydney Showground,1,704,-33.84305556,151.06777778,NSW,-37.82,144.98333333
2012,Essendon,Carrara,1,1343,-28.00638889,153.36722222,QLD,-37.81638889,144.9475
2012,Essendon,Docklands,10,0,-37.81638889,144.9475,VIC,-37.81638889,144.9475
2012,Essendon,Football Park,2,663,-34.88,138.49555556,SA,-37.81638889,144.9475
2012,Essendon,M.C.G.,7,3,-37.82,144.98333333,VIC,-37.81638889,144.9475
2012,Essendon,Subiaco,1,2723,-31.94444444,115.83,WA,-37.81638889,144.9475
2012,Essendon,Sydney Showground,1,707,-33.84305556,151.06777778,NSW,-37.81638889,144.9475
2012,Fremantle,Carrara,1,3618,-28.00638889,153.36722222,QLD,-31.95111111,115.88916667
2012,Fremantle,Docklands,3,2718,-37.81638889,144.9475,VIC,-31.95111111,115.88916667
2012,Fremantle,Football Park,3,2119,-34.88,138.49555556,SA,-31.95111111,115.88916667
2012,Fremantle,M.C.G.,3,2721,-37.82,144.98333333,VIC,-31.95111111,115.88916667
2012,Fremantle,S.C.G.,1,3289,-33.89166667,151.22472222,NSW,-31.95111111,115.88916667
2012,Fremantle,Subiaco,12,6,-31.94444444,115.83,WA,-31.95111111,115.88916667
2012,Fremantle,York Park,1,2959,-41.42583333,147.13888889,TAS,-31.95111111,115.88916667
2012,Geelong,Carrara,1,1405,-28.00638889,153.36722222,QLD,-38.15805556,144.35472222
2012,Geelong,Docklands,5,64,-37.81638889,144.9475,VIC,-38.15805556,144.35472222
2012,Geelong,Football Park,1,638,-34.88,138.49555556,SA,-38.15805556,144.35472222
2012,Geelong,Gabba,1,1436,-27.48583333,153.03805556,QLD,-38.15805556,144.35472222
2012,Geelong,Kardinia Park,7,0,-38.15805556,144.35472222,VIC,-38.15805556,144.35472222
2012,Geelong,M.C.G.,5,67,-37.82,144.98333333,VIC,-38.15805556,144.35472222
2012,Geelong,S.C.G.,1,779,-33.89166667,151.22472222,NSW,-38.15805556,144.35472222
2012,Geelong,Subiaco,2,2675,-31.94444444,115.83,WA,-38.15805556,144.35472222
2012,Gold Coast,Carrara,11,0,-28.00638889,153.36722222,QLD,-28.00638889,153.36722222
2012,Gold Coast,Cazaly's Stadium,1,1458,-16.93583333,145.74916667,QLD,-28.00638889,153.36722222
2012,Gold Coast,Docklands,2,1343,-37.81638889,144.9475,VIC,-28.00638889,153.36722222
2012,Gold Coast,Football Park,1,1602,-34.88,138.49555556,SA,-28.00638889,153.36722222
2012,Gold Coast,Gabba,1,66,-27.48583333,153.03805556,QLD,-28.00638889,153.36722222
2012,Gold Coast,M.C.G.,3,1341,-37.82,144.98333333,VIC,-28.00638889,153.36722222
2012,Gold Coast,Manuka Oval,1,906,-35.31805556,149.13472222,ACT,-28.00638889,153.36722222
2012,Gold Coast,Marrara Oval,1,2908,-12.39916667,130.88722222,NT,-28.00638889,153.36722222
2012,Gold Coast,Subiaco,1,3624,-31.94444444,115.83,WA,-28.00638889,153.36722222
2012,Greater Western Sydney,Bellerive Oval,1,1055,-42.87722222,147.37361111,TAS,-33.84305556,151.06777778
2012,Greater Western Sydney,Blacktown,1,21,-33.77138889,150.85361111,NSW,-33.84305556,151.06777778
2012,Greater Western Sydney,Carrara,1,685,-28.00638889,153.36722222,QLD,-33.84305556,151.06777778
2012,Greater Western Sydney,Docklands,2,707,-37.81638889,144.9475,VIC,-33.84305556,151.06777778
2012,Greater Western Sydney,Football Park,1,1159,-34.88,138.49555556,SA,-33.84305556,151.06777778
2012,Greater Western Sydney,Gabba,1,732,-27.48583333,153.03805556,QLD,-33.84305556,151.06777778
2012,Greater Western Sydney,Kardinia Park,1,771,-38.15805556,144.35472222,VIC,-33.84305556,151.06777778
2012,Greater Western Sydney,M.C.G.,2,704,-37.82,144.98333333,VIC,-33.84305556,151.06777778
2012,Greater Western Sydney,Manuka Oval,3,241,-35.31805556,149.13472222,ACT,-33.84305556,151.06777778
2012,Greater Western Sydney,Stadium Australia,2,1,-33.84722222,151.06305556,NSW,-33.84305556,151.06777778
2012,Greater Western Sydney,Subiaco,1,3281,-31.94444444,115.83,WA,-33.84305556,151.06777778
2012,Greater Western Sydney,Sydney Showground,6,0,-33.84305556,151.06777778,NSW,-33.84305556,151.06777778
2012,Hawthorn,Docklands,2,3,-37.81638889,144.9475,VIC,-37.82,144.98333333
2012,Hawthorn,Football Park,1,666,-34.88,138.49555556,SA,-37.82,144.98333333
2012,Hawthorn,M.C.G.,16,0,-37.82,144.98333333,VIC,-37.82,144.98333333
2012,Hawthorn,S.C.G.,1,712,-33.89166667,151.22472222,NSW,-37.82,144.98333333
2012,Hawthorn,Subiaco,1,2726,-31.94444444,115.83,WA,-37.82,144.98333333
2012,Hawthorn,York Park,4,441,-41.42583333,147.13888889,TAS,-37.82,144.98333333
2012,Melbourne,Docklands,2,3,-37.81638889,144.9475,VIC,-37.82,144.98333333
2012,Melbourne,Gabba,1,1373,-27.48583333,153.03805556,QLD,-37.82,144.98333333
2012,Melbourne,Kardinia Park,1,67,-38.15805556,144.35472222,VIC,-37.82,144.98333333
2012,Melbourne,M.C.G.,13,0,-37.82,144.98333333,VIC,-37.82,144.98333333
2012,Melbourne,Manuka Oval,1,463,-35.31805556,149.13472222,ACT,-37.82,144.98333333
2012,Melbourne,Marrara Oval,1,3154,-12.39916667,130.88722222,NT,-37.82,144.98333333
2012,Melbourne,S.C.G.,1,712,-33.89166667,151.22472222,NSW,-37.82,144.98333333
2012,Melbourne,Subiaco,2,2726,-31.94444444,115.83,WA,-37.82,144.98333333
2012,North Melbourne,Bellerive Oval,2,599,-42.87722222,147.37361111,TAS,-37.81638889,144.9475
2012,North Melbourne,Carrara,1,1343,-28.00638889,153.36722222,QLD,-37.81638889,144.9475
2012,North Melbourne,Docklands,13,0,-37.81638889,144.9475,VIC,-37.81638889,144.9475
2012,North Melbourne,Football Park,1,663,-34.88,138.49555556,SA,-37.81638889,144.9475
2012,North Melbourne,M.C.G.,1,3,-37.82,144.98333333,VIC,-37.81638889,144.9475
2012,North Melbourne,S.C.G.,1,714,-33.89166667,151.22472222,NSW,-37.81638889,144.9475
2012,North Melbourne,Subiaco,2,2723,-31.94444444,115.83,WA,-37.81638889,144.9475
2012,North Melbourne,Sydney Showground,1,707,-33.84305556,151.06777778,NSW,-37.81638889,144.9475
2012,North Melbourne,York Park,1,443,-41.42583333,147.13888889,TAS,-37.81638889,144.9475
2012,Port Adelaide,Carrara,1,1595,-28.00638889,153.36722222,QLD,-34.91555556,138.59611111
2012,Port Adelaide,Docklands,3,654,-37.81638889,144.9475,VIC,-34.91555556,138.59611111
2012,Port Adelaide,Football Park,12,10,-34.88,138.49555556,SA,-34.91555556,138.59611111
2012,Port Adelaide,Kardinia Park,1,628,-38.15805556,144.35472222,VIC,-34.91555556,138.59611111
2012,Port Adelaide,M.C.G.,1,657,-37.82,144.98333333,VIC,-34.91555556,138.59611111
2012,Port Adelaide,Marrara Oval,1,2622,-12.39916667,130.88722222,NT,-34.91555556,138.59611111
2012,Port Adelaide,Subiaco,1,2134,-31.94444444,115.83,WA,-34.91555556,138.59611111
2012,Port Adelaide,Sydney Showground,1,1150,-33.84305556,151.06777778,NSW,-34.91555556,138.59611111
2012,Port Adelaide,York Park,1,1039,-41.42583333,147.13888889,TAS,-34.91555556,138.59611111
2012,Richmond,Cazaly's Stadium,1,2323,-16.93583333,145.74916667,QLD,-37.82,144.98333333
2012,Richmond,Docklands,2,3,-37.81638889,144.9475,VIC,-37.82,144.98333333
2012,Richmond,Football Park,2,666,-34.88,138.49555556,SA,-37.82,144.98333333
2012,Richmond,Gabba,1,1373,-27.48583333,153.03805556,QLD,-37.82,144.98333333
2012,Richmond,Kardinia Park,1,67,-38.15805556,144.35472222,VIC,-37.82,144.98333333
2012,Richmond,M.C.G.,13,0,-37.82,144.98333333,VIC,-37.82,144.98333333
2012,Richmond,Subiaco,1,2726,-31.94444444,115.83,WA,-37.82,144.98333333
2012,Richmond,Sydney Showground,1,704,-33.84305556,151.06777778,NSW,-37.82,144.98333333
2012,St Kilda,Carrara,1,1343,-28.00638889,153.36722222,QLD,-37.81638889,144.9475
2012,St Kilda,Docklands,12,0,-37.81638889,144.9475,VIC,-37.81638889,144.9475
2012,St Kilda,Football Park,2,663,-34.88,138.49555556,SA,-37.81638889,144.9475
2012,St Kilda,Gabba,1,1375,-27.48583333,153.03805556,QLD,-37.81638889,144.9475
2012,St Kilda,M.C.G.,4,3,-37.82,144.98333333,VIC,-37.81638889,144.9475
2012,St Kilda,S.C.G.,1,714,-33.89166667,151.22472222,NSW,-37.81638889,144.9475
2012,St Kilda,Subiaco,1,2723,-31.94444444,115.83,WA,-37.81638889,144.9475
2012,Sydney,Carrara,1,686,-28.00638889,153.36722222,QLD,-33.89166667,151.22472222
2012,Sydney,Docklands,4,714,-37.81638889,144.9475,VIC,-33.89166667,151.22472222
2012,Sydney,Football Park,2,1172,-34.88,138.49555556,SA,-33.89166667,151.22472222
2012,Sydney,Kardinia Park,1,779,-38.15805556,144.35472222,VIC,-33.89166667,151.22472222
2012,Sydney,M.C.G.,2,712,-37.82,144.98333333,VIC,-33.89166667,151.22472222
2012,Sydney,S.C.G.,9,0,-33.89166667,151.22472222,NSW,-33.89166667,151.22472222
2012,Sydney,Stadium Australia,4,16,-33.84722222,151.06305556,NSW,-33.89166667,151.22472222
2012,Sydney,Subiaco,1,3295,-31.94444444,115.83,WA,-33.89166667,151.22472222
2012,Sydney,York Park,1,911,-41.42583333,147.13888889,TAS,-33.89166667,151.22472222
2012,West Coast,Bellerive Oval,1,3012,-42.87722222,147.37361111,TAS,-31.95111111,115.88916667
2012,West Coast,Blacktown,1,3256,-33.77138889,150.85361111,NSW,-31.95111111,115.88916667
2012,West Coast,Docklands,3,2718,-37.81638889,144.9475,VIC,-31.95111111,115.88916667
2012,West Coast,Football Park,2,2119,-34.88,138.49555556,SA,-31.95111111,115.88916667
2012,West Coast,Gabba,1,3604,-27.48583333,153.03805556,QLD,-31.95111111,115.88916667
2012,West Coast,M.C.G.,3,2721,-37.82,144.98333333,VIC,-31.95111111,115.88916667
2012,West Coast,Subiaco,13,6,-31.94444444,115.83,WA,-31.95111111,115.88916667
2012,Western Bulldogs,Docklands,13,0,-37.81638889,144.9475,VIC,-37.81638889,144.9475
2012,Western Bulldogs,Football Park,1,663,-34.88,138.49555556,SA,-37.81638889,144.9475
2012,Western Bulldogs,Gabba,1,1375,-27.48583333,153.03805556,QLD,-37.81638889,144.9475
2012,Western Bulldogs,Kardinia Park,1,64,-38.15805556,144.35472222,VIC,-37.81638889,144.9475
2012,Western Bulldogs,M.C.G.,2,3,-37.82,144.98333333,VIC,-37.81638889,144.9475
2012,Western Bulldogs,Manuka Oval,1,466,-35.31805556,149.13472222,ACT,-37.81638889,144.9475
2012,Western Bulldogs,Marrara Oval,1,3152,-12.39916667,130.88722222,NT,-37.81638889,144.9475
2012,Western Bulldogs,S.C.G.,1,714,-33.89166667,151.22472222,NSW,-37.81638889,144.9475
2012,Western Bulldogs,Subiaco,1,2723,-31.94444444,115.83,WA,-37.81638889,144.9475
2013,Adelaide,Carrara,1,1595,-28.00638889,153.36722222,QLD,-34.91555556,138.59611111
2013,Adelaide,Docklands,2,654,-37.81638889,144.9475,VIC,-34.91555556,138.59611111
2013,Adelaide,Football Park,12,10,-34.88,138.49555556,SA,-34.91555556,138.59611111
2013,Adelaide,Gabba,1,1600,-27.48583333,153.03805556,QLD,-34.91555556,138.59611111
2013,Adelaide,M.C.G.,3,657,-37.82,144.98333333,VIC,-34.91555556,138.59611111
2013,Adelaide,Subiaco,2,2134,-31.94444444,115.83,WA,-34.91555556,138.59611111
2013,Adelaide,Sydney Showground,1,1150,-33.84305556,151.06777778,NSW,-34.91555556,138.59611111
2013,Brisbane Lions,Carrara,1,66,-28.00638889,153.36722222,QLD,-27.48583333,153.03805556
2013,Brisbane Lions,Docklands,3,1375,-37.81638889,144.9475,VIC,-27.48583333,153.03805556
2013,Brisbane Lions,Football Park,1,1607,-34.88,138.49555556,SA,-27.48583333,153.03805556
2013,Brisbane Lions,Gabba,11,0,-27.48583333,153.03805556,QLD,-27.48583333,153.03805556
2013,Brisbane Lions,Kardinia Park,1,1436,-38.15805556,144.35472222,VIC,-27.48583333,153.03805556
2013,Brisbane Lions,M.C.G.,1,1373,-37.82,144.98333333,VIC,-27.48583333,153.03805556
2013,Brisbane Lions,Marrara Oval,1,2850,-12.39916667,130.88722222,NT,-27.48583333,153.03805556
2013,Brisbane Lions,S.C.G.,1,733,-33.89166667,151.22472222,NSW,-27.48583333,153.03805556
2013,Brisbane Lions,Subiaco,1,3610,-31.94444444,115.83,WA,-27.48583333,153.03805556
2013,Brisbane Lions,York Park,1,1641,-41.42583333,147.13888889,TAS,-27.48583333,153.03805556
2013,Carlton,Carrara,1,1341,-28.00638889,153.36722222,QLD,-37.82,144.98333333
2013,Carlton,Docklands,9,3,-37.81638889,144.9475,VIC,-37.82,144.98333333
2013,Carlton,Football Park,1,666,-34.88,138.49555556,SA,-37.82,144.98333333
2013,Carlton,Gabba,1,1373,-27.48583333,153.03805556,QLD,-37.82,144.98333333
2013,Carlton,M.C.G.,9,0,-37.82,144.98333333,VIC,-37.82,144.98333333
2013,Carlton,S.C.G.,1,712,-33.89166667,151.22472222,NSW,-37.82,144.98333333
2013,Carlton,Stadium Australia,1,704,-33.84722222,151.06305556,NSW,-37.82,144.98333333
2013,Carlton,Subiaco,1,2726,-31.94444444,115.83,WA,-37.82,144.98333333
2013,Collingwood,Carrara,1,1341,-28.00638889,153.36722222,QLD,-37.82,144.98333333
2013,Collingwood,Docklands,3,3,-37.81638889,144.9475,VIC,-37.82,144.98333333
2013,Collingwood,Football Park,1,666,-34.88,138.49555556,SA,-37.82,144.98333333
2013,Collingwood,Gabba,1,1373,-27.48583333,153.03805556,QLD,-37.82,144.98333333
2013,Collingwood,M.C.G.,15,0,-37.82,144.98333333,VIC,-37.82,144.98333333
2013,Collingwood,Stadium Australia,1,704,-33.84722222,151.06305556,NSW,-37.82,144.98333333
2013,Collingwood,Subiaco,1,2726,-31.94444444,115.83,WA,-37.82,144.98333333
2013,Essendon,Docklands,10,0,-37.81638889,144.9475,VIC,-37.81638889,144.9475
2013,Essendon,Football Park,1,663,-34.88,138.49555556,SA,-37.81638889,144.9475
2013,Essendon,M.C.G.,7,3,-37.82,144.98333333,VIC,-37.81638889,144.9475
2013,Essendon,S.C.G.,1,714,-33.89166667,151.22472222,NSW,-37.81638889,144.9475
2013,Essendon,Subiaco,2,2723,-31.94444444,115.83,WA,-37.81638889,144.9475
2013,Essendon,Sydney Showground,1,707,-33.84305556,151.06777778,NSW,-37.81638889,144.9475
2013,Fremantle,Carrara,1,3618,-28.00638889,153.36722222,QLD,-31.95111111,115.88916667
2013,Fremantle,Docklands,3,2718,-37.81638889,144.9475,VIC,-31.95111111,115.88916667
2013,Fremantle,Football Park,1,2119,-34.88,138.49555556,SA,-31.95111111,115.88916667
2013,Fremantle,Kardinia Park,2,2670,-38.15805556,144.35472222,VIC,-31.95111111,115.88916667
2013,Fremantle,M.C.G.,3,2721,-37.82,144.98333333,VIC,-31.95111111,115.88916667
2013,Fremantle,S.C.G.,1,3289,-33.89166667,151.22472222,NSW,-31.95111111,115.88916667
2013,Fremantle,Subiaco,13,6,-31.94444444,115.83,WA,-31.95111111,115.88916667
2013,Fremantle,York Park,1,2959,-41.42583333,147.13888889,TAS,-31.95111111,115.88916667
2013,Geelong,Docklands,5,64,-37.81638889,144.9475,VIC,-38.15805556,144.35472222
2013,Geelong,Football Park,2,638,-34.88,138.49555556,SA,-38.15805556,144.35472222
2013,Geelong,Gabba,1,1436,-27.48583333,153.03805556,QLD,-38.15805556,144.35472222
2013,Geelong,Kardinia Park,8,0,-38.15805556,144.35472222,VIC,-38.15805556,144.35472222
2013,Geelong,M.C.G.,6,67,-37.82,144.98333333,VIC,-38.15805556,144.35472222
2013,Geelong,S.C.G.,1,779,-33.89166667,151.22472222,NSW,-38.15805556,144.35472222
2013,Geelong,Subiaco,1,2675,-31.94444444,115.83,WA,-38.15805556,144.35472222
2013,Geelong,Sydney Showground,1,771,-33.84305556,151.06777778,NSW,-38.15805556,144.35472222
2013,Gold Coast,Carrara,11,0,-28.00638889,153.36722222,QLD,-28.00638889,153.36722222
2013,Gold Coast,Cazaly's Stadium,1,1458,-16.93583333,145.74916667,QLD,-28.00638889,153.36722222
2013,Gold Coast,Docklands,2,1343,-37.81638889,144.9475,VIC,-28.00638889,153.36722222
2013,Gold Coast,Football Park,1,1602,-34.88,138.49555556,SA,-28.00638889,153.36722222
2013,Gold Coast,Gabba,1,66,-27.48583333,153.03805556,QLD,-28.00638889,153.36722222
2013,Gold Coast,Kardinia Park,1,1405,-38.15805556,144.35472222,VIC,-28.00638889,153.36722222
2013,Gold Coast,M.C.G.,2,1341,-37.82,144.98333333,VIC,-28.00638889,153.36722222
2013,Gold Coast,Manuka Oval,1,906,-35.31805556,149.13472222,ACT,-28.00638889,153.36722222
2013,Gold Coast,S.C.G.,1,686,-33.89166667,151.22472222,NSW,-28.00638889,153.36722222
2013,Gold Coast,Subiaco,1,3624,-31.94444444,115.83,WA,-28.00638889,153.36722222
2013,Greater Western Sydney,Carrara,1,685,-28.00638889,153.36722222,QLD,-33.84305556,151.06777778
2013,Greater Western Sydney,Docklands,3,707,-37.81638889,144.9475,VIC,-33.84305556,151.06777778
2013,Greater Western Sydney,Football Park,1,1159,-34.88,138.49555556,SA,-33.84305556,151.06777778
2013,Greater Western Sydney,Gabba,1,732,-27.48583333,153.03805556,QLD,-33.84305556,151.06777778
2013,Greater Western Sydney,M.C.G.,2,704,-37.82,144.98333333,VIC,-33.84305556,151.06777778
2013,Greater Western Sydney,Manuka Oval,3,241,-35.31805556,149.13472222,ACT,-33.84305556,151.06777778
2013,Greater Western Sydney,S.C.G.,1,15,-33.89166667,151.22472222,NSW,-33.84305556,151.06777778
2013,Greater Western Sydney,Stadium Australia,1,1,-33.84722222,151.06305556,NSW,-33.84305556,151.06777778
2013,Greater Western Sydney,Subiaco,1,3281,-31.94444444,115.83,WA,-33.84305556,151.06777778
2013,Greater Western Sydney,Sydney Showground,7,0,-33.84305556,151.06777778,NSW,-33.84305556,151.06777778
2013,Greater Western Sydney,York Park,1,911,-41.42583333,147.13888889,TAS,-33.84305556,151.06777778
2013,Hawthorn,Docklands,5,3,-37.81638889,144.9475,VIC,-37.82,144.98333333
2013,Hawthorn,Football Park,2,666,-34.88,138.49555556,SA,-37.82,144.98333333
2013,Hawthorn,M.C.G.,12,0,-37.82,144.98333333,VIC,-37.82,144.98333333
2013,Hawthorn,Stadium Australia,1,704,-33.84722222,151.06305556,NSW,-37.82,144.98333333
2013,Hawthorn,Subiaco,1,2726,-31.94444444,115.83,WA,-37.82,144.98333333
2013,Hawthorn,York Park,4,441,-41.42583333,147.13888889,TAS,-37.82,144.98333333
2013,Melbourne,Carrara,1,1341,-28.00638889,153.36722222,QLD,-37.82,144.98333333
2013,Melbourne,Docklands,2,3,-37.81638889,144.9475,VIC,-37.82,144.98333333
2013,Melbourne,Football Park,1,666,-34.88,138.49555556,SA,-37.82,144.98333333
2013,Melbourne,Gabba,1,1373,-27.48583333,153.03805556,QLD,-37.82,144.98333333
2013,Melbourne,Kardinia Park,1,67,-38.15805556,144.35472222,VIC,-37.82,144.98333333
2013,Melbourne,M.C.G.,13,0,-37.82,144.98333333,VIC,-37.82,144.98333333
2013,Melbourne,Marrara Oval,1,3154,-12.39916667,130.88722222,NT,-37.82,144.98333333
2013,Melbourne,Subiaco,1,2726,-31.94444444,115.83,WA,-37.82,144.98333333
2013,Melbourne,Sydney Showground,1,704,-33.84305556,151.06777778,NSW,-37.82,144.98333333
2013,North Melbourne,Bellerive Oval,2,599,-42.87722222,147.37361111,TAS,-37.81638889,144.9475
2013,North Melbourne,Carrara,1,1343,-28.00638889,153.36722222,QLD,-37.81638889,144.9475
2013,North Melbourne,Docklands,13,0,-37.81638889,144.9475,VIC,-37.81638889,144.9475
2013,North Melbourne,Football Park,1,663,-34.88,138.49555556,SA,-37.81638889,144.9475
2013,North Melbourne,Gabba,1,1375,-27.48583333,153.03805556,QLD,-37.81638889,144.9475
2013,North Melbourne,M.C.G.,2,3,-37.82,144.98333333,VIC,-37.81638889,144.9475
2013,North Melbourne,Subiaco,2,2723,-31.94444444,115.83,WA,-37.81638889,144.9475
2013,Port Adelaide,Bellerive Oval,1,1165,-42.87722222,147.37361111,TAS,-34.91555556,138.59611111
2013,Port Adelaide,Carrara,1,1595,-28.00638889,153.36722222,QLD,-34.91555556,138.59611111
2013,Port Adelaide,Docklands,3,654,-37.81638889,144.9475,VIC,-34.91555556,138.59611111
2013,Port Adelaide,Football Park,12,10,-34.88,138.49555556,SA,-34.91555556,138.59611111
2013,Port Adelaide,Kardinia Park,1,628,-38.15805556,144.35472222,VIC,-34.91555556,138.59611111
2013,Port Adelaide,M.C.G.,3,657,-37.82,144.98333333,VIC,-34.91555556,138.59611111
2013,Port Adelaide,Marrara Oval,1,2622,-12.39916667,130.88722222,NT,-34.91555556,138.59611111
2013,Port Adelaide,Subiaco,1,2134,-31.94444444,115.83,WA,-34.91555556,138.59611111
2013,Port Adelaide,Sydney Showground,1,1150,-33.84305556,151.06777778,NSW,-34.91555556,138.59611111
2013,Richmond,Cazaly's Stadium,1,2323,-16.93583333,145.74916667,QLD,-37.82,144.98333333
2013,Richmond,Docklands,3,3,-37.81638889,144.9475,VIC,-37.82,144.98333333
2013,Richmond,Football Park,1,666,-34.88,138.49555556,SA,-37.82,144.98333333
2013,Richmond,M.C.G.,14,0,-37.82,144.98333333,VIC,-37.82,144.98333333
2013,Richmond,S.C.G.,1,712,-33.89166667,151.22472222,NSW,-37.82,144.98333333
2013,Richmond,Subiaco,2,2726,-31.94444444,115.83,WA,-37.82,144.98333333
2013,Richmond,Sydney Showground,1,704,-33.84305556,151.06777778,NSW,-37.82,144.98333333
2013,St Kilda,Carrara,1,1343,-28.00638889,153.36722222,QLD,-37.81638889,144.9475
2013,St Kilda,Docklands,11,0,-37.81638889,144.9475,VIC,-37.81638889,144.9475
2013,St Kilda,Football Park,1,663,-34.88,138.49555556,SA,-37.81638889,144.9475
2013,St Kilda,Gabba,1,1375,-27.48583333,153.03805556,QLD,-37.81638889,144.9475
2013,St Kilda,Kardinia Park,1,64,-38.15805556,144.35472222,VIC,-37.81638889,144.9475
2013,St Kilda,M.C.G.,3,3,-37.82,144.98333333,VIC,-37.81638889,144.9475
2013,St Kilda,Manuka Oval,1,466,-35.31805556,149.13472222,ACT,-37.81638889,144.9475
2013,St Kilda,S.C.G.,1,714,-33.89166667,151.22472222,NSW,-37.81638889,144.9475
2013,St Kilda,Subiaco,1,2723,-31.94444444,115.83,WA,-37.81638889,144.9475
2013,St Kilda,Wellington,1,2574,-41.27305556,174.78583333,NZ,-37.81638889,144.9475
2013,Sydney,Bellerive Oval,1,1054,-42.87722222,147.37361111,TAS,-33.89166667,151.22472222
2013,Sydney,Docklands,1,714,-37.81638889,144.9475,VIC,-33.89166667,151.22472222
2013,Sydney,Football Park,2,1172,-34.88,138.49555556,SA,-33.89166667,151.22472222
2013,Sydney,Kardinia Park,1,779,-38.15805556,144.35472222,VIC,-33.89166667,151.22472222
2013,Sydney,M.C.G.,4,712,-37.82,144.98333333,VIC,-33.89166667,151.22472222
2013,Sydney,S.C.G.,9,0,-33.89166667,151.22472222,NSW,-33.89166667,151.22472222
2013,Sydney,Stadium Australia,4,16,-33.84722222,151.06305556,NSW,-33.89166667,151.22472222
2013,Sydney,Subiaco,2,3295,-31.94444444,115.83,WA,-33.89166667,151.22472222
2013,Sydney,Wellington,1,2224,-41.27305556,174.78583333,NZ,-33.89166667,151.22472222
2013,West Coast,Docklands,4,2718,-37.81638889,144.9475,VIC,-31.95111111,115.88916667
2013,West Coast,Football Park,2,2119,-34.88,138.49555556,SA,-31.95111111,115.88916667
2013,West Coast,Gabba,1,3604,-27.48583333,153.03805556,QLD,-31.95111111,115.88916667
2013,West Coast,M.C.G.,2,2721,-37.82,144.98333333,VIC,-31.95111111,115.88916667
2013,West Coast,Subiaco,12,6,-31.94444444,115.83,WA,-31.95111111,115.88916667
2013,West Coast,Sydney Showground,1,3275,-33.84305556,151.06777778,NSW,-31.95111111,115.88916667
2013,Western Bulldogs,Carrara,1,1343,-28.00638889,153.36722222,QLD,-37.81638889,144.9475
2013,Western Bulldogs,Docklands,14,0,-37.81638889,144.9475,VIC,-37.81638889,144.9475
2013,Western Bulldogs,Football Park,1,663,-34.88,138.49555556,SA,-37.81638889,144.9475
2013,Western Bulldogs,Gabba,1,1375,-27.48583333,153.03805556,QLD,-37.81638889,144.9475
2013,Western Bulldogs,M.C.G.,1,3,-37.82,144.98333333,VIC,-37.81638889,144.9475
2013,Western Bulldogs,Manuka Oval,1,466,-35.31805556,149.13472222,ACT,-37.81638889,144.9475
2013,Western Bulldogs,Marrara Oval,1,3152,-12.39916667,130.88722222,NT,-37.81638889,144.9475
2013,Western Bulldogs,Subiaco,1,2723,-31.94444444,115.83,WA,-37.81638889,144.9475
2013,Western Bulldogs,York Park,1,443,-41.42583333,147.13888889,TAS,-37.81638889,144.9475
2014,Adelaide,Adelaide Oval,12,0,-34.91555556,138.59611111,SA,-34.91555556,138.59611111
2014,Adelaide,Bellerive Oval,1,1165,-42.87722222,147.37361111,TAS,-34.91555556,138.59611111
2014,Adelaide,Docklands,3,654,-37.81638889,144.9475,VIC,-34.91555556,138.59611111
2014,Adelaide,Gabba,1,1600,-27.48583333,153.03805556,QLD,-34.91555556,138.59611111
2014,Adelaide,Kardinia Park,1,628,-38.15805556,144.35472222,VIC,-34.91555556,138.59611111
2014,Adelaide,M.C.G.,2,657,-37.82,144.98333333,VIC,-34.91555556,138.59611111
2014,Adelaide,Subiaco,1,2134,-31.94444444,115.83,WA,-34.91555556,138.59611111
2014,Adelaide,Sydney Showground,1,1150,-33.84305556,151.06777778,NSW,-34.91555556,138.59611111
2014,Brisbane Lions,Adelaide Oval,1,1600,-34.91555556,138.59611111,SA,-27.48583333,153.03805556
2014,Brisbane Lions,Carrara,1,66,-28.00638889,153.36722222,QLD,-27.48583333,153.03805556
2014,Brisbane Lions,Docklands,3,1375,-37.81638889,144.9475,VIC,-27.48583333,153.03805556
2014,Brisbane Lions,Gabba,11,0,-27.48583333,153.03805556,QLD,-27.48583333,153.03805556
2014,Brisbane Lions,Kardinia Park,1,1436,-38.15805556,144.35472222,VIC,-27.48583333,153.03805556
2014,Brisbane Lions,M.C.G.,2,1373,-37.82,144.98333333,VIC,-27.48583333,153.03805556
2014,Brisbane Lions,Subiaco,1,3610,-31.94444444,115.83,WA,-27.48583333,153.03805556
2014,Brisbane Lions,Wellington,1,2504,-41.27305556,174.78583333,NZ,-27.48583333,153.03805556
2014,Brisbane Lions,York Park,1,1641,-41.42583333,147.13888889,TAS,-27.48583333,153.03805556
2014,Carlton,Adelaide Oval,1,657,-34.91555556,138.59611111,SA,-37.82,144.98333333
2014,Carlton,Docklands,9,3,-37.81638889,144.9475,VIC,-37.82,144.98333333
2014,Carlton,Gabba,1,1373,-27.48583333,153.03805556,QLD,-37.82,144.98333333
2014,Carlton,M.C.G.,8,0,-37.82,144.98333333,VIC,-37.82,144.98333333
2014,Carlton,S.C.G.,1,712,-33.89166667,151.22472222,NSW,-37.82,144.98333333
2014,Carlton,Subiaco,1,2726,-31.94444444,115.83,WA,-37.82,144.98333333
2014,Carlton,Sydney Showground,1,704,-33.84305556,151.06777778,NSW,-37.82,144.98333333
2014,Collingwood,Adelaide Oval,1,657,-34.91555556,138.59611111,SA,-37.82,144.98333333
2014,Collingwood,Carrara,1,1341,-28.00638889,153.36722222,QLD,-37.82,144.98333333
2014,Collingwood,Docklands,3,3,-37.81638889,144.9475,VIC,-37.82,144.98333333
2014,Collingwood,M.C.G.,14,0,-37.82,144.98333333,VIC,-37.82,144.98333333
2014,Collingwood,Stadium Australia,1,704,-33.84722222,151.06305556,NSW,-37.82,144.98333333
2014,Collingwood,Subiaco,1,2726,-31.94444444,115.83,WA,-37.82,144.98333333
2014,Collingwood,Sydney Showground,1,704,-33.84305556,151.06777778,NSW,-37.82,144.98333333
2014,Essendon,Adelaide Oval,1,654,-34.91555556,138.59611111,SA,-37.81638889,144.9475
2014,Essendon,Docklands,10,0,-37.81638889,144.9475,VIC,-37.81638889,144.9475
2014,Essendon,Gabba,1,1375,-27.48583333,153.03805556,QLD,-37.81638889,144.9475
2014,Essendon,M.C.G.,8,3,-37.82,144.98333333,VIC,-37.81638889,144.9475
2014,Essendon,S.C.G.,1,714,-33.89166667,151.22472222,NSW,-37.81638889,144.9475
2014,Essendon,Subiaco,1,2723,-31.94444444,115.83,WA,-37.81638889,144.9475
2014,Essendon,Sydney Showground,1,707,-33.84305556,151.06777778,NSW,-37.81638889,144.9475
2014,Fremantle,Adelaide Oval,1,2128,-34.91555556,138.59611111,SA,-31.95111111,115.88916667
2014,Fremantle,Docklands,3,2718,-37.81638889,144.9475,VIC,-31.95111111,115.88916667
2014,Fremantle,Gabba,1,3604,-27.48583333,153.03805556,QLD,-31.95111111,115.88916667
2014,Fremantle,Kardinia Park,1,2670,-38.15805556,144.35472222,VIC,-31.95111111,115.88916667
2014,Fremantle,M.C.G.,2,2721,-37.82,144.98333333,VIC,-31.95111111,115.88916667
2014,Fremantle,Marrara Oval,1,2660,-12.39916667,130.88722222,NT,-31.95111111,115.88916667
2014,Fremantle,S.C.G.,1,3289,-33.89166667,151.22472222,NSW,-31.95111111,115.88916667
2014,Fremantle,Stadium Australia,1,3275,-33.84722222,151.06305556,NSW,-31.95111111,115.88916667
2014,Fremantle,Subiaco,13,6,-31.94444444,115.83,WA,-31.95111111,115.88916667
2014,Geelong,Adelaide Oval,1,628,-34.91555556,138.59611111,SA,-38.15805556,144.35472222
2014,Geelong,Carrara,1,1405,-28.00638889,153.36722222,QLD,-38.15805556,144.35472222
2014,Geelong,Docklands,4,64,-37.81638889,144.9475,VIC,-38.15805556,144.35472222
2014,Geelong,Gabba,1,1436,-27.48583333,153.03805556,QLD,-38.15805556,144.35472222
2014,Geelong,Kardinia Park,7,0,-38.15805556,144.35472222,VIC,-38.15805556,144.35472222
2014,Geelong,M.C.G.,7,67,-37.82,144.98333333,VIC,-38.15805556,144.35472222
2014,Geelong,S.C.G.,1,779,-33.89166667,151.22472222,NSW,-38.15805556,144.35472222
2014,Geelong,Subiaco,1,2675,-31.94444444,115.83,WA,-38.15805556,144.35472222
2014,Geelong,Sydney Showground,1,771,-33.84305556,151.06777778,NSW,-38.15805556,144.35472222
2014,Gold Coast,Adelaide Oval,1,1595,-34.91555556,138.59611111,SA,-28.00638889,153.36722222
2014,Gold Coast,Carrara,11,0,-28.00638889,153.36722222,QLD,-28.00638889,153.36722222
2014,Gold Coast,Cazaly's Stadium,1,1458,-16.93583333,145.74916667,QLD,-28.00638889,153.36722222
2014,Gold Coast,Docklands,4,1343,-37.81638889,144.9475,VIC,-28.00638889,153.36722222
2014,Gold Coast,Gabba,1,66,-27.48583333,153.03805556,QLD,-28.00638889,153.36722222
2014,Gold Coast,M.C.G.,1,1341,-37.82,144.98333333,VIC,-28.00638889,153.36722222
2014,Gold Coast,Subiaco,2,3624,-31.94444444,115.83,WA,-28.00638889,153.36722222
2014,Gold Coast,York Park,1,1596,-41.42583333,147.13888889,TAS,-28.00638889,153.36722222
2014,Greater Western Sydney,Adelaide Oval,1,1150,-34.91555556,138.59611111,SA,-33.84305556,151.06777778
2014,Greater Western Sydney,Carrara,1,685,-28.00638889,153.36722222,QLD,-33.84305556,151.06777778
2014,Greater Western Sydney,Docklands,2,707,-37.81638889,144.9475,VIC,-33.84305556,151.06777778
2014,Greater Western Sydney,Gabba,1,732,-27.48583333,153.03805556,QLD,-33.84305556,151.06777778
2014,Greater Western Sydney,M.C.G.,3,704,-37.82,144.98333333,VIC,-33.84305556,151.06777778
2014,Greater Western Sydney,Manuka Oval,3,241,-35.31805556,149.13472222,ACT,-33.84305556,151.06777778
2014,Greater Western Sydney,S.C.G.,1,15,-33.89166667,151.22472222,NSW,-33.84305556,151.06777778
2014,Greater Western Sydney,Subiaco,2,3281,-31.94444444,115.83,WA,-33.84305556,151.06777778
2014,Greater Western Sydney,Sydney Showground,8,0,-33.84305556,151.06777778,NSW,-33.84305556,151.06777778
2014,Hawthorn,Adelaide Oval,2,657,-34.91555556,138.59611111,SA,-37.82,144.98333333
2014,Hawthorn,Carrara,1,1341,-28.00638889,153.36722222,QLD,-37.82,144.98333333
2014,Hawthorn,Docklands,2,3,-37.81638889,144.9475,VIC,-37.82,144.98333333
2014,Hawthorn,M.C.G.,14,0,-37.82,144.98333333,VIC,-37.82,144.98333333
2014,Hawthorn,Stadium Australia,1,704,-33.84722222,151.06305556,NSW,-37.82,144.98333333
2014,Hawthorn,Subiaco,1,2726,-31.94444444,115.83,WA,-37.82,144.98333333
2014,Hawthorn,York Park,4,441,-41.42583333,147.13888889,TAS,-37.82,144.98333333
2014,Melbourne,Adelaide Oval,2,657,-34.91555556,138.59611111,SA,-37.82,144.98333333
2014,Melbourne,Docklands,4,3,-37.81638889,144.9475,VIC,-37.82,144.98333333
2014,Melbourne,M.C.G.,12,0,-37.82,144.98333333,VIC,-37.82,144.98333333
2014,Melbourne,Marrara Oval,1,3154,-12.39916667,130.88722222,NT,-37.82,144.98333333
2014,Melbourne,Subiaco,1,2726,-31.94444444,115.83,WA,-37.82,144.98333333
2014,Melbourne,Sydney Showground,1,704,-33.84305556,151.06777778,NSW,-37.82,144.98333333
2014,Melbourne,Traeger Park,1,1891,-23.709,133.8751,NT,-37.82,144.98333333
2014,North Melbourne,Adelaide Oval,1,654,-34.91555556,138.59611111,SA,-37.81638889,144.9475
2014,North Melbourne,Bellerive Oval,2,599,-42.87722222,147.37361111,TAS,-37.81638889,144.9475
2014,North Melbourne,Docklands,11,0,-37.81638889,144.9475,VIC,-37.81638889,144.9475
2014,North Melbourne,Gabba,1,1375,-27.48583333,153.03805556,QLD,-37.81638889,144.9475
2014,North Melbourne,Kardinia Park,1,64,-38.15805556,144.35472222,VIC,-37.81638889,144.9475
2014,North Melbourne,M.C.G.,4,3,-37.82,144.98333333,VIC,-37.81638889,144.9475
2014,North Melbourne,Manuka Oval,1,466,-35.31805556,149.13472222,ACT,-37.81638889,144.9475
2014,North Melbourne,S.C.G.,1,714,-33.89166667,151.22472222,NSW,-37.81638889,144.9475
2014,North Melbourne,Stadium Australia,1,706,-33.84722222,151.06305556,NSW,-37.81638889,144.9475
2014,North Melbourne,Subiaco,2,2723,-31.94444444,115.83,WA,-37.81638889,144.9475
2014,Port Adelaide,Adelaide Oval,13,0,-34.91555556,138.59611111,SA,-34.91555556,138.59611111
2014,Port Adelaide,Carrara,1,1595,-28.00638889,153.36722222,QLD,-34.91555556,138.59611111
2014,Port Adelaide,Docklands,3,654,-37.81638889,144.9475,VIC,-34.91555556,138.59611111
2014,Port Adelaide,M.C.G.,2,657,-37.82,144.98333333,VIC,-34.91555556,138.59611111
2014,Port Adelaide,Manuka Oval,1,959,-35.31805556,149.13472222,ACT,-34.91555556,138.59611111
2014,Port Adelaide,S.C.G.,1,1163,-33.89166667,151.22472222,NSW,-34.91555556,138.59611111
2014,Port Adelaide,Subiaco,3,2134,-31.94444444,115.83,WA,-34.91555556,138.59611111
2014,Port Adelaide,Traeger Park,1,1327,-23.709,133.8751,NT,-34.91555556,138.59611111
2014,Richmond,Adelaide Oval,2,657,-34.91555556,138.59611111,SA,-37.82,144.98333333
2014,Richmond,Carrara,1,1341,-28.00638889,153.36722222,QLD,-37.82,144.98333333
2014,Richmond,Docklands,4,3,-37.81638889,144.9475,VIC,-37.82,144.98333333
2014,Richmond,Gabba,1,1373,-27.48583333,153.03805556,QLD,-37.82,144.98333333
2014,Richmond,M.C.G.,12,0,-37.82,144.98333333,VIC,-37.82,144.98333333
2014,Richmond,Stadium Australia,1,704,-33.84722222,151.06305556,NSW,-37.82,144.98333333
2014,Richmond,Subiaco,1,2726,-31.94444444,115.83,WA,-37.82,144.98333333
2014,Richmond,Sydney Showground,1,704,-33.84305556,151.06777778,NSW,-37.82,144.98333333
2014,St Kilda,Adelaide Oval,2,654,-34.91555556,138.59611111,SA,-37.81638889,144.9475
2014,St Kilda,Bellerive Oval,1,599,-42.87722222,147.37361111,TAS,-37.81638889,144.9475
2014,St Kilda,Carrara,1,1343,-28.00638889,153.36722222,QLD,-37.81638889,144.9475
2014,St Kilda,Docklands,12,0,-37.81638889,144.9475,VIC,-37.81638889,144.9475
2014,St Kilda,Kardinia Park,1,64,-38.15805556,144.35472222,VIC,-37.81638889,144.9475
2014,St Kilda,M.C.G.,2,3,-37.82,144.98333333,VIC,-37.81638889,144.9475
2014,St Kilda,S.C.G.,1,714,-33.89166667,151.22472222,NSW,-37.81638889,144.9475
2014,St Kilda,Subiaco,1,2723,-31.94444444,115.83,WA,-37.81638889,144.9475
2014,St Kilda,Wellington,1,2574,-41.27305556,174.78583333,NZ,-37.81638889,144.9475
2014,Sydney,Adelaide Oval,2,1163,-34.91555556,138.59611111,SA,-33.89166667,151.22472222
2014,Sydney,Carrara,1,686,-28.00638889,153.36722222,QLD,-33.89166667,151.22472222
2014,Sydney,Docklands,2,714,-37.81638889,144.9475,VIC,-33.89166667,151.22472222
2014,Sydney,Gabba,1,733,-27.48583333,153.03805556,QLD,-33.89166667,151.22472222
2014,Sydney,M.C.G.,4,712,-37.82,144.98333333,VIC,-33.89166667,151.22472222
2014,Sydney,S.C.G.,8,0,-33.89166667,151.22472222,NSW,-33.89166667,151.22472222
2014,Sydney,Stadium Australia,5,16,-33.84722222,151.06305556,NSW,-33.89166667,151.22472222
2014,Sydney,Subiaco,1,3295,-31.94444444,115.83,WA,-33.89166667,151.22472222
2014,Sydney,Sydney Showground,1,15,-33.84305556,151.06777778,NSW,-33.89166667,151.22472222
2014,West Coast,Adelaide Oval,1,2128,-34.91555556,138.59611111,SA,-31.95111111,115.88916667
2014,West Coast,Carrara,1,3618,-28.00638889,153.36722222,QLD,-31.95111111,115.88916667
2014,West Coast,Docklands,3,2718,-37.81638889,144.9475,VIC,-31.95111111,115.88916667
2014,West Coast,Gabba,1,3604,-27.48583333,153.03805556,QLD,-31.95111111,115.88916667
2014,West Coast,Kardinia Park,1,2670,-38.15805556,144.35472222,VIC,-31.95111111,115.88916667
2014,West Coast,M.C.G.,2,2721,-37.82,144.98333333,VIC,-31.95111111,115.88916667
2014,West Coast,Subiaco,12,6,-31.94444444,115.83,WA,-31.95111111,115.88916667
2014,West Coast,York Park,1,2959,-41.42583333,147.13888889,TAS,-31.95111111,115.88916667
2014,Western Bulldogs,Adelaide Oval,1,654,-34.91555556,138.59611111,SA,-37.81638889,144.9475
2014,Western Bulldogs,Carrara,1,1343,-28.00638889,153.36722222,QLD,-37.81638889,144.9475
2014,Western Bulldogs,Cazaly's Stadium,1,2323,-16.93583333,145.74916667,QLD,-37.81638889,144.9475
2014,Western Bulldogs,Docklands,14,0,-37.81638889,144.9475,VIC,-37.81638889,144.9475
2014,Western Bulldogs,Kardinia Park,1,64,-38.15805556,144.35472222,VIC,-37.81638889,144.9475
2014,Western Bulldogs,M.C.G.,1,3,-37.82,144.98333333,VIC,-37.81638889,144.9475
2014,Western Bulldogs,Manuka Oval,1,466,-35.31805556,149.13472222,ACT,-37.81638889,144.9475
2014,Western Bulldogs,Subiaco,1,2723,-31.94444444,115.83,WA,-37.81638889,144.9475
2014,Western Bulldogs,York Park,1,443,-41.42583333,147.13888889,TAS,-37.81638889,144.9475
2015,Adelaide,Adelaide Oval,11,0,-34.91555556,138.59611111,SA,-34.91555556,138.59611111
2015,Adelaide,Carrara,1,1595,-28.00638889,153.36722222,QLD,-34.91555556,138.59611111
2015,Adelaide,Docklands,3,654,-37.81638889,144.9475,VIC,-34.91555556,138.59611111
2015,Adelaide,Gabba,1,1600,-27.48583333,153.03805556,QLD,-34.91555556,138.59611111
2015,Adelaide,Kardinia Park,1,628,-38.15805556,144.35472222,VIC,-34.91555556,138.59611111
2015,Adelaide,M.C.G.,3,657,-37.82,144.98333333,VIC,-34.91555556,138.59611111
2015,Adelaide,S.C.G.,1,1163,-33.89166667,151.22472222,NSW,-34.91555556,138.59611111
2015,Adelaide,Subiaco,1,2134,-31.94444444,115.83,WA,-34.91555556,138.59611111
2015,Adelaide,Sydney Showground,1,1150,-33.84305556,151.06777778,NSW,-34.91555556,138.59611111
2015,Brisbane Lions,Adelaide Oval,1,1600,-34.91555556,138.59611111,SA,-27.48583333,153.03805556
2015,Brisbane Lions,Carrara,1,66,-28.00638889,153.36722222,QLD,-27.48583333,153.03805556
2015,Brisbane Lions,Docklands,4,1375,-37.81638889,144.9475,VIC,-27.48583333,153.03805556
2015,Brisbane Lions,Gabba,11,0,-27.48583333,153.03805556,QLD,-27.48583333,153.03805556
2015,Brisbane Lions,Kardinia Park,1,1436,-38.15805556,144.35472222,VIC,-27.48583333,153.03805556
2015,Brisbane Lions,M.C.G.,1,1373,-37.82,144.98333333,VIC,-27.48583333,153.03805556
2015,Brisbane Lions,Subiaco,1,3610,-31.94444444,115.83,WA,-27.48583333,153.03805556
2015,Brisbane Lions,Sydney Showground,1,732,-33.84305556,151.06777778,NSW,-27.48583333,153.03805556
2015,Brisbane Lions,York Park,1,1641,-41.42583333,147.13888889,TAS,-27.48583333,153.03805556
2015,Carlton,Docklands,7,3,-37.81638889,144.9475,VIC,-37.82,144.98333333
2015,Carlton,Gabba,1,1373,-27.48583333,153.03805556,QLD,-37.82,144.98333333
2015,Carlton,M.C.G.,9,0,-37.82,144.98333333,VIC,-37.82,144.98333333
2015,Carlton,S.C.G.,1,712,-33.89166667,151.22472222,NSW,-37.82,144.98333333
2015,Carlton,Subiaco,2,2726,-31.94444444,115.83,WA,-37.82,144.98333333
2015,Carlton,Sydney Showground,1,704,-33.84305556,151.06777778,NSW,-37.82,144.98333333
2015,Carlton,Wellington,1,2571,-41.27305556,174.78583333,NZ,-37.82,144.98333333
2015,Collingwood,Adelaide Oval,1,657,-34.91555556,138.59611111,SA,-37.82,144.98333333
2015,Collingwood,Carrara,1,1341,-28.00638889,153.36722222,QLD,-37.82,144.98333333
2015,Collingwood,Docklands,3,3,-37.81638889,144.9475,VIC,-37.82,144.98333333
2015,Collingwood,Gabba,1,1373,-27.48583333,153.03805556,QLD,-37.82,144.98333333
2015,Collingwood,M.C.G.,14,0,-37.82,144.98333333,VIC,-37.82,144.98333333
2015,Collingwood,S.C.G.,1,712,-33.89166667,151.22472222,NSW,-37.82,144.98333333
2015,Collingwood,Subiaco,1,2726,-31.94444444,115.83,WA,-37.82,144.98333333
2015,Essendon,Carrara,1,1343,-28.00638889,153.36722222,QLD,-37.81638889,144.9475
2015,Essendon,Docklands,9,0,-37.81638889,144.9475,VIC,-37.81638889,144.9475
2015,Essendon,M.C.G.,8,3,-37.82,144.98333333,VIC,-37.81638889,144.9475
2015,Essendon,Stadium Australia,1,706,-33.84722222,151.06305556,NSW,-37.81638889,144.9475
2015,Essendon,Subiaco,2,2723,-31.94444444,115.83,WA,-37.81638889,144.9475
2015,Essendon,Sydney Showground,1,707,-33.84305556,151.06777778,NSW,-37.81638889,144.9475
2015,Fremantle,Adelaide Oval,2,2128,-34.91555556,138.59611111,SA,-31.95111111,115.88916667
2015,Fremantle,Carrara,1,3618,-28.00638889,153.36722222,QLD,-31.95111111,115.88916667
2015,Fremantle,Docklands,3,2718,-37.81638889,144.9475,VIC,-31.95111111,115.88916667
2015,Fremantle,Kardinia Park,1,2670,-38.15805556,144.35472222,VIC,-31.95111111,115.88916667
2015,Fremantle,M.C.G.,2,2721,-37.82,144.98333333,VIC,-31.95111111,115.88916667
2015,Fremantle,Subiaco,14,6,-31.94444444,115.83,WA,-31.95111111,115.88916667
2015,Fremantle,York Park,1,2959,-41.42583333,147.13888889,TAS,-31.95111111,115.88916667
2015,Geelong,Adelaide Oval,1,628,-34.91555556,138.59611111,SA,-38.15805556,144.35472222
2015,Geelong,Docklands,4,64,-37.81638889,144.9475,VIC,-38.15805556,144.35472222
2015,Geelong,Kardinia Park,8,0,-38.15805556,144.35472222,VIC,-38.15805556,144.35472222
2015,Geelong,M.C.G.,5,67,-37.82,144.98333333,VIC,-38.15805556,144.35472222
2015,Geelong,Manuka Oval,1,530,-35.31805556,149.13472222,ACT,-38.15805556,144.35472222
2015,Geelong,Stadium Australia,1,770,-33.84722222,151.06305556,NSW,-38.15805556,144.35472222
2015,Geelong,Subiaco,1,2675,-31.94444444,115.83,WA,-38.15805556,144.35472222
2015,Gold Coast,Adelaide Oval,1,1595,-34.91555556,138.59611111,SA,-28.00638889,153.36722222
2015,Gold Coast,Carrara,11,0,-28.00638889,153.36722222,QLD,-28.00638889,153.36722222
2015,Gold Coast,Cazaly's Stadium,1,1458,-16.93583333,145.74916667,QLD,-28.00638889,153.36722222
2015,Gold Coast,Docklands,1,1343,-37.81638889,144.9475,VIC,-28.00638889,153.36722222
2015,Gold Coast,Gabba,1,66,-27.48583333,153.03805556,QLD,-28.00638889,153.36722222
2015,Gold Coast,Kardinia Park,1,1405,-38.15805556,144.35472222,VIC,-28.00638889,153.36722222
2015,Gold Coast,M.C.G.,2,1341,-37.82,144.98333333,VIC,-28.00638889,153.36722222
2015,Gold Coast,Manuka Oval,1,906,-35.31805556,149.13472222,ACT,-28.00638889,153.36722222
2015,Gold Coast,S.C.G.,1,686,-33.89166667,151.22472222,NSW,-28.00638889,153.36722222
2015,Gold Coast,Subiaco,1,3624,-31.94444444,115.83,WA,-28.00638889,153.36722222
2015,Gold Coast,York Park,1,1596,-41.42583333,147.13888889,TAS,-28.00638889,153.36722222
2015,Greater Western Sydney,Adelaide Oval,1,1150,-34.91555556,138.59611111,SA,-33.84305556,151.06777778
2015,Greater Western Sydney,Carrara,1,685,-28.00638889,153.36722222,QLD,-33.84305556,151.06777778
2015,Greater Western Sydney,Docklands,4,707,-37.81638889,144.9475,VIC,-33.84305556,151.06777778
2015,Greater Western Sydney,M.C.G.,2,704,-37.82,144.98333333,VIC,-33.84305556,151.06777778
2015,Greater Western Sydney,Manuka Oval,3,241,-35.31805556,149.13472222,ACT,-33.84305556,151.06777778
2015,Greater Western Sydney,S.C.G.,1,15,-33.89166667,151.22472222,NSW,-33.84305556,151.06777778
2015,Greater Western Sydney,Subiaco,2,3281,-31.94444444,115.83,WA,-33.84305556,151.06777778
2015,Greater Western Sydney,Sydney Showground,8,0,-33.84305556,151.06777778,NSW,-33.84305556,151.06777778
2015,Hawthorn,Adelaide Oval,2,657,-34.91555556,138.59611111,SA,-37.82,144.98333333
2015,Hawthorn,Docklands,4,3,-37.81638889,144.9475,VIC,-37.82,144.98333333
2015,Hawthorn,M.C.G.,11,0,-37.82,144.98333333,VIC,-37.82,144.98333333
2015,Hawthorn,Stadium Australia,1,704,-33.84722222,151.06305556,NSW,-37.82,144.98333333
2015,Hawthorn,Subiaco,3,2726,-31.94444444,115.83,WA,-37.82,144.98333333
2015,Hawthorn,Sydney Showground,1,704,-33.84305556,151.06777778,NSW,-37.82,144.98333333
2015,Hawthorn,York Park,4,441,-41.42583333,147.13888889,TAS,-37.82,144.98333333
2015,Melbourne,Adelaide Oval,1,657,-34.91555556,138.59611111,SA,-37.82,144.98333333
2015,Melbourne,Docklands,3,3,-37.81638889,144.9475,VIC,-37.82,144.98333333
2015,Melbourne,Kardinia Park,1,67,-38.15805556,144.35472222,VIC,-37.82,144.98333333
2015,Melbourne,M.C.G.,13,0,-37.82,144.98333333,VIC,-37.82,144.98333333
2015,Melbourne,Manuka Oval,1,463,-35.31805556,149.13472222,ACT,-37.82,144.98333333
2015,Melbourne,Marrara Oval,1,3154,-12.39916667,130.88722222,NT,-37.82,144.98333333
2015,Melbourne,Subiaco,1,2726,-31.94444444,115.83,WA,-37.82,144.98333333
2015,Melbourne,Traeger Park,1,1891,-23.709,133.8751,NT,-37.82,144.98333333
2015,North Melbourne,Adelaide Oval,1,654,-34.91555556,138.59611111,SA,-37.81638889,144.9475
2015,North Melbourne,Bellerive Oval,3,599,-42.87722222,147.37361111,TAS,-37.81638889,144.9475
2015,North Melbourne,Carrara,1,1343,-28.00638889,153.36722222,QLD,-37.81638889,144.9475
2015,North Melbourne,Docklands,11,0,-37.81638889,144.9475,VIC,-37.81638889,144.9475
2015,North Melbourne,Gabba,1,1375,-27.48583333,153.03805556,QLD,-37.81638889,144.9475
2015,North Melbourne,Kardinia Park,1,64,-38.15805556,144.35472222,VIC,-37.81638889,144.9475
2015,North Melbourne,M.C.G.,3,3,-37.82,144.98333333,VIC,-37.81638889,144.9475
2015,North Melbourne,Stadium Australia,1,706,-33.84722222,151.06305556,NSW,-37.81638889,144.9475
2015,North Melbourne,Subiaco,2,2723,-31.94444444,115.83,WA,-37.81638889,144.9475
2015,North Melbourne,Sydney Showground,1,707,-33.84305556,151.06777778,NSW,-37.81638889,144.9475
2015,Port Adelaide,Adelaide Oval,12,0,-34.91555556,138.59611111,SA,-34.91555556,138.59611111
2015,Port Adelaide,Carrara,1,1595,-28.00638889,153.36722222,QLD,-34.91555556,138.59611111
2015,Port Adelaide,Docklands,4,654,-37.81638889,144.9475,VIC,-34.91555556,138.59611111
2015,Port Adelaide,Gabba,1,1600,-27.48583333,153.03805556,QLD,-34.91555556,138.59611111
2015,Port Adelaide,M.C.G.,1,657,-37.82,144.98333333,VIC,-34.91555556,138.59611111
2015,Port Adelaide,S.C.G.,1,1163,-33.89166667,151.22472222,NSW,-34.91555556,138.59611111
2015,Port Adelaide,Subiaco,1,2134,-31.94444444,115.83,WA,-34.91555556,138.59611111
2015,Port Adelaide,Traeger Park,1,1327,-23.709,133.8751,NT,-34.91555556,138.59611111
2015,Richmond,Adelaide Oval,2,657,-34.91555556,138.59611111,SA,-37.82,144.98333333
2015,Richmond,Bellerive Oval,1,598,-42.87722222,147.37361111,TAS,-37.82,144.98333333
2015,Richmond,Docklands,2,3,-37.81638889,144.9475,VIC,-37.82,144.98333333
2015,Richmond,Gabba,1,1373,-27.48583333,153.03805556,QLD,-37.82,144.98333333
2015,Richmond,M.C.G.,15,0,-37.82,144.98333333,VIC,-37.82,144.98333333
2015,Richmond,S.C.G.,1,712,-33.89166667,151.22472222,NSW,-37.82,144.98333333
2015,Richmond,Subiaco,1,2726,-31.94444444,115.83,WA,-37.82,144.98333333
2015,St Kilda,Adelaide Oval,2,654,-34.91555556,138.59611111,SA,-37.81638889,144.9475
2015,St Kilda,Bellerive Oval,1,599,-42.87722222,147.37361111,TAS,-37.81638889,144.9475
2015,St Kilda,Carrara,1,1343,-28.00638889,153.36722222,QLD,-37.81638889,144.9475
2015,St Kilda,Docklands,12,0,-37.81638889,144.9475,VIC,-37.81638889,144.9475
2015,St Kilda,Gabba,1,1375,-27.48583333,153.03805556,QLD,-37.81638889,144.9475
2015,St Kilda,M.C.G.,2,3,-37.82,144.98333333,VIC,-37.81638889,144.9475
2015,St Kilda,Subiaco,1,2723,-31.94444444,115.83,WA,-37.81638889,144.9475
2015,St Kilda,Sydney Showground,1,707,-33.84305556,151.06777778,NSW,-37.81638889,144.9475
2015,St Kilda,Wellington,1,2574,-41.27305556,174.78583333,NZ,-37.81638889,144.9475
2015,Sydney,Adelaide Oval,1,1163,-34.91555556,138.59611111,SA,-33.89166667,151.22472222
2015,Sydney,Carrara,1,686,-28.00638889,153.36722222,QLD,-33.89166667,151.22472222
2015,Sydney,Docklands,2,714,-37.81638889,144.9475,VIC,-33.89166667,151.22472222
2015,Sydney,Gabba,1,733,-27.48583333,153.03805556,QLD,-33.89166667,151.22472222
2015,Sydney,Kardinia Park,1,779,-38.15805556,144.35472222,VIC,-33.89166667,151.22472222
2015,Sydney,M.C.G.,2,712,-37.82,144.98333333,VIC,-33.89166667,151.22472222
2015,Sydney,S.C.G.,8,0,-33.89166667,151.22472222,NSW,-33.89166667,151.22472222
2015,Sydney,Stadium Australia,4,16,-33.84722222,151.06305556,NSW,-33.89166667,151.22472222
2015,Sydney,Subiaco,3,3295,-31.94444444,115.83,WA,-33.89166667,151.22472222
2015,Sydney,Sydney Showground,1,15,-33.84305556,151.06777778,NSW,-33.89166667,151.22472222
2015,West Coast,Adelaide Oval,2,2128,-34.91555556,138.59611111,SA,-31.95111111,115.88916667
2015,West Coast,Bellerive Oval,1,3012,-42.87722222,147.37361111,TAS,-31.95111111,115.88916667
2015,West Coast,Carrara,1,3618,-28.00638889,153.36722222,QLD,-31.95111111,115.88916667
2015,West Coast,Docklands,3,2718,-37.81638889,144.9475,VIC,-31.95111111,115.88916667
2015,West Coast,Gabba,1,3604,-27.48583333,153.03805556,QLD,-31.95111111,115.88916667
2015,West Coast,M.C.G.,2,2721,-37.82,144.98333333,VIC,-31.95111111,115.88916667
2015,West Coast,Marrara Oval,1,2660,-12.39916667,130.88722222,NT,-31.95111111,115.88916667
2015,West Coast,Subiaco,14,6,-31.94444444,115.83,WA,-31.95111111,115.88916667
2015,Western Bulldogs,Adelaide Oval,1,654,-34.91555556,138.59611111,SA,-37.81638889,144.9475
2015,Western Bulldogs,Cazaly's Stadium,1,2323,-16.93583333,145.74916667,QLD,-37.81638889,144.9475
2015,Western Bulldogs,Docklands,13,0,-37.81638889,144.9475,VIC,-37.81638889,144.9475
2015,Western Bulldogs,Gabba,1,1375,-27.48583333,153.03805556,QLD,-37.81638889,144.9475
2015,Western Bulldogs,Kardinia Park,1,64,-38.15805556,144.35472222,VIC,-37.81638889,144.9475
2015,Western Bulldogs,M.C.G.,3,3,-37.82,144.98333333,VIC,-37.81638889,144.9475
2015,Western Bulldogs,S.C.G.,1,714,-33.89166667,151.22472222,NSW,-37.81638889,144.9475
2015,Western Bulldogs,Subiaco,1,2723,-31.94444444,115.83,WA,-37.81638889,144.9475
2015,Western Bulldogs,York Park,1,443,-41.42583333,147.13888889,TAS,-37.81638889,144.9475
2016,Adelaide,Adelaide Oval,13,0,-34.91555556,138.59611111,SA,-34.91555556,138.59611111
2016,Adelaide,Carrara,1,1595,-28.00638889,153.36722222,QLD,-34.91555556,138.59611111
2016,Adelaide,Docklands,3,654,-37.81638889,144.9475,VIC,-34.91555556,138.59611111
2016,Adelaide,Kardinia Park,1,628,-38.15805556,144.35472222,VIC,-34.91555556,138.59611111
2016,Adelaide,M.C.G.,3,657,-37.82,144.98333333,VIC,-34.91555556,138.59611111
2016,Adelaide,S.C.G.,1,1163,-33.89166667,151.22472222,NSW,-34.91555556,138.59611111
2016,Adelaide,Subiaco,2,2134,-31.94444444,115.83,WA,-34.91555556,138.59611111
2016,Brisbane Lions,Adelaide Oval,2,1600,-34.91555556,138.59611111,SA,-27.48583333,153.03805556
2016,Brisbane Lions,Carrara,1,66,-28.00638889,153.36722222,QLD,-27.48583333,153.03805556
2016,Brisbane Lions,Docklands,4,1375,-37.81638889,144.9475,VIC,-27.48583333,153.03805556
2016,Brisbane Lions,Gabba,11,0,-27.48583333,153.03805556,QLD,-27.48583333,153.03805556
2016,Brisbane Lions,Kardinia Park,1,1436,-38.15805556,144.35472222,VIC,-27.48583333,153.03805556
2016,Brisbane Lions,M.C.G.,2,1373,-37.82,144.98333333,VIC,-27.48583333,153.03805556
2016,Brisbane Lions,Subiaco,1,3610,-31.94444444,115.83,WA,-27.48583333,153.03805556
2016,Carlton,Carrara,1,1341,-28.00638889,153.36722222,QLD,-37.82,144.98333333
2016,Carlton,Docklands,7,3,-37.81638889,144.9475,VIC,-37.82,144.98333333
2016,Carlton,Gabba,1,1373,-27.48583333,153.03805556,QLD,-37.82,144.98333333
2016,Carlton,M.C.G.,9,0,-37.82,144.98333333,VIC,-37.82,144.98333333
2016,Carlton,S.C.G.,1,712,-33.89166667,151.22472222,NSW,-37.82,144.98333333
2016,Carlton,Subiaco,1,2726,-31.94444444,115.83,WA,-37.82,144.98333333
2016,Carlton,Sydney Showground,1,704,-33.84305556,151.06777778,NSW,-37.82,144.98333333
2016,Carlton,York Park,1,441,-41.42583333,147.13888889,TAS,-37.82,144.98333333
2016,Collingwood,Adelaide Oval,1,657,-34.91555556,138.59611111,SA,-37.82,144.98333333
2016,Collingwood,Docklands,3,3,-37.81638889,144.9475,VIC,-37.82,144.98333333
2016,Collingwood,Gabba,1,1373,-27.48583333,153.03805556,QLD,-37.82,144.98333333
2016,Collingwood,M.C.G.,14,0,-37.82,144.98333333,VIC,-37.82,144.98333333
2016,Collingwood,S.C.G.,1,712,-33.89166667,151.22472222,NSW,-37.82,144.98333333
2016,Collingwood,Subiaco,1,2726,-31.94444444,115.83,WA,-37.82,144.98333333
2016,Collingwood,Sydney Showground,1,704,-33.84305556,151.06777778,NSW,-37.82,144.98333333
2016,Essendon,Adelaide Oval,2,654,-34.91555556,138.59611111,SA,-37.81638889,144.9475
2016,Essendon,Carrara,1,1343,-28.00638889,153.36722222,QLD,-37.81638889,144.9475
2016,Essendon,Docklands,9,0,-37.81638889,144.9475,VIC,-37.81638889,144.9475
2016,Essendon,M.C.G.,7,3,-37.82,144.98333333,VIC,-37.81638889,144.9475
2016,Essendon,S.C.G.,1,714,-33.89166667,151.22472222,NSW,-37.81638889,144.9475
2016,Essendon,Subiaco,2,2723,-31.94444444,115.83,WA,-37.81638889,144.9475
2016,Fremantle,Adelaide Oval,1,2128,-34.91555556,138.59611111,SA,-31.95111111,115.88916667
2016,Fremantle,Carrara,1,3618,-28.00638889,153.36722222,QLD,-31.95111111,115.88916667
2016,Fremantle,Docklands,3,2718,-37.81638889,144.9475,VIC,-31.95111111,115.88916667
2016,Fremantle,Gabba,1,3604,-27.48583333,153.03805556,QLD,-31.95111111,115.88916667
2016,Fremantle,M.C.G.,1,2721,-37.82,144.98333333,VIC,-31.95111111,115.88916667
2016,Fremantle,Marrara Oval,1,2660,-12.39916667,130.88722222,NT,-31.95111111,115.88916667
2016,Fremantle,Subiaco,12,6,-31.94444444,115.83,WA,-31.95111111,115.88916667
2016,Fremantle,Sydney Showground,1,3275,-33.84305556,151.06777778,NSW,-31.95111111,115.88916667
2016,Fremantle,York Park,1,2959,-41.42583333,147.13888889,TAS,-31.95111111,115.88916667
2016,Geelong,Adelaide Oval,2,628,-34.91555556,138.59611111,SA,-38.15805556,144.35472222
2016,Geelong,Docklands,5,64,-37.81638889,144.9475,VIC,-38.15805556,144.35472222
2016,Geelong,Gabba,1,1436,-27.48583333,153.03805556,QLD,-38.15805556,144.35472222
2016,Geelong,Kardinia Park,8,0,-38.15805556,144.35472222,VIC,-38.15805556,144.35472222
2016,Geelong,M.C.G.,6,67,-37.82,144.98333333,VIC,-38.15805556,144.35472222
2016,Geelong,Manuka Oval,1,530,-35.31805556,149.13472222,ACT,-38.15805556,144.35472222
2016,Geelong,Subiaco,1,2675,-31.94444444,115.83,WA,-38.15805556,144.35472222
2016,Gold Coast,Carrara,11,0,-28.00638889,153.36722222,QLD,-28.00638889,153.36722222
2016,Gold Coast,Cazaly's Stadium,1,1458,-16.93583333,145.74916667,QLD,-28.00638889,153.36722222
2016,Gold Coast,Docklands,2,1343,-37.81638889,144.9475,VIC,-28.00638889,153.36722222
2016,Gold Coast,Gabba,1,66,-27.48583333,153.03805556,QLD,-28.00638889,153.36722222
2016,Gold Coast,Kardinia Park,1,1405,-38.15805556,144.35472222,VIC,-28.00638889,153.36722222
2016,Gold Coast,M.C.G.,2,1341,-37.82,144.98333333,VIC,-28.00638889,153.36722222
2016,Gold Coast,Subiaco,2,3624,-31.94444444,115.83,WA,-28.00638889,153.36722222
2016,Gold Coast,Sydney Showground,1,685,-33.84305556,151.06777778,NSW,-28.00638889,153.36722222
2016,Gold Coast,York Park,1,1596,-41.42583333,147.13888889,TAS,-28.00638889,153.36722222
2016,Greater Western Sydney,Adelaide Oval,2,1150,-34.91555556,138.59611111,SA,-33.84305556,151.06777778
2016,Greater Western Sydney,Carrara,1,685,-28.00638889,153.36722222,QLD,-33.84305556,151.06777778
2016,Greater Western Sydney,Docklands,3,707,-37.81638889,144.9475,VIC,-33.84305556,151.06777778
2016,Greater Western Sydney,Gabba,1,732,-27.48583333,153.03805556,QLD,-33.84305556,151.06777778
2016,Greater Western Sydney,Kardinia Park,1,771,-38.15805556,144.35472222,VIC,-33.84305556,151.06777778
2016,Greater Western Sydney,M.C.G.,1,704,-37.82,144.98333333,VIC,-33.84305556,151.06777778
2016,Greater Western Sydney,Manuka Oval,3,241,-35.31805556,149.13472222,ACT,-33.84305556,151.06777778
2016,Greater Western Sydney,S.C.G.,1,15,-33.89166667,151.22472222,NSW,-33.84305556,151.06777778
2016,Greater Western Sydney,Stadium Australia,1,1,-33.84722222,151.06305556,NSW,-33.84305556,151.06777778
2016,Greater Western Sydney,Subiaco,1,3281,-31.94444444,115.83,WA,-33.84305556,151.06777778
2016,Greater Western Sydney,Sydney Showground,9,0,-33.84305556,151.06777778,NSW,-33.84305556,151.06777778
2016,Hawthorn,Adelaide Oval,1,657,-34.91555556,138.59611111,SA,-37.82,144.98333333
2016,Hawthorn,Docklands,3,3,-37.81638889,144.9475,VIC,-37.82,144.98333333
2016,Hawthorn,Gabba,1,1373,-27.48583333,153.03805556,QLD,-37.82,144.98333333
2016,Hawthorn,M.C.G.,12,0,-37.82,144.98333333,VIC,-37.82,144.98333333
2016,Hawthorn,S.C.G.,1,712,-33.89166667,151.22472222,NSW,-37.82,144.98333333
2016,Hawthorn,Subiaco,1,2726,-31.94444444,115.83,WA,-37.82,144.98333333
2016,Hawthorn,Sydney Showground,1,704,-33.84305556,151.06777778,NSW,-37.82,144.98333333
2016,Hawthorn,York Park,4,441,-41.42583333,147.13888889,TAS,-37.82,144.98333333
2016,Melbourne,Adelaide Oval,1,657,-34.91555556,138.59611111,SA,-37.82,144.98333333
2016,Melbourne,Bellerive Oval,1,598,-42.87722222,147.37361111,TAS,-37.82,144.98333333
2016,Melbourne,Carrara,1,1341,-28.00638889,153.36722222,QLD,-37.82,144.98333333
2016,Melbourne,Docklands,2,3,-37.81638889,144.9475,VIC,-37.82,144.98333333
2016,Melbourne,Kardinia Park,1,67,-38.15805556,144.35472222,VIC,-37.82,144.98333333
2016,Melbourne,M.C.G.,12,0,-37.82,144.98333333,VIC,-37.82,144.98333333
2016,Melbourne,Marrara Oval,1,3154,-12.39916667,130.88722222,NT,-37.82,144.98333333
2016,Melbourne,S.C.G.,1,712,-33.89166667,151.22472222,NSW,-37.82,144.98333333
2016,Melbourne,Subiaco,1,2726,-31.94444444,115.83,WA,-37.82,144.98333333
2016,Melbourne,Traeger Park,1,1891,-23.709,133.8751,NT,-37.82,144.98333333
2016,North Melbourne,Adelaide Oval,2,654,-34.91555556,138.59611111,SA,-37.81638889,144.9475
2016,North Melbourne,Bellerive Oval,3,599,-42.87722222,147.37361111,TAS,-37.81638889,144.9475
2016,North Melbourne,Carrara,1,1343,-28.00638889,153.36722222,QLD,-37.81638889,144.9475
2016,North Melbourne,Docklands,13,0,-37.81638889,144.9475,VIC,-37.81638889,144.9475
2016,North Melbourne,Gabba,1,1375,-27.48583333,153.03805556,QLD,-37.81638889,144.9475
2016,North Melbourne,M.C.G.,1,3,-37.82,144.98333333,VIC,-37.81638889,144.9475
2016,North Melbourne,S.C.G.,1,714,-33.89166667,151.22472222,NSW,-37.81638889,144.9475
2016,North Melbourne,Subiaco,1,2723,-31.94444444,115.83,WA,-37.81638889,144.9475
2016,Port Adelaide,Adelaide Oval,12,0,-34.91555556,138.59611111,SA,-34.91555556,138.59611111
2016,Port Adelaide,Carrara,1,1595,-28.00638889,153.36722222,QLD,-34.91555556,138.59611111
2016,Port Adelaide,Docklands,2,654,-37.81638889,144.9475,VIC,-34.91555556,138.59611111
2016,Port Adelaide,Gabba,1,1600,-27.48583333,153.03805556,QLD,-34.91555556,138.59611111
2016,Port Adelaide,M.C.G.,2,657,-37.82,144.98333333,VIC,-34.91555556,138.59611111
2016,Port Adelaide,Manuka Oval,1,959,-35.31805556,149.13472222,ACT,-34.91555556,138.59611111
2016,Port Adelaide,S.C.G.,1,1163,-33.89166667,151.22472222,NSW,-34.91555556,138.59611111
2016,Port Adelaide,Subiaco,1,2134,-31.94444444,115.83,WA,-34.91555556,138.59611111
2016,Port Adelaide,Traeger Park,1,1327,-23.709,133.8751,NT,-34.91555556,138.59611111
2016,Richmond,Adelaide Oval,1,657,-34.91555556,138.59611111,SA,-37.82,144.98333333
2016,Richmond,Bellerive Oval,1,598,-42.87722222,147.37361111,TAS,-37.82,144.98333333
2016,Richmond,Docklands,2,3,-37.81638889,144.9475,VIC,-37.82,144.98333333
2016,Richmond,M.C.G.,14,0,-37.82,144.98333333,VIC,-37.82,144.98333333
2016,Richmond,Manuka Oval,1,463,-35.31805556,149.13472222,ACT,-37.82,144.98333333
2016,Richmond,S.C.G.,1,712,-33.89166667,151.22472222,NSW,-37.82,144.98333333
2016,Richmond,Subiaco,2,2726,-31.94444444,115.83,WA,-37.82,144.98333333
2016,St Kilda,Adelaide Oval,2,654,-34.91555556,138.59611111,SA,-37.81638889,144.9475
2016,St Kilda,Carrara,1,1343,-28.00638889,153.36722222,QLD,-37.81638889,144.9475
2016,St Kilda,Docklands,14,0,-37.81638889,144.9475,VIC,-37.81638889,144.9475
2016,St Kilda,M.C.G.,3,3,-37.82,144.98333333,VIC,-37.81638889,144.9475
2016,St Kilda,Subiaco,1,2723,-31.94444444,115.83,WA,-37.81638889,144.9475
2016,St Kilda,York Park,1,443,-41.42583333,147.13888889,TAS,-37.81638889,144.9475
2016,Sydney,Adelaide Oval,1,1163,-34.91555556,138.59611111,SA,-33.89166667,151.22472222
2016,Sydney,Bellerive Oval,1,1054,-42.87722222,147.37361111,TAS,-33.89166667,151.22472222
2016,Sydney,Carrara,1,686,-28.00638889,153.36722222,QLD,-33.89166667,151.22472222
2016,Sydney,Docklands,2,714,-37.81638889,144.9475,VIC,-33.89166667,151.22472222
2016,Sydney,Gabba,1,733,-27.48583333,153.03805556,QLD,-33.89166667,151.22472222
2016,Sydney,Kardinia Park,1,779,-38.15805556,144.35472222,VIC,-33.89166667,151.22472222
2016,Sydney,M.C.G.,4,712,-37.82,144.98333333,VIC,-33.89166667,151.22472222
2016,Sydney,S.C.G.,12,0,-33.89166667,151.22472222,NSW,-33.89166667,151.22472222
2016,Sydney,Stadium Australia,1,16,-33.84722222,151.06305556,NSW,-33.89166667,151.22472222
2016,Sydney,Subiaco,1,3295,-31.94444444,115.83,WA,-33.89166667,151.22472222
2016,Sydney,Sydney Showground,1,15,-33.84305556,151.06777778,NSW,-33.89166667,151.22472222
2016,West Coast,Adelaide Oval,2,2128,-34.91555556,138.59611111,SA,-31.95111111,115.88916667
2016,West Coast,Docklands,1,2718,-37.81638889,144.9475,VIC,-31.95111111,115.88916667
2016,West Coast,Gabba,1,3604,-27.48583333,153.03805556,QLD,-31.95111111,115.88916667
2016,West Coast,Kardinia Park,1,2670,-38.15805556,144.35472222,VIC,-31.95111111,115.88916667
2016,West Coast,M.C.G.,3,2721,-37.82,144.98333333,VIC,-31.95111111,115.88916667
2016,West Coast,S.C.G.,1,3289,-33.89166667,151.22472222,NSW,-31.95111111,115.88916667
2016,West Coast,Subiaco,13,6,-31.94444444,115.83,WA,-31.95111111,115.88916667
2016,West Coast,Sydney Showground,1,3275,-33.84305556,151.06777778,NSW,-31.95111111,115.88916667
2016,Western Bulldogs,Adelaide Oval,1,654,-34.91555556,138.59611111,SA,-37.81638889,144.9475
2016,Western Bulldogs,Cazaly's Stadium,1,2323,-16.93583333,145.74916667,QLD,-37.81638889,144.9475
2016,Western Bulldogs,Docklands,14,0,-37.81638889,144.9475,VIC,-37.81638889,144.9475
2016,Western Bulldogs,Kardinia Park,1,64,-38.15805556,144.35472222,VIC,-37.81638889,144.9475
2016,Western Bulldogs,M.C.G.,4,3,-37.82,144.98333333,VIC,-37.81638889,144.9475
2016,Western Bulldogs,S.C.G.,1,714,-33.89166667,151.22472222,NSW,-37.81638889,144.9475
2016,Western Bulldogs,Subiaco,2,2723,-31.94444444,115.83,WA,-37.81638889,144.9475
2016,Western Bulldogs,Sydney Showground,2,707,-33.84305556,151.06777778,NSW,-37.81638889,144.9475
2017,Adelaide,Adelaide Oval,14,0,-34.91555556,138.59611111,SA,-34.91555556,138.59611111
2017,Adelaide,Bellerive Oval,1,1165,-42.87722222,147.37361111,TAS,-34.91555556,138.59611111
2017,Adelaide,Carrara,1,1595,-28.00638889,153.36722222,QLD,-34.91555556,138.59611111
2017,Adelaide,Docklands,1,654,-37.81638889,144.9475,VIC,-34.91555556,138.59611111
2017,Adelaide,Gabba,1,1600,-27.48583333,153.03805556,QLD,-34.91555556,138.59611111
2017,Adelaide,Kardinia Park,1,628,-38.15805556,144.35472222,VIC,-34.91555556,138.59611111
2017,Adelaide,M.C.G.,4,657,-37.82,144.98333333,VIC,-34.91555556,138.59611111
2017,Adelaide,Marrara Oval,1,2622,-12.39916667,130.88722222,NT,-34.91555556,138.59611111
2017,Adelaide,Subiaco,1,2134,-31.94444444,115.83,WA,-34.91555556,138.59611111
2017,Brisbane Lions,Adelaide Oval,1,1600,-34.91555556,138.59611111,SA,-27.48583333,153.03805556
2017,Brisbane Lions,Carrara,1,66,-28.00638889,153.36722222,QLD,-27.48583333,153.03805556
2017,Brisbane Lions,Docklands,4,1375,-37.81638889,144.9475,VIC,-27.48583333,153.03805556
2017,Brisbane Lions,Gabba,11,0,-27.48583333,153.03805556,QLD,-27.48583333,153.03805556
2017,Brisbane Lions,M.C.G.,2,1373,-37.82,144.98333333,VIC,-27.48583333,153.03805556
2017,Brisbane Lions,S.C.G.,1,733,-33.89166667,151.22472222,NSW,-27.48583333,153.03805556
2017,Brisbane Lions,Subiaco,1,3610,-31.94444444,115.83,WA,-27.48583333,153.03805556
2017,Brisbane Lions,York Park,1,1641,-41.42583333,147.13888889,TAS,-27.48583333,153.03805556
2017,Carlton,Adelaide Oval,1,657,-34.91555556,138.59611111,SA,-37.82,144.98333333
2017,Carlton,Carrara,1,1341,-28.00638889,153.36722222,QLD,-37.82,144.98333333
2017,Carlton,Docklands,6,3,-37.81638889,144.9475,VIC,-37.82,144.98333333
2017,Carlton,Gabba,1,1373,-27.48583333,153.03805556,QLD,-37.82,144.98333333
2017,Carlton,M.C.G.,10,0,-37.82,144.98333333,VIC,-37.82,144.98333333
2017,Carlton,S.C.G.,1,712,-33.89166667,151.22472222,NSW,-37.82,144.98333333
2017,Carlton,Subiaco,2,2726,-31.94444444,115.83,WA,-37.82,144.98333333
2017,Collingwood,Adelaide Oval,1,657,-34.91555556,138.59611111,SA,-37.82,144.98333333
2017,Collingwood,Carrara,1,1341,-28.00638889,153.36722222,QLD,-37.82,144.98333333
2017,Collingwood,Docklands,3,3,-37.81638889,144.9475,VIC,-37.82,144.98333333
2017,Collingwood,M.C.G.,14,0,-37.82,144.98333333,VIC,-37.82,144.98333333
2017,Collingwood,S.C.G.,1,712,-33.89166667,151.22472222,NSW,-37.82,144.98333333
2017,Collingwood,Subiaco,1,2726,-31.94444444,115.83,WA,-37.82,144.98333333
2017,Collingwood,Sydney Showground,1,704,-33.84305556,151.06777778,NSW,-37.82,144.98333333
2017,Essendon,Adelaide Oval,1,654,-34.91555556,138.59611111,SA,-37.81638889,144.9475
2017,Essendon,Carrara,1,1343,-28.00638889,153.36722222,QLD,-37.81638889,144.9475
2017,Essendon,Docklands,9,0,-37.81638889,144.9475,VIC,-37.81638889,144.9475
2017,Essendon,Gabba,1,1375,-27.48583333,153.03805556,QLD,-37.81638889,144.9475
2017,Essendon,M.C.G.,7,3,-37.82,144.98333333,VIC,-37.81638889,144.9475
2017,Essendon,S.C.G.,2,714,-33.89166667,151.22472222,NSW,-37.81638889,144.9475
2017,Essendon,Subiaco,1,2723,-31.94444444,115.83,WA,-37.81638889,144.9475
2017,Essendon,Sydney Showground,1,707,-33.84305556,151.06777778,NSW,-37.81638889,144.9475
2017,Fremantle,Adelaide Oval,2,2128,-34.91555556,138.59611111,SA,-31.95111111,115.88916667
2017,Fremantle,Docklands,2,2718,-37.81638889,144.9475,VIC,-31.95111111,115.88916667
2017,Fremantle,Gabba,1,3604,-27.48583333,153.03805556,QLD,-31.95111111,115.88916667
2017,Fremantle,Kardinia Park,1,2670,-38.15805556,144.35472222,VIC,-31.95111111,115.88916667
2017,Fremantle,M.C.G.,2,2721,-37.82,144.98333333,VIC,-31.95111111,115.88916667
2017,Fremantle,S.C.G.,1,3289,-33.89166667,151.22472222,NSW,-31.95111111,115.88916667
2017,Fremantle,Subiaco,12,6,-31.94444444,115.83,WA,-31.95111111,115.88916667
2017,Fremantle,Sydney Showground,1,3275,-33.84305556,151.06777778,NSW,-31.95111111,115.88916667
2017,Geelong,Adelaide Oval,2,628,-34.91555556,138.59611111,SA,-38.15805556,144.35472222
2017,Geelong,Carrara,1,1405,-28.00638889,153.36722222,QLD,-38.15805556,144.35472222
2017,Geelong,Docklands,4,64,-37.81638889,144.9475,VIC,-38.15805556,144.35472222
2017,Geelong,Gabba,1,1436,-27.48583333,153.03805556,QLD,-38.15805556,144.35472222
2017,Geelong,Kardinia Park,7,0,-38.15805556,144.35472222,VIC,-38.15805556,144.35472222
2017,Geelong,M.C.G.,7,67,-37.82,144.98333333,VIC,-38.15805556,144.35472222
2017,Geelong,Subiaco,2,2675,-31.94444444,115.83,WA,-38.15805556,144.35472222
2017,Geelong,Sydney Showground,1,771,-33.84305556,151.06777778,NSW,-38.15805556,144.35472222
2017,Gold Coast,Adelaide Oval,1,1595,-34.91555556,138.59611111,SA,-28.00638889,153.36722222
2017,Gold Coast,Carrara,10,0,-28.00638889,153.36722222,QLD,-28.00638889,153.36722222
2017,Gold Coast,Cazaly's Stadium,1,1458,-16.93583333,145.74916667,QLD,-28.00638889,153.36722222
2017,Gold Coast,Docklands,3,1343,-37.81638889,144.9475,VIC,-28.00638889,153.36722222
2017,Gold Coast,Gabba,1,66,-27.48583333,153.03805556,QLD,-28.00638889,153.36722222
2017,Gold Coast,Jiangwan Stadium,1,7408,31.3068,121.5154,CHN,-28.00638889,153.36722222
2017,Gold Coast,M.C.G.,1,1341,-37.82,144.98333333,VIC,-28.00638889,153.36722222
2017,Gold Coast,S.C.G.,1,686,-33.89166667,151.22472222,NSW,-28.00638889,153.36722222
2017,Gold Coast,Subiaco,1,3624,-31.94444444,115.83,WA,-28.00638889,153.36722222
2017,Gold Coast,Sydney Showground,1,685,-33.84305556,151.06777778,NSW,-28.00638889,153.36722222
2017,Gold Coast,Traeger Park,1,2006,-23.709,133.8751,NT,-28.00638889,153.36722222
2017,Greater Western Sydney,Adelaide Oval,2,1150,-34.91555556,138.59611111,SA,-33.84305556,151.06777778
2017,Greater Western Sydney,Bellerive Oval,1,1055,-42.87722222,147.37361111,TAS,-33.84305556,151.06777778
2017,Greater Western Sydney,Docklands,3,707,-37.81638889,144.9475,VIC,-33.84305556,151.06777778
2017,Greater Western Sydney,Gabba,1,732,-27.48583333,153.03805556,QLD,-33.84305556,151.06777778
2017,Greater Western Sydney,Kardinia Park,1,771,-38.15805556,144.35472222,VIC,-33.84305556,151.06777778
2017,Greater Western Sydney,M.C.G.,2,704,-37.82,144.98333333,VIC,-33.84305556,151.06777778
2017,Greater Western Sydney,Manuka Oval,3,241,-35.31805556,149.13472222,ACT,-33.84305556,151.06777778
2017,Greater Western Sydney,S.C.G.,1,15,-33.89166667,151.22472222,NSW,-33.84305556,151.06777778
2017,Greater Western Sydney,Subiaco,1,3281,-31.94444444,115.83,WA,-33.84305556,151.06777778
2017,Greater Western Sydney,Sydney Showground,9,0,-33.84305556,151.06777778,NSW,-33.84305556,151.06777778
2017,Greater Western Sydney,York Park,1,911,-41.42583333,147.13888889,TAS,-33.84305556,151.06777778
2017,Hawthorn,Adelaide Oval,2,657,-34.91555556,138.59611111,SA,-37.82,144.98333333
2017,Hawthorn,Carrara,1,1341,-28.00638889,153.36722222,QLD,-37.82,144.98333333
2017,Hawthorn,Docklands,2,3,-37.81638889,144.9475,VIC,-37.82,144.98333333
2017,Hawthorn,M.C.G.,11,0,-37.82,144.98333333,VIC,-37.82,144.98333333
2017,Hawthorn,S.C.G.,1,712,-33.89166667,151.22472222,NSW,-37.82,144.98333333
2017,Hawthorn,Subiaco,1,2726,-31.94444444,115.83,WA,-37.82,144.98333333
2017,Hawthorn,York Park,4,441,-41.42583333,147.13888889,TAS,-37.82,144.98333333
2017,Melbourne,Adelaide Oval,1,657,-34.91555556,138.59611111,SA,-37.82,144.98333333
2017,Melbourne,Bellerive Oval,1,598,-42.87722222,147.37361111,TAS,-37.82,144.98333333
2017,Melbourne,Docklands,4,3,-37.81638889,144.9475,VIC,-37.82,144.98333333
2017,Melbourne,M.C.G.,12,0,-37.82,144.98333333,VIC,-37.82,144.98333333
2017,Melbourne,Manuka Oval,1,463,-35.31805556,149.13472222,ACT,-37.82,144.98333333
2017,Melbourne,Marrara Oval,1,3154,-12.39916667,130.88722222,NT,-37.82,144.98333333
2017,Melbourne,Subiaco,1,2726,-31.94444444,115.83,WA,-37.82,144.98333333
2017,Melbourne,Traeger Park,1,1891,-23.709,133.8751,NT,-37.82,144.98333333
2017,North Melbourne,Adelaide Oval,1,654,-34.91555556,138.59611111,SA,-37.81638889,144.9475
2017,North Melbourne,Bellerive Oval,3,599,-42.87722222,147.37361111,TAS,-37.81638889,144.9475
2017,North Melbourne,Carrara,1,1343,-28.00638889,153.36722222,QLD,-37.81638889,144.9475
2017,North Melbourne,Docklands,13,0,-37.81638889,144.9475,VIC,-37.81638889,144.9475
2017,North Melbourne,Gabba,1,1375,-27.48583333,153.03805556,QLD,-37.81638889,144.9475
2017,North Melbourne,M.C.G.,1,3,-37.82,144.98333333,VIC,-37.81638889,144.9475
2017,North Melbourne,Subiaco,1,2723,-31.94444444,115.83,WA,-37.81638889,144.9475
2017,North Melbourne,York Park,1,443,-41.42583333,147.13888889,TAS,-37.81638889,144.9475
2017,Port Adelaide,Adelaide Oval,13,0,-34.91555556,138.59611111,SA,-34.91555556,138.59611111
2017,Port Adelaide,Docklands,1,654,-37.81638889,144.9475,VIC,-34.91555556,138.59611111
2017,Port Adelaide,Eureka Stadium,1,554,-37.53944444,143.84805556,VIC,-34.91555556,138.59611111
2017,Port Adelaide,Gabba,1,1600,-27.48583333,153.03805556,QLD,-34.91555556,138.59611111
2017,Port Adelaide,Jiangwan Stadium,1,7577,31.3068,121.5154,CHN,-34.91555556,138.59611111
2017,Port Adelaide,Kardinia Park,1,628,-38.15805556,144.35472222,VIC,-34.91555556,138.59611111
2017,Port Adelaide,M.C.G.,2,657,-37.82,144.98333333,VIC,-34.91555556,138.59611111
2017,Port Adelaide,Manuka Oval,1,959,-35.31805556,149.13472222,ACT,-34.91555556,138.59611111
2017,Port Adelaide,S.C.G.,1,1163,-33.89166667,151.22472222,NSW,-34.91555556,138.59611111
2017,Port Adelaide,Subiaco,1,2134,-31.94444444,115.83,WA,-34.91555556,138.59611111
2017,Richmond,Adelaide Oval,2,657,-34.91555556,138.59611111,SA,-37.82,144.98333333
2017,Richmond,Carrara,1,1341,-28.00638889,153.36722222,QLD,-37.82,144.98333333
2017,Richmond,Docklands,4,3,-37.81638889,144.9475,VIC,-37.82,144.98333333
2017,Richmond,Gabba,1,1373,-27.48583333,153.03805556,QLD,-37.82,144.98333333
2017,Richmond,Kardinia Park,1,67,-38.15805556,144.35472222,VIC,-37.82,144.98333333
2017,Richmond,M.C.G.,14,0,-37.82,144.98333333,VIC,-37.82,144.98333333
2017,Richmond,Subiaco,1,2726,-31.94444444,115.83,WA,-37.82,144.98333333
2017,Richmond,Sydney Showground,1,704,-33.84305556,151.06777778,NSW,-37.82,144.98333333
2017,St Kilda,Adelaide Oval,2,654,-34.91555556,138.59611111,SA,-37.81638889,144.9475
2017,St Kilda,Docklands,14,0,-37.81638889,144.9475,VIC,-37.81638889,144.9475
2017,St Kilda,M.C.G.,2,3,-37.82,144.98333333,VIC,-37.81638889,144.9475
2017,St Kilda,S.C.G.,1,714,-33.89166667,151.22472222,NSW,-37.81638889,144.9475
2017,St Kilda,Subiaco,2,2723,-31.94444444,115.83,WA,-37.81638889,144.9475
2017,St Kilda,York Park,1,443,-41.42583333,147.13888889,TAS,-37.81638889,144.9475
2017,Sydney,Adelaide Oval,1,1163,-34.91555556,138.59611111,SA,-33.89166667,151.22472222
2017,Sydney,Docklands,3,714,-37.81638889,144.9475,VIC,-33.89166667,151.22472222
2017,Sydney,Kardinia Park,1,779,-38.15805556,144.35472222,VIC,-33.89166667,151.22472222
2017,Sydney,M.C.G.,5,712,-37.82,144.98333333,VIC,-33.89166667,151.22472222
2017,Sydney,S.C.G.,12,0,-33.89166667,151.22472222,NSW,-33.89166667,151.22472222
2017,Sydney,Subiaco,1,3295,-31.94444444,115.83,WA,-33.89166667,151.22472222
2017,Sydney,Sydney Showground,1,15,-33.84305556,151.06777778,NSW,-33.89166667,151.22472222
2017,West Coast,Adelaide Oval,2,2128,-34.91555556,138.59611111,SA,-31.95111111,115.88916667
2017,West Coast,Carrara,1,3618,-28.00638889,153.36722222,QLD,-31.95111111,115.88916667
2017,West Coast,Docklands,5,2718,-37.81638889,144.9475,VIC,-31.95111111,115.88916667
2017,West Coast,M.C.G.,2,2721,-37.82,144.98333333,VIC,-31.95111111,115.88916667
2017,West Coast,Subiaco,12,6,-31.94444444,115.83,WA,-31.95111111,115.88916667
2017,West Coast,Sydney Showground,2,3275,-33.84305556,151.06777778,NSW,-31.95111111,115.88916667
2017,Western Bulldogs,Adelaide Oval,1,654,-34.91555556,138.59611111,SA,-37.81638889,144.9475
2017,Western Bulldogs,Cazaly's Stadium,1,2323,-16.93583333,145.74916667,QLD,-37.81638889,144.9475
2017,Western Bulldogs,Docklands,11,0,-37.81638889,144.9475,VIC,-37.81638889,144.9475
2017,Western Bulldogs,Eureka Stadium,1,102,-37.53944444,143.84805556,VIC,-37.81638889,144.9475
2017,Western Bulldogs,Gabba,1,1375,-27.48583333,153.03805556,QLD,-37.81638889,144.9475
2017,Western Bulldogs,Kardinia Park,1,64,-38.15805556,144.35472222,VIC,-37.81638889,144.9475
2017,Western Bulldogs,M.C.G.,2,3,-37.82,144.98333333,VIC,-37.81638889,144.9475
2017,Western Bulldogs,Manuka Oval,1,466,-35.31805556,149.13472222,ACT,-37.81638889,144.9475
2017,Western Bulldogs,S.C.G.,1,714,-33.89166667,151.22472222,NSW,-37.81638889,144.9475
2017,Western Bulldogs,Subiaco,2,2723,-31.94444444,115.83,WA,-37.81638889,144.9475
2018,Adelaide,Adelaide Oval,12,0,-34.91555556,138.59611111,SA,-34.91555556,138.59611111
2018,Adelaide,Docklands,3,654,-37.81638889,144.9475,VIC,-34.91555556,138.59611111
2018,Adelaide,Gabba,1,1600,-27.48583333,153.03805556,QLD,-34.91555556,138.59611111
2018,Adelaide,M.C.G.,2,657,-37.82,144.98333333,VIC,-34.91555556,138.59611111
2018,Adelaide,Manuka Oval,1,959,-35.31805556,149.13472222,ACT,-34.91555556,138.59611111
2018,Adelaide,Perth Stadium,1,2128,-31.95111111,115.88916667,WA,-34.91555556,138.59611111
2018,Adelaide,S.C.G.,1,1163,-33.89166667,151.22472222,NSW,-34.91555556,138.59611111
2018,Adelaide,Traeger Park,1,1327,-23.709,133.8751,NT,-34.91555556,138.59611111
2018,Brisbane Lions,Adelaide Oval,1,1600,-34.91555556,138.59611111,SA,-27.48583333,153.03805556
2018,Brisbane Lions,Carrara,1,66,-28.00638889,153.36722222,QLD,-27.48583333,153.03805556
2018,Brisbane Lions,Docklands,4,1375,-37.81638889,144.9475,VIC,-27.48583333,153.03805556
2018,Brisbane Lions,Gabba,11,0,-27.48583333,153.03805556,QLD,-27.48583333,153.03805556
2018,Brisbane Lions,Kardinia Park,1,1436,-38.15805556,144.35472222,VIC,-27.48583333,153.03805556
2018,Brisbane Lions,M.C.G.,1,1373,-37.82,144.98333333,VIC,-27.48583333,153.03805556
2018,Brisbane Lions,Perth Stadium,1,3604,-31.95111111,115.88916667,WA,-27.48583333,153.03805556
2018,Brisbane Lions,Sydney Showground,1,732,-33.84305556,151.06777778,NSW,-27.48583333,153.03805556
2018,Brisbane Lions,York Park,1,1641,-41.42583333,147.13888889,TAS,-27.48583333,153.03805556
2018,Carlton,Adelaide Oval,1,657,-34.91555556,138.59611111,SA,-37.82,144.98333333
2018,Carlton,Bellerive Oval,1,598,-42.87722222,147.37361111,TAS,-37.82,144.98333333
2018,Carlton,Carrara,1,1341,-28.00638889,153.36722222,QLD,-37.82,144.98333333
2018,Carlton,Docklands,8,3,-37.81638889,144.9475,VIC,-37.82,144.98333333
2018,Carlton,Gabba,1,1373,-27.48583333,153.03805556,QLD,-37.82,144.98333333
2018,Carlton,Kardinia Park,1,67,-38.15805556,144.35472222,VIC,-37.82,144.98333333
2018,Carlton,M.C.G.,7,0,-37.82,144.98333333,VIC,-37.82,144.98333333
2018,Carlton,Perth Stadium,1,2721,-31.95111111,115.88916667,WA,-37.82,144.98333333
2018,Carlton,S.C.G.,1,712,-33.89166667,151.22472222,NSW,-37.82,144.98333333
2018,Collingwood,Adelaide Oval,1,657,-34.91555556,138.59611111,SA,-37.82,144.98333333
2018,Collingwood,Carrara,1,1341,-28.00638889,153.36722222,QLD,-37.82,144.98333333
2018,Collingwood,Docklands,3,3,-37.81638889,144.9475,VIC,-37.82,144.98333333
2018,Collingwood,Gabba,1,1373,-27.48583333,153.03805556,QLD,-37.82,144.98333333
2018,Collingwood,M.C.G.,17,0,-37.82,144.98333333,VIC,-37.82,144.98333333
2018,Collingwood,Perth Stadium,2,2721,-31.95111111,115.88916667,WA,-37.82,144.98333333
2018,Collingwood,S.C.G.,1,712,-33.89166667,151.22472222,NSW,-37.82,144.98333333
2018,Essendon,Adelaide Oval,1,654,-34.91555556,138.59611111,SA,-37.81638889,144.9475
2018,Essendon,Carrara,1,1343,-28.00638889,153.36722222,QLD,-37.81638889,144.9475
2018,Essendon,Docklands,8,0,-37.81638889,144.9475,VIC,-37.81638889,144.9475
2018,Essendon,Gabba,1,1375,-27.48583333,153.03805556,QLD,-37.81638889,144.9475
2018,Essendon,M.C.G.,8,3,-37.82,144.98333333,VIC,-37.81638889,144.9475
2018,Essendon,Perth Stadium,2,2718,-31.95111111,115.88916667,WA,-37.81638889,144.9475
2018,Essendon,Sydney Showground,1,707,-33.84305556,151.06777778,NSW,-37.81638889,144.9475
2018,Fremantle,Adelaide Oval,1,2128,-34.91555556,138.59611111,SA,-31.95111111,115.88916667
2018,Fremantle,Docklands,2,2718,-37.81638889,144.9475,VIC,-31.95111111,115.88916667
2018,Fremantle,Kardinia Park,1,2670,-38.15805556,144.35472222,VIC,-31.95111111,115.88916667
2018,Fremantle,M.C.G.,2,2721,-37.82,144.98333333,VIC,-31.95111111,115.88916667
2018,Fremantle,Manuka Oval,1,3086,-35.31805556,149.13472222,ACT,-31.95111111,115.88916667
2018,Fremantle,Marrara Oval,1,2660,-12.39916667,130.88722222,NT,-31.95111111,115.88916667
2018,Fremantle,Perth Stadium,13,0,-31.95111111,115.88916667,WA,-31.95111111,115.88916667
2018,Fremantle,S.C.G.,1,3289,-33.89166667,151.22472222,NSW,-31.95111111,115.88916667
2018,Geelong,Adelaide Oval,2,628,-34.91555556,138.59611111,SA,-38.15805556,144.35472222
2018,Geelong,Carrara,1,1405,-28.00638889,153.36722222,QLD,-38.15805556,144.35472222
2018,Geelong,Docklands,1,64,-37.81638889,144.9475,VIC,-38.15805556,144.35472222
2018,Geelong,Kardinia Park,9,0,-38.15805556,144.35472222,VIC,-38.15805556,144.35472222
2018,Geelong,M.C.G.,8,67,-37.82,144.98333333,VIC,-38.15805556,144.35472222
2018,Geelong,Perth Stadium,1,2670,-31.95111111,115.88916667,WA,-38.15805556,144.35472222
2018,Geelong,S.C.G.,1,779,-33.89166667,151.22472222,NSW,-38.15805556,144.35472222
2018,Gold Coast,Adelaide Oval,1,1595,-34.91555556,138.59611111,SA,-28.00638889,153.36722222
2018,Gold Coast,Carrara,7,0,-28.00638889,153.36722222,QLD,-28.00638889,153.36722222
2018,Gold Coast,Cazaly's Stadium,1,1458,-16.93583333,145.74916667,QLD,-28.00638889,153.36722222
2018,Gold Coast,Docklands,2,1343,-37.81638889,144.9475,VIC,-28.00638889,153.36722222
2018,Gold Coast,Eureka Stadium,1,1382,-37.53944444,143.84805556,VIC,-28.00638889,153.36722222
2018,Gold Coast,Gabba,2,66,-27.48583333,153.03805556,QLD,-28.00638889,153.36722222
2018,Gold Coast,Jiangwan Stadium,1,7408,31.3068,121.5154,CHN,-28.00638889,153.36722222
2018,Gold Coast,Kardinia Park,1,1405,-38.15805556,144.35472222,VIC,-28.00638889,153.36722222
2018,Gold Coast,M.C.G.,1,1341,-37.82,144.98333333,VIC,-28.00638889,153.36722222
2018,Gold Coast,Perth Stadium,2,3618,-31.95111111,115.88916667,WA,-28.00638889,153.36722222
2018,Gold Coast,S.C.G.,1,686,-33.89166667,151.22472222,NSW,-28.00638889,153.36722222
2018,Gold Coast,Sydney Showground,1,685,-33.84305556,151.06777778,NSW,-28.00638889,153.36722222
2018,Gold Coast,York Park,1,1596,-41.42583333,147.13888889,TAS,-28.00638889,153.36722222
2018,Greater Western Sydney,Adelaide Oval,2,1150,-34.91555556,138.59611111,SA,-33.84305556,151.06777778
2018,Greater Western Sydney,Bellerive Oval,1,1055,-42.87722222,147.37361111,TAS,-33.84305556,151.06777778
2018,Greater Western Sydney,Docklands,2,707,-37.81638889,144.9475,VIC,-33.84305556,151.06777778
2018,Greater Western Sydney,Gabba,1,732,-27.48583333,153.03805556,QLD,-33.84305556,151.06777778
2018,Greater Western Sydney,Kardinia Park,1,771,-38.15805556,144.35472222,VIC,-33.84305556,151.06777778
2018,Greater Western Sydney,M.C.G.,3,704,-37.82,144.98333333,VIC,-33.84305556,151.06777778
2018,Greater Western Sydney,Manuka Oval,3,241,-35.31805556,149.13472222,ACT,-33.84305556,151.06777778
2018,Greater Western Sydney,Perth Stadium,1,3275,-31.95111111,115.88916667,WA,-33.84305556,151.06777778
2018,Greater Western Sydney,S.C.G.,2,15,-33.89166667,151.22472222,NSW,-33.84305556,151.06777778
2018,Greater Western Sydney,Sydney Showground,8,0,-33.84305556,151.06777778,NSW,-33.84305556,151.06777778
2018,Hawthorn,Docklands,5,3,-37.81638889,144.9475,VIC,-37.82,144.98333333
2018,Hawthorn,Gabba,1,1373,-27.48583333,153.03805556,QLD,-37.82,144.98333333
2018,Hawthorn,M.C.G.,11,0,-37.82,144.98333333,VIC,-37.82,144.98333333
2018,Hawthorn,Perth Stadium,1,2721,-31.95111111,115.88916667,WA,-37.82,144.98333333
2018,Hawthorn,S.C.G.,1,712,-33.89166667,151.22472222,NSW,-37.82,144.98333333
2018,Hawthorn,Sydney Showground,1,704,-33.84305556,151.06777778,NSW,-37.82,144.98333333
2018,Hawthorn,York Park,4,441,-41.42583333,147.13888889,TAS,-37.82,144.98333333
2018,Melbourne,Adelaide Oval,2,657,-34.91555556,138.59611111,SA,-37.82,144.98333333
2018,Melbourne,Docklands,3,3,-37.81638889,144.9475,VIC,-37.82,144.98333333
2018,Melbourne,Gabba,2,1373,-27.48583333,153.03805556,QLD,-37.82,144.98333333
2018,Melbourne,Kardinia Park,1,67,-38.15805556,144.35472222,VIC,-37.82,144.98333333
2018,Melbourne,M.C.G.,13,0,-37.82,144.98333333,VIC,-37.82,144.98333333
2018,Melbourne,Marrara Oval,1,3154,-12.39916667,130.88722222,NT,-37.82,144.98333333
2018,Melbourne,Perth Stadium,2,2721,-31.95111111,115.88916667,WA,-37.82,144.98333333
2018,Melbourne,Traeger Park,1,1891,-23.709,133.8751,NT,-37.82,144.98333333
2018,North Melbourne,Adelaide Oval,1,654,-34.91555556,138.59611111,SA,-37.81638889,144.9475
2018,North Melbourne,Bellerive Oval,3,599,-42.87722222,147.37361111,TAS,-37.81638889,144.9475
2018,North Melbourne,Cazaly's Stadium,1,2323,-16.93583333,145.74916667,QLD,-37.81638889,144.9475
2018,North Melbourne,Docklands,11,0,-37.81638889,144.9475,VIC,-37.81638889,144.9475
2018,North Melbourne,Gabba,1,1375,-27.48583333,153.03805556,QLD,-37.81638889,144.9475
2018,North Melbourne,Kardinia Park,1,64,-38.15805556,144.35472222,VIC,-37.81638889,144.9475
2018,North Melbourne,M.C.G.,2,3,-37.82,144.98333333,VIC,-37.81638889,144.9475
2018,North Melbourne,Perth Stadium,1,2718,-31.95111111,115.88916667,WA,-37.81638889,144.9475
2018,North Melbourne,S.C.G.,1,714,-33.89166667,151.22472222,NSW,-37.81638889,144.9475
2018,Port Adelaide,Adelaide Oval,12,0,-34.91555556,138.59611111,SA,-34.91555556,138.59611111
2018,Port Adelaide,Docklands,2,654,-37.81638889,144.9475,VIC,-34.91555556,138.59611111
2018,Port Adelaide,Eureka Stadium,1,554,-37.53944444,143.84805556,VIC,-34.91555556,138.59611111
2018,Port Adelaide,Jiangwan Stadium,1,7577,31.3068,121.5154,CHN,-34.91555556,138.59611111
2018,Port Adelaide,M.C.G.,2,657,-37.82,144.98333333,VIC,-34.91555556,138.59611111
2018,Port Adelaide,Perth Stadium,2,2128,-31.95111111,115.88916667,WA,-34.91555556,138.59611111
2018,Port Adelaide,S.C.G.,1,1163,-33.89166667,151.22472222,NSW,-34.91555556,138.59611111
2018,Port Adelaide,York Park,1,1039,-41.42583333,147.13888889,TAS,-34.91555556,138.59611111
2018,Richmond,Adelaide Oval,2,657,-34.91555556,138.59611111,SA,-37.82,144.98333333
2018,Richmond,Carrara,1,1341,-28.00638889,153.36722222,QLD,-37.82,144.98333333
2018,Richmond,Docklands,3,3,-37.81638889,144.9475,VIC,-37.82,144.98333333
2018,Richmond,M.C.G.,16,0,-37.82,144.98333333,VIC,-37.82,144.98333333
2018,Richmond,Perth Stadium,1,2721,-31.95111111,115.88916667,WA,-37.82,144.98333333
2018,Richmond,Sydney Showground,1,704,-33.84305556,151.06777778,NSW,-37.82,144.98333333
2018,St Kilda,Adelaide Oval,1,654,-34.91555556,138.59611111,SA,-37.81638889,144.9475
2018,St Kilda,Carrara,1,1343,-28.00638889,153.36722222,QLD,-37.81638889,144.9475
2018,St Kilda,Docklands,13,0,-37.81638889,144.9475,VIC,-37.81638889,144.9475
2018,St Kilda,Kardinia Park,1,64,-38.15805556,144.35472222,VIC,-37.81638889,144.9475
2018,St Kilda,M.C.G.,2,3,-37.82,144.98333333,VIC,-37.81638889,144.9475
2018,St Kilda,Perth Stadium,2,2718,-31.95111111,115.88916667,WA,-37.81638889,144.9475
2018,St Kilda,Sydney Showground,1,707,-33.84305556,151.06777778,NSW,-37.81638889,144.9475
2018,St Kilda,York Park,1,443,-41.42583333,147.13888889,TAS,-37.81638889,144.9475
2018,Sydney,Docklands,5,714,-37.81638889,144.9475,VIC,-33.89166667,151.22472222
2018,Sydney,Gabba,1,733,-27.48583333,153.03805556,QLD,-33.89166667,151.22472222
2018,Sydney,Kardinia Park,1,779,-38.15805556,144.35472222,VIC,-33.89166667,151.22472222
2018,Sydney,M.C.G.,2,712,-37.82,144.98333333,VIC,-33.89166667,151.22472222
2018,Sydney,Perth Stadium,1,3289,-31.95111111,115.88916667,WA,-33.89166667,151.22472222
2018,Sydney,S.C.G.,12,0,-33.89166667,151.22472222,NSW,-33.89166667,151.22472222
2018,Sydney,Sydney Showground,1,15,-33.84305556,151.06777778,NSW,-33.89166667,151.22472222
2018,West Coast,Adelaide Oval,2,2128,-34.91555556,138.59611111,SA,-31.95111111,115.88916667
2018,West Coast,Bellerive Oval,1,3012,-42.87722222,147.37361111,TAS,-31.95111111,115.88916667
2018,West Coast,Docklands,2,2718,-37.81638889,144.9475,VIC,-31.95111111,115.88916667
2018,West Coast,Gabba,1,3604,-27.48583333,153.03805556,QLD,-31.95111111,115.88916667
2018,West Coast,M.C.G.,3,2721,-37.82,144.98333333,VIC,-31.95111111,115.88916667
2018,West Coast,Perth Stadium,14,0,-31.95111111,115.88916667,WA,-31.95111111,115.88916667
2018,West Coast,S.C.G.,1,3289,-33.89166667,151.22472222,NSW,-31.95111111,115.88916667
2018,West Coast,Sydney Showground,1,3275,-33.84305556,151.06777778,NSW,-31.95111111,115.88916667
2018,Western Bulldogs,Adelaide Oval,2,654,-34.91555556,138.59611111,SA,-37.81638889,144.9475
2018,Western Bulldogs,Docklands,13,0,-37.81638889,144.9475,VIC,-37.81638889,144.9475
2018,Western Bulldogs,Eureka Stadium,2,102,-37.53944444,143.84805556,VIC,-37.81638889,144.9475
2018,Western Bulldogs,M.C.G.,2,3,-37.82,144.98333333,VIC,-37.81638889,144.9475
2018,Western Bulldogs,Manuka Oval,1,466,-35.31805556,149.13472222,ACT,-37.81638889,144.9475
2018,Western Bulldogs,Perth Stadium,2,2718,-31.95111111,115.88916667,WA,-37.81638889,144.9475
2019,Adelaide,Adelaide Oval,12,0,-34.91555556,138.59611111,SA,-34.91555556,138.59611111
2019,Adelaide,Carrara,1,1595,-28.00638889,153.36722222,QLD,-34.91555556,138.59611111
2019,Adelaide,Docklands,2,654,-37.81638889,144.9475,VIC,-34.91555556,138.59611111
2019,Adelaide,Eureka Stadium,1,554,-37.53944444,143.84805556,VIC,-34.91555556,138.59611111
2019,Adelaide,Gabba,1,1600,-27.48583333,153.03805556,QLD,-34.91555556,138.59611111
2019,Adelaide,Kardinia Park,1,628,-38.15805556,144.35472222,VIC,-34.91555556,138.59611111
2019,Adelaide,M.C.G.,1,657,-37.82,144.98333333,VIC,-34.91555556,138.59611111
2019,Adelaide,Marrara Oval,1,2622,-12.39916667,130.88722222,NT,-34.91555556,138.59611111
2019,Adelaide,Perth Stadium,1,2128,-31.95111111,115.88916667,WA,-34.91555556,138.59611111
2019,Adelaide,S.C.G.,1,1163,-33.89166667,151.22472222,NSW,-34.91555556,138.59611111
2019,Brisbane Lions,Adelaide Oval,1,1600,-34.91555556,138.59611111,SA,-27.48583333,153.03805556
2019,Brisbane Lions,Carrara,1,66,-28.00638889,153.36722222,QLD,-27.48583333,153.03805556
2019,Brisbane Lions,Docklands,3,1375,-37.81638889,144.9475,VIC,-27.48583333,153.03805556
2019,Brisbane Lions,Eureka Stadium,1,1410,-37.53944444,143.84805556,VIC,-27.48583333,153.03805556
2019,Brisbane Lions,Gabba,13,0,-27.48583333,153.03805556,QLD,-27.48583333,153.03805556
2019,Brisbane Lions,M.C.G.,2,1373,-37.82,144.98333333,VIC,-27.48583333,153.03805556
2019,Brisbane Lions,Perth Stadium,1,3604,-31.95111111,115.88916667,WA,-27.48583333,153.03805556
2019,Brisbane Lions,Sydney Showground,1,732,-33.84305556,151.06777778,NSW,-27.48583333,153.03805556
2019,Brisbane Lions,York Park,1,1641,-41.42583333,147.13888889,TAS,-27.48583333,153.03805556
2019,Carlton,Adelaide Oval,1,657,-34.91555556,138.59611111,SA,-37.82,144.98333333
2019,Carlton,Carrara,1,1341,-28.00638889,153.36722222,QLD,-37.82,144.98333333
2019,Carlton,Docklands,8,3,-37.81638889,144.9475,VIC,-37.82,144.98333333
2019,Carlton,Kardinia Park,1,67,-38.15805556,144.35472222,VIC,-37.82,144.98333333
2019,Carlton,M.C.G.,7,0,-37.82,144.98333333,VIC,-37.82,144.98333333
2019,Carlton,Perth Stadium,1,2721,-31.95111111,115.88916667,WA,-37.82,144.98333333
2019,Carlton,S.C.G.,1,712,-33.89166667,151.22472222,NSW,-37.82,144.98333333
2019,Carlton,Sydney Showground,1,704,-33.84305556,151.06777778,NSW,-37.82,144.98333333
2019,Carlton,York Park,1,441,-41.42583333,147.13888889,TAS,-37.82,144.98333333
2019,Collingwood,Adelaide Oval,1,657,-34.91555556,138.59611111,SA,-37.82,144.98333333
2019,Collingwood,Docklands,3,3,-37.81638889,144.9475,VIC,-37.82,144.98333333
2019,Collingwood,Gabba,1,1373,-27.48583333,153.03805556,QLD,-37.82,144.98333333
2019,Collingwood,M.C.G.,16,0,-37.82,144.98333333,VIC,-37.82,144.98333333
2019,Collingwood,Perth Stadium,1,2721,-31.95111111,115.88916667,WA,-37.82,144.98333333
2019,Collingwood,S.C.G.,1,712,-33.89166667,151.22472222,NSW,-37.82,144.98333333
2019,Collingwood,Sydney Showground,1,704,-33.84305556,151.06777778,NSW,-37.82,144.98333333
2019,Essendon,Adelaide Oval,1,654,-34.91555556,138.59611111,SA,-37.81638889,144.9475
2019,Essendon,Carrara,1,1343,-28.00638889,153.36722222,QLD,-37.81638889,144.9475
2019,Essendon,Docklands,8,0,-37.81638889,144.9475,VIC,-37.81638889,144.9475
2019,Essendon,M.C.G.,8,3,-37.82,144.98333333,VIC,-37.81638889,144.9475
2019,Essendon,Perth Stadium,3,2718,-31.95111111,115.88916667,WA,-37.81638889,144.9475
2019,Essendon,S.C.G.,1,714,-33.89166667,151.22472222,NSW,-37.81638889,144.9475
2019,Essendon,Sydney Showground,1,707,-33.84305556,151.06777778,NSW,-37.81638889,144.9475
2019,Fremantle,Adelaide Oval,2,2128,-34.91555556,138.59611111,SA,-31.95111111,115.88916667
2019,Fremantle,Carrara,1,3618,-28.00638889,153.36722222,QLD,-31.95111111,115.88916667
2019,Fremantle,Docklands,3,2718,-37.81638889,144.9475,VIC,-31.95111111,115.88916667
2019,Fremantle,M.C.G.,2,2721,-37.82,144.98333333,VIC,-31.95111111,115.88916667
2019,Fremantle,Manuka Oval,1,3086,-35.31805556,149.13472222,ACT,-31.95111111,115.88916667
2019,Fremantle,Perth Stadium,12,0,-31.95111111,115.88916667,WA,-31.95111111,115.88916667
2019,Fremantle,York Park,1,2959,-41.42583333,147.13888889,TAS,-31.95111111,115.88916667
2019,Geelong,Adelaide Oval,2,628,-34.91555556,138.59611111,SA,-38.15805556,144.35472222
2019,Geelong,Carrara,1,1405,-28.00638889,153.36722222,QLD,-38.15805556,144.35472222
2019,Geelong,Docklands,2,64,-37.81638889,144.9475,VIC,-38.15805556,144.35472222
2019,Geelong,Gabba,1,1436,-27.48583333,153.03805556,QLD,-38.15805556,144.35472222
2019,Geelong,Kardinia Park,9,0,-38.15805556,144.35472222,VIC,-38.15805556,144.35472222
2019,Geelong,M.C.G.,8,67,-37.82,144.98333333,VIC,-38.15805556,144.35472222
2019,Geelong,Perth Stadium,1,2670,-31.95111111,115.88916667,WA,-38.15805556,144.35472222
2019,Geelong,S.C.G.,1,779,-33.89166667,151.22472222,NSW,-38.15805556,144.35472222
2019,Gold Coast,Adelaide Oval,2,1595,-34.91555556,138.59611111,SA,-28.00638889,153.36722222
2019,Gold Coast,Carrara,10,0,-28.00638889,153.36722222,QLD,-28.00638889,153.36722222
2019,Gold Coast,Docklands,4,1343,-37.81638889,144.9475,VIC,-28.00638889,153.36722222
2019,Gold Coast,Gabba,1,66,-27.48583333,153.03805556,QLD,-28.00638889,153.36722222
2019,Gold Coast,M.C.G.,1,1341,-37.82,144.98333333,VIC,-28.00638889,153.36722222
2019,Gold Coast,Perth Stadium,1,3618,-31.95111111,115.88916667,WA,-28.00638889,153.36722222
2019,Gold Coast,Riverway Stadium,1,1178,-19.31722222,146.73166667,QLD,-28.00638889,153.36722222
2019,Gold Coast,S.C.G.,1,686,-33.89166667,151.22472222,NSW,-28.00638889,153.36722222
2019,Gold Coast,Sydney Showground,1,685,-33.84305556,151.06777778,NSW,-28.00638889,153.36722222
2019,Greater Western Sydney,Adelaide Oval,2,1150,-34.91555556,138.59611111,SA,-33.84305556,151.06777778
2019,Greater Western Sydney,Bellerive Oval,1,1055,-42.87722222,147.37361111,TAS,-33.84305556,151.06777778
2019,Greater Western Sydney,Carrara,1,685,-28.00638889,153.36722222,QLD,-33.84305556,151.06777778
2019,Greater Western Sydney,Docklands,1,707,-37.81638889,144.9475,VIC,-33.84305556,151.06777778
2019,Greater Western Sydney,Gabba,1,732,-27.48583333,153.03805556,QLD,-33.84305556,151.06777778
2019,Greater Western Sydney,Kardinia Park,1,771,-38.15805556,144.35472222,VIC,-33.84305556,151.06777778
2019,Greater Western Sydney,M.C.G.,5,704,-37.82,144.98333333,VIC,-33.84305556,151.06777778
2019,Greater Western Sydney,Manuka Oval,3,241,-35.31805556,149.13472222,ACT,-33.84305556,151.06777778
2019,Greater Western Sydney,Perth Stadium,1,3275,-31.95111111,115.88916667,WA,-33.84305556,151.06777778
2019,Greater Western Sydney,S.C.G.,1,15,-33.89166667,151.22472222,NSW,-33.84305556,151.06777778
2019,Greater Western Sydney,Sydney Showground,9,0,-33.84305556,151.06777778,NSW,-33.84305556,151.06777778
2019,Hawthorn,Adelaide Oval,1,657,-34.91555556,138.59611111,SA,-37.82,144.98333333
2019,Hawthorn,Docklands,4,3,-37.81638889,144.9475,VIC,-37.82,144.98333333
2019,Hawthorn,Gabba,1,1373,-27.48583333,153.03805556,QLD,-37.82,144.98333333
2019,Hawthorn,M.C.G.,9,0,-37.82,144.98333333,VIC,-37.82,144.98333333
2019,Hawthorn,Manuka Oval,1,463,-35.31805556,149.13472222,ACT,-37.82,144.98333333
2019,Hawthorn,Perth Stadium,1,2721,-31.95111111,115.88916667,WA,-37.82,144.98333333
2019,Hawthorn,S.C.G.,1,712,-33.89166667,151.22472222,NSW,-37.82,144.98333333
2019,Hawthorn,York Park,4,441,-41.42583333,147.13888889,TAS,-37.82,144.98333333
2019,Melbourne,Bellerive Oval,1,598,-42.87722222,147.37361111,TAS,-37.82,144.98333333
2019,Melbourne,Carrara,1,1341,-28.00638889,153.36722222,QLD,-37.82,144.98333333
2019,Melbourne,Docklands,2,3,-37.81638889,144.9475,VIC,-37.82,144.98333333
2019,Melbourne,Gabba,1,1373,-27.48583333,153.03805556,QLD,-37.82,144.98333333
2019,Melbourne,Kardinia Park,1,67,-38.15805556,144.35472222,VIC,-37.82,144.98333333
2019,Melbourne,M.C.G.,12,0,-37.82,144.98333333,VIC,-37.82,144.98333333
2019,Melbourne,Marrara Oval,1,3154,-12.39916667,130.88722222,NT,-37.82,144.98333333
2019,Melbourne,Perth Stadium,1,2721,-31.95111111,115.88916667,WA,-37.82,144.98333333
2019,Melbourne,S.C.G.,1,712,-33.89166667,151.22472222,NSW,-37.82,144.98333333
2019,Melbourne,Traeger Park,1,1891,-23.709,133.8751,NT,-37.82,144.98333333
2019,North Melbourne,Adelaide Oval,1,654,-34.91555556,138.59611111,SA,-37.81638889,144.9475
2019,North Melbourne,Bellerive Oval,4,599,-42.87722222,147.37361111,TAS,-37.81638889,144.9475
2019,North Melbourne,Carrara,1,1343,-28.00638889,153.36722222,QLD,-37.81638889,144.9475
2019,North Melbourne,Docklands,11,0,-37.81638889,144.9475,VIC,-37.81638889,144.9475
2019,North Melbourne,Gabba,1,1375,-27.48583333,153.03805556,QLD,-37.81638889,144.9475
2019,North Melbourne,Kardinia Park,1,64,-38.15805556,144.35472222,VIC,-37.81638889,144.9475
2019,North Melbourne,M.C.G.,1,3,-37.82,144.98333333,VIC,-37.81638889,144.9475
2019,North Melbourne,Perth Stadium,2,2718,-31.95111111,115.88916667,WA,-37.81638889,144.9475
2019,Port Adelaide,Adelaide Oval,12,0,-34.91555556,138.59611111,SA,-34.91555556,138.59611111
2019,Port Adelaide,Docklands,3,654,-37.81638889,144.9475,VIC,-34.91555556,138.59611111
2019,Port Adelaide,Gabba,1,1600,-27.48583333,153.03805556,QLD,-34.91555556,138.59611111
2019,Port Adelaide,Jiangwan Stadium,1,7577,31.3068,121.5154,CHN,-34.91555556,138.59611111
2019,Port Adelaide,M.C.G.,2,657,-37.82,144.98333333,VIC,-34.91555556,138.59611111
2019,Port Adelaide,Perth Stadium,2,2128,-31.95111111,115.88916667,WA,-34.91555556,138.59611111
2019,Port Adelaide,York Park,1,1039,-41.42583333,147.13888889,TAS,-34.91555556,138.59611111
2019,Richmond,Adelaide Oval,2,657,-34.91555556,138.59611111,SA,-37.82,144.98333333
2019,Richmond,Carrara,1,1341,-28.00638889,153.36722222,QLD,-37.82,144.98333333
2019,Richmond,Docklands,4,3,-37.81638889,144.9475,VIC,-37.82,144.98333333
2019,Richmond,Gabba,1,1373,-27.48583333,153.03805556,QLD,-37.82,144.98333333
2019,Richmond,M.C.G.,15,0,-37.82,144.98333333,VIC,-37.82,144.98333333
2019,Richmond,Perth Stadium,1,2721,-31.95111111,115.88916667,WA,-37.82,144.98333333
2019,Richmond,Sydney Showground,1,704,-33.84305556,151.06777778,NSW,-37.82,144.98333333
2019,St Kilda,Adelaide Oval,1,654,-34.91555556,138.59611111,SA,-37.81638889,144.9475
2019,St Kilda,Bellerive Oval,1,599,-42.87722222,147.37361111,TAS,-37.81638889,144.9475
2019,St Kilda,Docklands,11,0,-37.81638889,144.9475,VIC,-37.81638889,144.9475
2019,St Kilda,Jiangwan Stadium,1,8062,31.3068,121.5154,CHN,-37.81638889,144.9475
2019,St Kilda,Kardinia Park,1,64,-38.15805556,144.35472222,VIC,-37.81638889,144.9475
2019,St Kilda,M.C.G.,3,3,-37.82,144.98333333,VIC,-37.81638889,144.9475
2019,St Kilda,Manuka Oval,1,466,-35.31805556,149.13472222,ACT,-37.81638889,144.9475
2019,St Kilda,Perth Stadium,1,2718,-31.95111111,115.88916667,WA,-37.81638889,144.9475
2019,St Kilda,Riverway Stadium,1,2064,-19.31722222,146.73166667,QLD,-37.81638889,144.9475
2019,St Kilda,S.C.G.,1,714,-33.89166667,151.22472222,NSW,-37.81638889,144.9475
2019,Sydney,Adelaide Oval,1,1163,-34.91555556,138.59611111,SA,-33.89166667,151.22472222
2019,Sydney,Bellerive Oval,1,1054,-42.87722222,147.37361111,TAS,-33.89166667,151.22472222
2019,Sydney,Docklands,3,714,-37.81638889,144.9475,VIC,-33.89166667,151.22472222
2019,Sydney,Gabba,1,733,-27.48583333,153.03805556,QLD,-33.89166667,151.22472222
2019,Sydney,Kardinia Park,1,779,-38.15805556,144.35472222,VIC,-33.89166667,151.22472222
2019,Sydney,M.C.G.,2,712,-37.82,144.98333333,VIC,-33.89166667,151.22472222
2019,Sydney,Perth Stadium,1,3289,-31.95111111,115.88916667,WA,-33.89166667,151.22472222
2019,Sydney,S.C.G.,11,0,-33.89166667,151.22472222,NSW,-33.89166667,151.22472222
2019,Sydney,Sydney Showground,1,15,-33.84305556,151.06777778,NSW,-33.89166667,151.22472222
2019,West Coast,Adelaide Oval,1,2128,-34.91555556,138.59611111,SA,-31.95111111,115.88916667
2019,West Coast,Docklands,2,2718,-37.81638889,144.9475,VIC,-31.95111111,115.88916667
2019,West Coast,Gabba,1,3604,-27.48583333,153.03805556,QLD,-31.95111111,115.88916667
2019,West Coast,Kardinia Park,1,2670,-38.15805556,144.35472222,VIC,-31.95111111,115.88916667
2019,West Coast,M.C.G.,4,2721,-37.82,144.98333333,VIC,-31.95111111,115.88916667
2019,West Coast,Perth Stadium,13,0,-31.95111111,115.88916667,WA,-31.95111111,115.88916667
2019,West Coast,S.C.G.,1,3289,-33.89166667,151.22472222,NSW,-31.95111111,115.88916667
2019,West Coast,Traeger Park,1,1988,-23.709,133.8751,NT,-31.95111111,115.88916667
2019,Western Bulldogs,Adelaide Oval,1,654,-34.91555556,138.59611111,SA,-37.81638889,144.9475
2019,Western Bulldogs,Docklands,12,0,-37.81638889,144.9475,VIC,-37.81638889,144.9475
2019,Western Bulldogs,Eureka Stadium,2,102,-37.53944444,143.84805556,VIC,-37.81638889,144.9475
2019,Western Bulldogs,Gabba,1,1375,-27.48583333,153.03805556,QLD,-37.81638889,144.9475
2019,Western Bulldogs,Kardinia Park,1,64,-38.15805556,144.35472222,VIC,-37.81638889,144.9475
2019,Western Bulldogs,M.C.G.,2,3,-37.82,144.98333333,VIC,-37.81638889,144.9475
2019,Western Bulldogs,Perth Stadium,2,2718,-31.95111111,115.88916667,WA,-37.81638889,144.9475
2019,Western Bulldogs,Sydney Showground,2,707,-33.84305556,151.06777778,NSW,-37.81638889,144.9475
2020,Adelaide,Adelaide Oval,10,0,-34.91555556,138.59611111,SA,-34.91555556,138.59611111
2020,Adelaide,Carrara,5,1595,-28.00638889,153.36722222,QLD,-34.91555556,138.59611111
2020,Adelaide,Gabba,2,1600,-27.48583333,153.03805556,QLD,-34.91555556,138.59611111
2020,Brisbane Lions,Carrara,4,66,-28.00638889,153.36722222,QLD,-27.48583333,153.03805556
2020,Brisbane Lions,Cazaly's Stadium,1,1392,-16.93583333,145.74916667,QLD,-27.48583333,153.03805556
2020,Brisbane Lions,Gabba,11,0,-27.48583333,153.03805556,QLD,-27.48583333,153.03805556
2020,Brisbane Lions,M.C.G.,1,1373,-37.82,144.98333333,VIC,-27.48583333,153.03805556
2020,Brisbane Lions,S.C.G.,1,733,-33.89166667,151.22472222,NSW,-27.48583333,153.03805556
2020,Brisbane Lions,Sydney Showground,1,732,-33.84305556,151.06777778,NSW,-27.48583333,153.03805556
2020,Carlton,Carrara,4,1341,-28.00638889,153.36722222,QLD,-37.82,144.98333333
2020,Carlton,Docklands,2,3,-37.81638889,144.9475,VIC,-37.82,144.98333333
2020,Carlton,Gabba,4,1373,-27.48583333,153.03805556,QLD,-37.82,144.98333333
2020,Carlton,Kardinia Park,1,67,-38.15805556,144.35472222,VIC,-37.82,144.98333333
2020,Carlton,M.C.G.,2,0,-37.82,144.98333333,VIC,-37.82,144.98333333
2020,Carlton,Marrara Oval,1,3154,-12.39916667,130.88722222,NT,-37.82,144.98333333
2020,Carlton,Perth Stadium,3,2721,-31.95111111,115.88916667,WA,-37.82,144.98333333
2020,Collingwood,Adelaide Oval,1,657,-34.91555556,138.59611111,SA,-37.82,144.98333333
2020,Collingwood,Docklands,1,3,-37.81638889,144.9475,VIC,-37.82,144.98333333
2020,Collingwood,Gabba,8,1373,-27.48583333,153.03805556,QLD,-37.82,144.98333333
2020,Collingwood,M.C.G.,3,0,-37.82,144.98333333,VIC,-37.82,144.98333333
2020,Collingwood,Perth Stadium,4,2721,-31.95111111,115.88916667,WA,-37.82,144.98333333
2020,Collingwood,Sydney Showground,2,704,-33.84305556,151.06777778,NSW,-37.82,144.98333333
2020,Essendon,Adelaide Oval,3,654,-34.91555556,138.59611111,SA,-37.81638889,144.9475
2020,Essendon,Carrara,6,1343,-28.00638889,153.36722222,QLD,-37.81638889,144.9475
2020,Essendon,Docklands,1,0,-37.81638889,144.9475,VIC,-37.81638889,144.9475
2020,Essendon,Gabba,3,1375,-27.48583333,153.03805556,QLD,-37.81638889,144.9475
2020,Essendon,M.C.G.,2,3,-37.82,144.98333333,VIC,-37.81638889,144.9475
2020,Essendon,Marrara Oval,1,3152,-12.39916667,130.88722222,NT,-37.81638889,144.9475
2020,Essendon,S.C.G.,1,714,-33.89166667,151.22472222,NSW,-37.81638889,144.9475
2020,Fremantle,Carrara,6,3618,-28.00638889,153.36722222,QLD,-31.95111111,115.88916667
2020,Fremantle,Cazaly's Stadium,2,3436,-16.93583333,145.74916667,QLD,-31.95111111,115.88916667
2020,Fremantle,Docklands,1,2718,-37.81638889,144.9475,VIC,-31.95111111,115.88916667
2020,Fremantle,Gabba,1,3604,-27.48583333,153.03805556,QLD,-31.95111111,115.88916667
2020,Fremantle,Perth Stadium,7,0,-31.95111111,115.88916667,WA,-31.95111111,115.88916667
2020,Geelong,Adelaide Oval,2,628,-34.91555556,138.59611111,SA,-38.15805556,144.35472222
2020,Geelong,Carrara,4,1405,-28.00638889,153.36722222,QLD,-38.15805556,144.35472222
2020,Geelong,Gabba,6,1436,-27.48583333,153.03805556,QLD,-38.15805556,144.35472222
2020,Geelong,Kardinia Park,3,0,-38.15805556,144.35472222,VIC,-38.15805556,144.35472222
2020,Geelong,M.C.G.,1,67,-37.82,144.98333333,VIC,-38.15805556,144.35472222
2020,Geelong,Perth Stadium,3,2670,-31.95111111,115.88916667,WA,-38.15805556,144.35472222
2020,Geelong,S.C.G.,1,779,-33.89166667,151.22472222,NSW,-38.15805556,144.35472222
2020,Geelong,Sydney Showground,1,771,-33.84305556,151.06777778,NSW,-38.15805556,144.35472222
2020,Gold Coast,Adelaide Oval,1,1595,-34.91555556,138.59611111,SA,-28.00638889,153.36722222
2020,Gold Coast,Carrara,9,0,-28.00638889,153.36722222,QLD,-28.00638889,153.36722222
2020,Gold Coast,Gabba,3,66,-27.48583333,153.03805556,QLD,-28.00638889,153.36722222
2020,Gold Coast,Kardinia Park,1,1405,-38.15805556,144.35472222,VIC,-28.00638889,153.36722222
2020,Gold Coast,Marrara Oval,1,2908,-12.39916667,130.88722222,NT,-28.00638889,153.36722222
2020,Gold Coast,S.C.G.,1,686,-33.89166667,151.22472222,NSW,-28.00638889,153.36722222
2020,Gold Coast,Sydney Showground,1,685,-33.84305556,151.06777778,NSW,-28.00638889,153.36722222
2020,Greater Western Sydney,Adelaide Oval,1,1150,-34.91555556,138.59611111,SA,-33.84305556,151.06777778
2020,Greater Western Sydney,Carrara,4,685,-28.00638889,153.36722222,QLD,-33.84305556,151.06777778
2020,Greater Western Sydney,Docklands,1,707,-37.81638889,144.9475,VIC,-33.84305556,151.06777778
2020,Greater Western Sydney,Gabba,2,732,-27.48583333,153.03805556,QLD,-33.84305556,151.06777778
2020,Greater Western Sydney,Perth Stadium,3,3275,-31.95111111,115.88916667,WA,-33.84305556,151.06777778
2020,Greater Western Sydney,Sydney Showground,6,0,-33.84305556,151.06777778,NSW,-33.84305556,151.06777778
2020,Hawthorn,Adelaide Oval,5,657,-34.91555556,138.59611111,SA,-37.82,144.98333333
2020,Hawthorn,Carrara,1,1341,-28.00638889,153.36722222,QLD,-37.82,144.98333333
2020,Hawthorn,Docklands,1,3,-37.81638889,144.9475,VIC,-37.82,144.98333333
2020,Hawthorn,Kardinia Park,1,67,-38.15805556,144.35472222,VIC,-37.82,144.98333333
2020,Hawthorn,M.C.G.,2,0,-37.82,144.98333333,VIC,-37.82,144.98333333
2020,Hawthorn,Perth Stadium,3,2721,-31.95111111,115.88916667,WA,-37.82,144.98333333
2020,Hawthorn,S.C.G.,1,712,-33.89166667,151.22472222,NSW,-37.82,144.98333333
2020,Hawthorn,Sydney Showground,3,704,-33.84305556,151.06777778,NSW,-37.82,144.98333333
2020,Melbourne,Adelaide Oval,2,657,-34.91555556,138.59611111,SA,-37.82,144.98333333
2020,Melbourne,Carrara,3,1341,-28.00638889,153.36722222,QLD,-37.82,144.98333333
2020,Melbourne,Cazaly's Stadium,2,2323,-16.93583333,145.74916667,QLD,-37.82,144.98333333
2020,Melbourne,Docklands,1,3,-37.81638889,144.9475,VIC,-37.82,144.98333333
2020,Melbourne,Gabba,3,1373,-27.48583333,153.03805556,QLD,-37.82,144.98333333
2020,Melbourne,M.C.G.,2,0,-37.82,144.98333333,VIC,-37.82,144.98333333
2020,Melbourne,Perth Stadium,1,2721,-31.95111111,115.88916667,WA,-37.82,144.98333333
2020,Melbourne,Sydney Showground,2,704,-33.84305556,151.06777778,NSW,-37.82,144.98333333
2020,Melbourne,Traeger Park,1,1891,-23.709,133.8751,NT,-37.82,144.98333333
2020,North Melbourne,Adelaide Oval,1,654,-34.91555556,138.59611111,SA,-37.81638889,144.9475
2020,North Melbourne,Carrara,8,1343,-28.00638889,153.36722222,QLD,-37.81638889,144.9475
2020,North Melbourne,Docklands,4,0,-37.81638889,144.9475,VIC,-37.81638889,144.9475
2020,North Melbourne,Gabba,3,1375,-27.48583333,153.03805556,QLD,-37.81638889,144.9475
2020,North Melbourne,Sydney Showground,1,707,-33.84305556,151.06777778,NSW,-37.81638889,144.9475
2020,Port Adelaide,Adelaide Oval,9,0,-34.91555556,138.59611111,SA,-34.91555556,138.59611111
2020,Port Adelaide,Carrara,6,1595,-28.00638889,153.36722222,QLD,-34.91555556,138.59611111
2020,Port Adelaide,Gabba,4,1600,-27.48583333,153.03805556,QLD,-34.91555556,138.59611111
2020,Richmond,Adelaide Oval,3,657,-34.91555556,138.59611111,SA,-37.82,144.98333333
2020,Richmond,Carrara,7,1341,-28.00638889,153.36722222,QLD,-37.82,144.98333333
2020,Richmond,Docklands,1,3,-37.81638889,144.9475,VIC,-37.82,144.98333333
2020,Richmond,Gabba,4,1373,-27.48583333,153.03805556,QLD,-37.82,144.98333333
2020,Richmond,M.C.G.,4,0,-37.82,144.98333333,VIC,-37.82,144.98333333
2020,Richmond,Marrara Oval,1,3154,-12.39916667,130.88722222,NT,-37.82,144.98333333
2020,Richmond,Sydney Showground,1,704,-33.84305556,151.06777778,NSW,-37.82,144.98333333
2020,St Kilda,Adelaide Oval,2,654,-34.91555556,138.59611111,SA,-37.81638889,144.9475
2020,St Kilda,Carrara,4,1343,-28.00638889,153.36722222,QLD,-37.81638889,144.9475
2020,St Kilda,Docklands,4,0,-37.81638889,144.9475,VIC,-37.81638889,144.9475
2020,St Kilda,Gabba,7,1375,-27.48583333,153.03805556,QLD,-37.81638889,144.9475
2020,St Kilda,M.C.G.,1,3,-37.82,144.98333333,VIC,-37.81638889,144.9475
2020,St Kilda,Traeger Park,1,1889,-23.709,133.8751,NT,-37.81638889,144.9475
2020,Sydney,Adelaide Oval,2,1163,-34.91555556,138.59611111,SA,-33.89166667,151.22472222
2020,Sydney,Carrara,3,686,-28.00638889,153.36722222,QLD,-33.89166667,151.22472222
2020,Sydney,Cazaly's Stadium,2,1963,-16.93583333,145.74916667,QLD,-33.89166667,151.22472222
2020,Sydney,Docklands,1,714,-37.81638889,144.9475,VIC,-33.89166667,151.22472222
2020,Sydney,Gabba,3,733,-27.48583333,153.03805556,QLD,-33.89166667,151.22472222
2020,Sydney,Perth Stadium,2,3289,-31.95111111,115.88916667,WA,-33.89166667,151.22472222
2020,Sydney,S.C.G.,4,0,-33.89166667,151.22472222,NSW,-33.89166667,151.22472222
2020,West Coast,Carrara,6,3618,-28.00638889,153.36722222,QLD,-31.95111111,115.88916667
2020,West Coast,Gabba,4,3604,-27.48583333,153.03805556,QLD,-31.95111111,115.88916667
2020,West Coast,Perth Stadium,8,0,-31.95111111,115.88916667,WA,-31.95111111,115.88916667
2020,Western Bulldogs,Adelaide Oval,2,654,-34.91555556,138.59611111,SA,-37.81638889,144.9475
2020,Western Bulldogs,Carrara,8,1343,-28.00638889,153.36722222,QLD,-37.81638889,144.9475
2020,Western Bulldogs,Cazaly's Stadium,1,2323,-16.93583333,145.74916667,QLD,-37.81638889,144.9475
2020,Western Bulldogs,Docklands,4,0,-37.81638889,144.9475,VIC,-37.81638889,144.9475
2020,Western Bulldogs,Gabba,2,1375,-27.48583333,153.03805556,QLD,-37.81638889,144.9475
2020,Western Bulldogs,S.C.G.,1,714,-33.89166667,151.22472222,NSW,-37.81638889,144.9475
2021,Adelaide,Adelaide Oval,11,0,-34.91555556,138.59611111,SA,-34.91555556,138.59611111
2021,Adelaide,Cazaly's Stadium,1,2122,-16.93583333,145.74916667,QLD,-34.91555556,138.59611111
2021,Adelaide,Docklands,4,654,-37.81638889,144.9475,VIC,-34.91555556,138.59611111
2021,Adelaide,Eureka Stadium,1,554,-37.53944444,143.84805556,VIC,-34.91555556,138.59611111
2021,Adelaide,M.C.G.,1,657,-37.82,144.98333333,VIC,-34.91555556,138.59611111
2021,Adelaide,Perth Stadium,1,2128,-31.95111111,115.88916667,WA,-34.91555556,138.59611111
2021,Adelaide,S.C.G.,1,1163,-33.89166667,151.22472222,NSW,-34.91555556,138.59611111
2021,Adelaide,Sydney Showground,1,1150,-33.84305556,151.06777778,NSW,-34.91555556,138.59611111
2021,Adelaide,York Park,1,1039,-41.42583333,147.13888889,TAS,-34.91555556,138.59611111
2021,Brisbane Lions,Adelaide Oval,2,1600,-34.91555556,138.59611111,SA,-27.48583333,153.03805556
2021,Brisbane Lions,Bellerive Oval,1,1786,-42.87722222,147.37361111,TAS,-27.48583333,153.03805556
2021,Brisbane Lions,Carrara,3,66,-28.00638889,153.36722222,QLD,-27.48583333,153.03805556
2021,Brisbane Lions,Docklands,2,1375,-37.81638889,144.9475,VIC,-27.48583333,153.03805556
2021,Brisbane Lions,Eureka Stadium,1,1410,-37.53944444,143.84805556,VIC,-27.48583333,153.03805556
2021,Brisbane Lions,Gabba,11,0,-27.48583333,153.03805556,QLD,-27.48583333,153.03805556
2021,Brisbane Lions,Kardinia Park,1,1436,-38.15805556,144.35472222,VIC,-27.48583333,153.03805556
2021,Brisbane Lions,Perth Stadium,1,3604,-31.95111111,115.88916667,WA,-27.48583333,153.03805556
2021,Brisbane Lions,Sydney Showground,1,732,-33.84305556,151.06777778,NSW,-27.48583333,153.03805556
2021,Brisbane Lions,York Park,1,1641,-41.42583333,147.13888889,TAS,-27.48583333,153.03805556
2021,Carlton,Adelaide Oval,1,657,-34.91555556,138.59611111,SA,-37.82,144.98333333
2021,Carlton,Carrara,1,1341,-28.00638889,153.36722222,QLD,-37.82,144.98333333
2021,Carlton,Docklands,8,3,-37.81638889,144.9475,VIC,-37.82,144.98333333
2021,Carlton,M.C.G.,9,0,-37.82,144.98333333,VIC,-37.82,144.98333333
2021,Carlton,S.C.G.,2,712,-33.89166667,151.22472222,NSW,-37.82,144.98333333
2021,Carlton,Sydney Showground,1,704,-33.84305556,151.06777778,NSW,-37.82,144.98333333
2021,Collingwood,Adelaide Oval,1,657,-34.91555556,138.59611111,SA,-37.82,144.98333333
2021,Collingwood,Docklands,4,3,-37.81638889,144.9475,VIC,-37.82,144.98333333
2021,Collingwood,Gabba,1,1373,-27.48583333,153.03805556,QLD,-37.82,144.98333333
2021,Collingwood,M.C.G.,13,0,-37.82,144.98333333,VIC,-37.82,144.98333333
2021,Collingwood,Perth Stadium,1,2721,-31.95111111,115.88916667,WA,-37.82,144.98333333
2021,Collingwood,S.C.G.,2,712,-33.89166667,151.22472222,NSW,-37.82,144.98333333
2021,Essendon,Adelaide Oval,1,654,-34.91555556,138.59611111,SA,-37.81638889,144.9475
2021,Essendon,Carrara,2,1343,-28.00638889,153.36722222,QLD,-37.81638889,144.9475
2021,Essendon,Docklands,6,0,-37.81638889,144.9475,VIC,-37.81638889,144.9475
2021,Essendon,Gabba,1,1375,-27.48583333,153.03805556,QLD,-37.81638889,144.9475
2021,Essendon,Kardinia Park,2,64,-38.15805556,144.35472222,VIC,-37.81638889,144.9475
2021,Essendon,M.C.G.,5,3,-37.82,144.98333333,VIC,-37.81638889,144.9475
2021,Essendon,Perth Stadium,2,2718,-31.95111111,115.88916667,WA,-37.81638889,144.9475
2021,Essendon,S.C.G.,1,714,-33.89166667,151.22472222,NSW,-37.81638889,144.9475
2021,Essendon,Sydney Showground,1,707,-33.84305556,151.06777778,NSW,-37.81638889,144.9475
2021,Essendon,York Park,2,443,-41.42583333,147.13888889,TAS,-37.81638889,144.9475
2021,Fremantle,Adelaide Oval,2,2128,-34.91555556,138.59611111,SA,-31.95111111,115.88916667
2021,Fremantle,Bellerive Oval,1,3012,-42.87722222,147.37361111,TAS,-31.95111111,115.88916667
2021,Fremantle,Carrara,1,3618,-28.00638889,153.36722222,QLD,-31.95111111,115.88916667
2021,Fremantle,Docklands,3,2718,-37.81638889,144.9475,VIC,-31.95111111,115.88916667
2021,Fremantle,Gabba,1,3604,-27.48583333,153.03805556,QLD,-31.95111111,115.88916667
2021,Fremantle,M.C.G.,2,2721,-37.82,144.98333333,VIC,-31.95111111,115.88916667
2021,Fremantle,Perth Stadium,11,0,-31.95111111,115.88916667,WA,-31.95111111,115.88916667
2021,Fremantle,York Park,1,2959,-41.42583333,147.13888889,TAS,-31.95111111,115.88916667
2021,Geelong,Adelaide Oval,3,628,-34.91555556,138.59611111,SA,-38.15805556,144.35472222
2021,Geelong,Bellerive Oval,1,583,-42.87722222,147.37361111,TAS,-38.15805556,144.35472222
2021,Geelong,Docklands,1,64,-37.81638889,144.9475,VIC,-38.15805556,144.35472222
2021,Geelong,Gabba,1,1436,-27.48583333,153.03805556,QLD,-38.15805556,144.35472222
2021,Geelong,Kardinia Park,9,0,-38.15805556,144.35472222,VIC,-38.15805556,144.35472222
2021,Geelong,M.C.G.,6,67,-37.82,144.98333333,VIC,-38.15805556,144.35472222
2021,Geelong,Perth Stadium,3,2670,-31.95111111,115.88916667,WA,-38.15805556,144.35472222
2021,Geelong,S.C.G.,1,779,-33.89166667,151.22472222,NSW,-38.15805556,144.35472222
2021,Gold Coast,Adelaide Oval,1,1595,-34.91555556,138.59611111,SA,-28.00638889,153.36722222
2021,Gold Coast,Bellerive Oval,1,1739,-42.87722222,147.37361111,TAS,-28.00638889,153.36722222
2021,Gold Coast,Carrara,7,0,-28.00638889,153.36722222,QLD,-28.00638889,153.36722222
2021,Gold Coast,Docklands,5,1343,-37.81638889,144.9475,VIC,-28.00638889,153.36722222
2021,Gold Coast,Eureka Stadium,1,1382,-37.53944444,143.84805556,VIC,-28.00638889,153.36722222
2021,Gold Coast,Gabba,1,66,-27.48583333,153.03805556,QLD,-28.00638889,153.36722222
2021,Gold Coast,Kardinia Park,2,1405,-38.15805556,144.35472222,VIC,-28.00638889,153.36722222
2021,Gold Coast,M.C.G.,1,1341,-37.82,144.98333333,VIC,-28.00638889,153.36722222
2021,Gold Coast,Perth Stadium,2,3618,-31.95111111,115.88916667,WA,-28.00638889,153.36722222
2021,Gold Coast,S.C.G.,1,686,-33.89166667,151.22472222,NSW,-28.00638889,153.36722222
2021,Greater Western Sydney,Adelaide Oval,1,1150,-34.91555556,138.59611111,SA,-33.84305556,151.06777778
2021,Greater Western Sydney,Bellerive Oval,1,1055,-42.87722222,147.37361111,TAS,-33.84305556,151.06777778
2021,Greater Western Sydney,Carrara,2,685,-28.00638889,153.36722222,QLD,-33.84305556,151.06777778
2021,Greater Western Sydney,Docklands,4,707,-37.81638889,144.9475,VIC,-33.84305556,151.06777778
2021,Greater Western Sydney,Eureka Stadium,1,770,-37.53944444,143.84805556,VIC,-33.84305556,151.06777778
2021,Greater Western Sydney,Gabba,1,732,-27.48583333,153.03805556,QLD,-33.84305556,151.06777778
2021,Greater Western Sydney,Kardinia Park,1,771,-38.15805556,144.35472222,VIC,-33.84305556,151.06777778
2021,Greater Western Sydney,M.C.G.,3,704,-37.82,144.98333333,VIC,-33.84305556,151.06777778
2021,Greater Western Sydney,Manuka Oval,2,241,-35.31805556,149.13472222,ACT,-33.84305556,151.06777778
2021,Greater Western Sydney,Perth Stadium,2,3275,-31.95111111,115.88916667,WA,-33.84305556,151.06777778
2021,Greater Western Sydney,S.C.G.,1,15,-33.89166667,151.22472222,NSW,-33.84305556,151.06777778
2021,Greater Western Sydney,Sydney Showground,4,0,-33.84305556,151.06777778,NSW,-33.84305556,151.06777778
2021,Greater Western Sydney,York Park,1,911,-41.42583333,147.13888889,TAS,-33.84305556,151.06777778
2021,Hawthorn,Docklands,4,3,-37.81638889,144.9475,VIC,-37.82,144.98333333
2021,Hawthorn,M.C.G.,9,0,-37.82,144.98333333,VIC,-37.82,144.98333333
2021,Hawthorn,Perth Stadium,1,2721,-31.95111111,115.88916667,WA,-37.82,144.98333333
2021,Hawthorn,S.C.G.,2,712,-33.89166667,151.22472222,NSW,-37.82,144.98333333
2021,Hawthorn,York Park,6,441,-41.42583333,147.13888889,TAS,-37.82,144.98333333
2021,Melbourne,Adelaide Oval,3,657,-34.91555556,138.59611111,SA,-37.82,144.98333333
2021,Melbourne,Bellerive Oval,1,598,-42.87722222,147.37361111,TAS,-37.82,144.98333333
2021,Melbourne,Docklands,3,3,-37.81638889,144.9475,VIC,-37.82,144.98333333
2021,Melbourne,Kardinia Park,1,67,-38.15805556,144.35472222,VIC,-37.82,144.98333333
2021,Melbourne,M.C.G.,11,0,-37.82,144.98333333,VIC,-37.82,144.98333333
2021,Melbourne,Manuka Oval,1,463,-35.31805556,149.13472222,ACT,-37.82,144.98333333
2021,Melbourne,Perth Stadium,3,2721,-31.95111111,115.88916667,WA,-37.82,144.98333333
2021,Melbourne,S.C.G.,1,712,-33.89166667,151.22472222,NSW,-37.82,144.98333333
2021,Melbourne,Sydney Showground,1,704,-33.84305556,151.06777778,NSW,-37.82,144.98333333
2021,North Melbourne,Adelaide Oval,1,654,-34.91555556,138.59611111,SA,-37.81638889,144.9475
2021,North Melbourne,Bellerive Oval,5,599,-42.87722222,147.37361111,TAS,-37.81638889,144.9475
2021,North Melbourne,Carrara,2,1343,-28.00638889,153.36722222,QLD,-37.81638889,144.9475
2021,North Melbourne,Docklands,9,0,-37.81638889,144.9475,VIC,-37.81638889,144.9475
2021,North Melbourne,Kardinia Park,1,64,-38.15805556,144.35472222,VIC,-37.81638889,144.9475
2021,North Melbourne,M.C.G.,1,3,-37.82,144.98333333,VIC,-37.81638889,144.9475
2021,North Melbourne,Perth Stadium,2,2718,-31.95111111,115.88916667,WA,-37.81638889,144.9475
2021,North Melbourne,York Park,1,443,-41.42583333,147.13888889,TAS,-37.81638889,144.9475
2021,Port Adelaide,Adelaide Oval,13,0,-34.91555556,138.59611111,SA,-34.91555556,138.59611111
2021,Port Adelaide,Carrara,1,1595,-28.00638889,153.36722222,QLD,-34.91555556,138.59611111
2021,Port Adelaide,Docklands,6,654,-37.81638889,144.9475,VIC,-34.91555556,138.59611111
2021,Port Adelaide,Gabba,1,1600,-27.48583333,153.03805556,QLD,-34.91555556,138.59611111
2021,Port Adelaide,M.C.G.,2,657,-37.82,144.98333333,VIC,-34.91555556,138.59611111
2021,Port Adelaide,Perth Stadium,1,2128,-31.95111111,115.88916667,WA,-34.91555556,138.59611111
2021,Richmond,Adelaide Oval,1,657,-34.91555556,138.59611111,SA,-37.82,144.98333333
2021,Richmond,Carrara,1,1341,-28.00638889,153.36722222,QLD,-37.82,144.98333333
2021,Richmond,Docklands,4,3,-37.81638889,144.9475,VIC,-37.82,144.98333333
2021,Richmond,Gabba,1,1373,-27.48583333,153.03805556,QLD,-37.82,144.98333333
2021,Richmond,M.C.G.,11,0,-37.82,144.98333333,VIC,-37.82,144.98333333
2021,Richmond,Perth Stadium,3,2721,-31.95111111,115.88916667,WA,-37.82,144.98333333
2021,Richmond,Sydney Showground,1,704,-33.84305556,151.06777778,NSW,-37.82,144.98333333
2021,St Kilda,Adelaide Oval,1,654,-34.91555556,138.59611111,SA,-37.81638889,144.9475
2021,St Kilda,Bellerive Oval,1,599,-42.87722222,147.37361111,TAS,-37.81638889,144.9475
2021,St Kilda,Carrara,2,1343,-28.00638889,153.36722222,QLD,-37.81638889,144.9475
2021,St Kilda,Cazaly's Stadium,1,2323,-16.93583333,145.74916667,QLD,-37.81638889,144.9475
2021,St Kilda,Docklands,11,0,-37.81638889,144.9475,VIC,-37.81638889,144.9475
2021,St Kilda,Kardinia Park,1,64,-38.15805556,144.35472222,VIC,-37.81638889,144.9475
2021,St Kilda,M.C.G.,2,3,-37.82,144.98333333,VIC,-37.81638889,144.9475
2021,St Kilda,Perth Stadium,1,2718,-31.95111111,115.88916667,WA,-37.81638889,144.9475
2021,St Kilda,S.C.G.,1,714,-33.89166667,151.22472222,NSW,-37.81638889,144.9475
2021,St Kilda,Sydney Showground,1,707,-33.84305556,151.06777778,NSW,-37.81638889,144.9475
2021,Sydney,Adelaide Oval,1,1163,-34.91555556,138.59611111,SA,-33.89166667,151.22472222
2021,Sydney,Carrara,3,686,-28.00638889,153.36722222,QLD,-33.89166667,151.22472222
2021,Sydney,Docklands,4,714,-37.81638889,144.9475,VIC,-33.89166667,151.22472222
2021,Sydney,Gabba,1,733,-27.48583333,153.03805556,QLD,-33.89166667,151.22472222
2021,Sydney,Kardinia Park,1,779,-38.15805556,144.35472222,VIC,-33.89166667,151.22472222
2021,Sydney,M.C.G.,3,712,-37.82,144.98333333,VIC,-33.89166667,151.22472222
2021,Sydney,Perth Stadium,1,3289,-31.95111111,115.88916667,WA,-33.89166667,151.22472222
2021,Sydney,S.C.G.,8,0,-33.89166667,151.22472222,NSW,-33.89166667,151.22472222
2021,Sydney,York Park,1,911,-41.42583333,147.13888889,TAS,-33.89166667,151.22472222
2021,West Coast,Adelaide Oval,1,2128,-34.91555556,138.59611111,SA,-31.95111111,115.88916667
2021,West Coast,Docklands,2,2718,-37.81638889,144.9475,VIC,-31.95111111,115.88916667
2021,West Coast,Gabba,1,3604,-27.48583333,153.03805556,QLD,-31.95111111,115.88916667
2021,West Coast,Kardinia Park,2,2670,-38.15805556,144.35472222,VIC,-31.95111111,115.88916667
2021,West Coast,M.C.G.,2,2721,-37.82,144.98333333,VIC,-31.95111111,115.88916667
2021,West Coast,Perth Stadium,12,0,-31.95111111,115.88916667,WA,-31.95111111,115.88916667
2021,West Coast,S.C.G.,1,3289,-33.89166667,151.22472222,NSW,-31.95111111,115.88916667
2021,West Coast,Sydney Showground,1,3275,-33.84305556,151.06777778,NSW,-31.95111111,115.88916667
2021,Western Bulldogs,Adelaide Oval,2,654,-34.91555556,138.59611111,SA,-37.81638889,144.9475
2021,Western Bulldogs,Carrara,1,1343,-28.00638889,153.36722222,QLD,-37.81638889,144.9475
2021,Western Bulldogs,Docklands,10,0,-37.81638889,144.9475,VIC,-37.81638889,144.9475
2021,Western Bulldogs,Eureka Stadium,2,102,-37.53944444,143.84805556,VIC,-37.81638889,144.9475
2021,Western Bulldogs,Gabba,1,1375,-27.48583333,153.03805556,QLD,-37.81638889,144.9475
2021,Western Bulldogs,Kardinia Park,1,64,-38.15805556,144.35472222,VIC,-37.81638889,144.9475
2021,Western Bulldogs,M.C.G.,3,3,-37.82,144.98333333,VIC,-37.81638889,144.9475
2021,Western Bulldogs,Manuka Oval,1,466,-35.31805556,149.13472222,ACT,-37.81638889,144.9475
2021,Western Bulldogs,Perth Stadium,3,2718,-31.95111111,115.88916667,WA,-37.81638889,144.9475
2021,Western Bulldogs,York Park,2,443,-41.42583333,147.13888889,TAS,-37.81638889,144.9475
2022,Adelaide,Adelaide Oval,12,0,-34.91555556,138.59611111,SA,-34.91555556,138.59611111
2022,Adelaide,Bellerive Oval,1,1165,-42.87722222,147.37361111,TAS,-34.91555556,138.59611111
2022,Adelaide,Carrara,1,1595,-28.00638889,153.36722222,QLD,-34.91555556,138.59611111
2022,Adelaide,Docklands,3,654,-37.81638889,144.9475,VIC,-34.91555556,138.59611111
2022,Adelaide,Eureka Stadium,1,554,-37.53944444,143.84805556,VIC,-34.91555556,138.59611111
2022,Adelaide,Kardinia Park,1,628,-38.15805556,144.35472222,VIC,-34.91555556,138.59611111
2022,Adelaide,M.C.G.,1,657,-37.82,144.98333333,VIC,-34.91555556,138.59611111
2022,Adelaide,Perth Stadium,1,2128,-31.95111111,115.88916667,WA,-34.91555556,138.59611111
2022,Adelaide,S.C.G.,1,1163,-33.89166667,151.22472222,NSW,-34.91555556,138.59611111
2022,Brisbane Lions,Adelaide Oval,1,1600,-34.91555556,138.59611111,SA,-27.48583333,153.03805556
2022,Brisbane Lions,Carrara,1,66,-28.00638889,153.36722222,QLD,-27.48583333,153.03805556
2022,Brisbane Lions,Docklands,2,1375,-37.81638889,144.9475,VIC,-27.48583333,153.03805556
2022,Brisbane Lions,Gabba,12,0,-27.48583333,153.03805556,QLD,-27.48583333,153.03805556
2022,Brisbane Lions,Kardinia Park,1,1436,-38.15805556,144.35472222,VIC,-27.48583333,153.03805556
2022,Brisbane Lions,M.C.G.,4,1373,-37.82,144.98333333,VIC,-27.48583333,153.03805556
2022,Brisbane Lions,Manuka Oval,1,946,-35.31805556,149.13472222,ACT,-27.48583333,153.03805556
2022,Brisbane Lions,Perth Stadium,1,3604,-31.95111111,115.88916667,WA,-27.48583333,153.03805556
2022,Brisbane Lions,S.C.G.,1,733,-33.89166667,151.22472222,NSW,-27.48583333,153.03805556
2022,Brisbane Lions,York Park,1,1641,-41.42583333,147.13888889,TAS,-27.48583333,153.03805556
2022,Carlton,Adelaide Oval,1,657,-34.91555556,138.59611111,SA,-37.82,144.98333333
2022,Carlton,Carrara,1,1341,-28.00638889,153.36722222,QLD,-37.82,144.98333333
2022,Carlton,Docklands,7,3,-37.81638889,144.9475,VIC,-37.82,144.98333333
2022,Carlton,Gabba,1,1373,-27.48583333,153.03805556,QLD,-37.82,144.98333333
2022,Carlton,M.C.G.,9,0,-37.82,144.98333333,VIC,-37.82,144.98333333
2022,Carlton,Perth Stadium,2,2721,-31.95111111,115.88916667,WA,-37.82,144.98333333
2022,Carlton,Sydney Showground,1,704,-33.84305556,151.06777778,NSW,-37.82,144.98333333
2022,Collingwood,Adelaide Oval,1,657,-34.91555556,138.59611111,SA,-37.82,144.98333333
2022,Collingwood,Carrara,1,1341,-28.00638889,153.36722222,QLD,-37.82,144.98333333
2022,Collingwood,Docklands,3,3,-37.81638889,144.9475,VIC,-37.82,144.98333333
2022,Collingwood,Gabba,1,1373,-27.48583333,153.03805556,QLD,-37.82,144.98333333
2022,Collingwood,M.C.G.,16,0,-37.82,144.98333333,VIC,-37.82,144.98333333
2022,Collingwood,Perth Stadium,1,2721,-31.95111111,115.88916667,WA,-37.82,144.98333333
2022,Collingwood,S.C.G.,2,712,-33.89166667,151.22472222,NSW,-37.82,144.98333333
2022,Essendon,Adelaide Oval,1,654,-34.91555556,138.59611111,SA,-37.81638889,144.9475
2022,Essendon,Docklands,9,0,-37.81638889,144.9475,VIC,-37.81638889,144.9475
2022,Essendon,Gabba,1,1375,-27.48583333,153.03805556,QLD,-37.81638889,144.9475
2022,Essendon,M.C.G.,8,3,-37.82,144.98333333,VIC,-37.81638889,144.9475
2022,Essendon,Perth Stadium,1,2718,-31.95111111,115.88916667,WA,-37.81638889,144.9475
2022,Essendon,S.C.G.,1,714,-33.89166667,151.22472222,NSW,-37.81638889,144.9475
2022,Essendon,Sydney Showground,1,707,-33.84305556,151.06777778,NSW,-37.81638889,144.9475
2022,Fremantle,Adelaide Oval,1,2128,-34.91555556,138.59611111,SA,-31.95111111,115.88916667
2022,Fremantle,Carrara,1,3618,-28.00638889,153.36722222,QLD,-31.95111111,115.88916667
2022,Fremantle,Docklands,5,2718,-37.81638889,144.9475,VIC,-31.95111111,115.88916667
2022,Fremantle,Kardinia Park,1,2670,-38.15805556,144.35472222,VIC,-31.95111111,115.88916667
2022,Fremantle,M.C.G.,2,2721,-37.82,144.98333333,VIC,-31.95111111,115.88916667
2022,Fremantle,Manuka Oval,1,3086,-35.31805556,149.13472222,ACT,-31.95111111,115.88916667
2022,Fremantle,Perth Stadium,13,0,-31.95111111,115.88916667,WA,-31.95111111,115.88916667
2022,Geelong,Adelaide Oval,1,628,-34.91555556,138.59611111,SA,-38.15805556,144.35472222
2022,Geelong,Bellerive Oval,1,583,-42.87722222,147.37361111,TAS,-38.15805556,144.35472222
2022,Geelong,Carrara,1,1405,-28.00638889,153.36722222,QLD,-38.15805556,144.35472222
2022,Geelong,Docklands,2,64,-37.81638889,144.9475,VIC,-38.15805556,144.35472222
2022,Geelong,Kardinia Park,9,0,-38.15805556,144.35472222,VIC,-38.15805556,144.35472222
2022,Geelong,M.C.G.,8,67,-37.82,144.98333333,VIC,-38.15805556,144.35472222
2022,Geelong,Manuka Oval,1,530,-35.31805556,149.13472222,ACT,-38.15805556,144.35472222
2022,Geelong,Perth Stadium,1,2670,-31.95111111,115.88916667,WA,-38.15805556,144.35472222
2022,Geelong,S.C.G.,1,779,-33.89166667,151.22472222,NSW,-38.15805556,144.35472222
2022,Gold Coast,Adelaide Oval,1,1595,-34.91555556,138.59611111,SA,-28.00638889,153.36722222
2022,Gold Coast,Carrara,9,0,-28.00638889,153.36722222,QLD,-28.00638889,153.36722222
2022,Gold Coast,Docklands,3,1343,-37.81638889,144.9475,VIC,-28.00638889,153.36722222
2022,Gold Coast,Eureka Stadium,1,1382,-37.53944444,143.84805556,VIC,-28.00638889,153.36722222
2022,Gold Coast,Gabba,1,66,-27.48583333,153.03805556,QLD,-28.00638889,153.36722222
2022,Gold Coast,M.C.G.,1,1341,-37.82,144.98333333,VIC,-28.00638889,153.36722222
2022,Gold Coast,Marrara Oval,2,2908,-12.39916667,130.88722222,NT,-28.00638889,153.36722222
2022,Gold Coast,Perth Stadium,1,3618,-31.95111111,115.88916667,WA,-28.00638889,153.36722222
2022,Gold Coast,S.C.G.,1,686,-33.89166667,151.22472222,NSW,-28.00638889,153.36722222
2022,Gold Coast,Sydney Showground,1,685,-33.84305556,151.06777778,NSW,-28.00638889,153.36722222
2022,Gold Coast,York Park,1,1596,-41.42583333,147.13888889,TAS,-28.00638889,153.36722222
2022,Greater Western Sydney,Adelaide Oval,2,1150,-34.91555556,138.59611111,SA,-33.84305556,151.06777778
2022,Greater Western Sydney,Docklands,3,707,-37.81638889,144.9475,VIC,-33.84305556,151.06777778
2022,Greater Western Sydney,Gabba,1,732,-27.48583333,153.03805556,QLD,-33.84305556,151.06777778
2022,Greater Western Sydney,M.C.G.,3,704,-37.82,144.98333333,VIC,-33.84305556,151.06777778
2022,Greater Western Sydney,Manuka Oval,4,241,-35.31805556,149.13472222,ACT,-33.84305556,151.06777778
2022,Greater Western Sydney,Perth Stadium,1,3275,-31.95111111,115.88916667,WA,-33.84305556,151.06777778
2022,Greater Western Sydney,S.C.G.,1,15,-33.89166667,151.22472222,NSW,-33.84305556,151.06777778
2022,Greater Western Sydney,Stadium Australia,1,1,-33.84722222,151.06305556,NSW,-33.84305556,151.06777778
2022,Greater Western Sydney,Sydney Showground,6,0,-33.84305556,151.06777778,NSW,-33.84305556,151.06777778
2022,Hawthorn,Adelaide Oval,1,657,-34.91555556,138.59611111,SA,-37.82,144.98333333
2022,Hawthorn,Bellerive Oval,1,598,-42.87722222,147.37361111,TAS,-37.82,144.98333333
2022,Hawthorn,Docklands,4,3,-37.81638889,144.9475,VIC,-37.82,144.98333333
2022,Hawthorn,M.C.G.,9,0,-37.82,144.98333333,VIC,-37.82,144.98333333
2022,Hawthorn,Marrara Oval,1,3154,-12.39916667,130.88722222,NT,-37.82,144.98333333
2022,Hawthorn,Perth Stadium,1,2721,-31.95111111,115.88916667,WA,-37.82,144.98333333
2022,Hawthorn,Sydney Showground,1,704,-33.84305556,151.06777778,NSW,-37.82,144.98333333
2022,Hawthorn,York Park,4,441,-41.42583333,147.13888889,TAS,-37.82,144.98333333
2022,Melbourne,Adelaide Oval,2,657,-34.91555556,138.59611111,SA,-37.82,144.98333333
2022,Melbourne,Carrara,1,1341,-28.00638889,153.36722222,QLD,-37.82,144.98333333
2022,Melbourne,Docklands,2,3,-37.81638889,144.9475,VIC,-37.82,144.98333333
2022,Melbourne,Gabba,1,1373,-27.48583333,153.03805556,QLD,-37.82,144.98333333
2022,Melbourne,Kardinia Park,1,67,-38.15805556,144.35472222,VIC,-37.82,144.98333333
2022,Melbourne,M.C.G.,14,0,-37.82,144.98333333,VIC,-37.82,144.98333333
2022,Melbourne,Perth Stadium,2,2721,-31.95111111,115.88916667,WA,-37.82,144.98333333
2022,Melbourne,Traeger Park,1,1891,-23.709,133.8751,NT,-37.82,144.98333333
2022,North Melbourne,Adelaide Oval,1,654,-34.91555556,138.59611111,SA,-37.81638889,144.9475
2022,North Melbourne,Bellerive Oval,4,599,-42.87722222,147.37361111,TAS,-37.81638889,144.9475
2022,North Melbourne,Docklands,10,0,-37.81638889,144.9475,VIC,-37.81638889,144.9475
2022,North Melbourne,Gabba,1,1375,-27.48583333,153.03805556,QLD,-37.81638889,144.9475
2022,North Melbourne,Kardinia Park,1,64,-38.15805556,144.35472222,VIC,-37.81638889,144.9475
2022,North Melbourne,M.C.G.,2,3,-37.82,144.98333333,VIC,-37.81638889,144.9475
2022,North Melbourne,Marrara Oval,1,3152,-12.39916667,130.88722222,NT,-37.81638889,144.9475
2022,North Melbourne,Perth Stadium,1,2718,-31.95111111,115.88916667,WA,-37.81638889,144.9475
2022,North Melbourne,S.C.G.,1,714,-33.89166667,151.22472222,NSW,-37.81638889,144.9475
2022,Port Adelaide,Adelaide Oval,12,0,-34.91555556,138.59611111,SA,-34.91555556,138.59611111
2022,Port Adelaide,Bellerive Oval,1,1165,-42.87722222,147.37361111,TAS,-34.91555556,138.59611111
2022,Port Adelaide,Cazaly's Stadium,1,2122,-16.93583333,145.74916667,QLD,-34.91555556,138.59611111
2022,Port Adelaide,Docklands,1,654,-37.81638889,144.9475,VIC,-34.91555556,138.59611111
2022,Port Adelaide,Gabba,1,1600,-27.48583333,153.03805556,QLD,-34.91555556,138.59611111
2022,Port Adelaide,Kardinia Park,1,628,-38.15805556,144.35472222,VIC,-34.91555556,138.59611111
2022,Port Adelaide,M.C.G.,3,657,-37.82,144.98333333,VIC,-34.91555556,138.59611111
2022,Port Adelaide,Perth Stadium,1,2128,-31.95111111,115.88916667,WA,-34.91555556,138.59611111
2022,Port Adelaide,Traeger Park,1,1327,-23.709,133.8751,NT,-34.91555556,138.59611111
2022,Richmond,Adelaide Oval,2,657,-34.91555556,138.59611111,SA,-37.82,144.98333333
2022,Richmond,Carrara,1,1341,-28.00638889,153.36722222,QLD,-37.82,144.98333333
2022,Richmond,Docklands,3,3,-37.81638889,144.9475,VIC,-37.82,144.98333333
2022,Richmond,Gabba,1,1373,-27.48583333,153.03805556,QLD,-37.82,144.98333333
2022,Richmond,M.C.G.,14,0,-37.82,144.98333333,VIC,-37.82,144.98333333
2022,Richmond,Perth Stadium,1,2721,-31.95111111,115.88916667,WA,-37.82,144.98333333
2022,Richmond,S.C.G.,1,712,-33.89166667,151.22472222,NSW,-37.82,144.98333333
2022,St Kilda,Adelaide Oval,1,654,-34.91555556,138.59611111,SA,-37.81638889,144.9475
2022,St Kilda,Cazaly's Stadium,1,2323,-16.93583333,145.74916667,QLD,-37.81638889,144.9475
2022,St Kilda,Docklands,12,0,-37.81638889,144.9475,VIC,-37.81638889,144.9475
2022,St Kilda,Gabba,1,1375,-27.48583333,153.03805556,QLD,-37.81638889,144.9475
2022,St Kilda,Kardinia Park,1,64,-38.15805556,144.35472222,VIC,-37.81638889,144.9475
2022,St Kilda,M.C.G.,2,3,-37.82,144.98333333,VIC,-37.81638889,144.9475
2022,St Kilda,Manuka Oval,1,466,-35.31805556,149.13472222,ACT,-37.81638889,144.9475
2022,St Kilda,Perth Stadium,2,2718,-31.95111111,115.88916667,WA,-37.81638889,144.9475
2022,St Kilda,S.C.G.,1,714,-33.89166667,151.22472222,NSW,-37.81638889,144.9475
2022,Sydney,Adelaide Oval,1,1163,-34.91555556,138.59611111,SA,-33.89166667,151.22472222
2022,Sydney,Docklands,4,714,-37.81638889,144.9475,VIC,-33.89166667,151.22472222
2022,Sydney,M.C.G.,4,712,-37.82,144.98333333,VIC,-33.89166667,151.22472222
2022,Sydney,Perth Stadium,2,3289,-31.95111111,115.88916667,WA,-33.89166667,151.22472222
2022,Sydney,S.C.G.,12,0,-33.89166667,151.22472222,NSW,-33.89166667,151.22472222
2022,Sydney,Stadium Australia,1,16,-33.84722222,151.06305556,NSW,-33.89166667,151.22472222
2022,Sydney,York Park,1,911,-41.42583333,147.13888889,TAS,-33.89166667,151.22472222
2022,West Coast,Adelaide Oval,2,2128,-34.91555556,138.59611111,SA,-31.95111111,115.88916667
2022,West Coast,Carrara,1,3618,-28.00638889,153.36722222,QLD,-31.95111111,115.88916667
2022,West Coast,Docklands,2,2718,-37.81638889,144.9475,VIC,-31.95111111,115.88916667
2022,West Coast,Gabba,1,3604,-27.48583333,153.03805556,QLD,-31.95111111,115.88916667
2022,West Coast,Kardinia Park,1,2670,-38.15805556,144.35472222,VIC,-31.95111111,115.88916667
2022,West Coast,M.C.G.,2,2721,-37.82,144.98333333,VIC,-31.95111111,115.88916667
2022,West Coast,Perth Stadium,12,0,-31.95111111,115.88916667,WA,-31.95111111,115.88916667
2022,West Coast,Sydney Showground,1,3275,-33.84305556,151.06777778,NSW,-31.95111111,115.88916667
2022,Western Bulldogs,Adelaide Oval,1,654,-34.91555556,138.59611111,SA,-37.81638889,144.9475
2022,Western Bulldogs,Docklands,11,0,-37.81638889,144.9475,VIC,-37.81638889,144.9475
2022,Western Bulldogs,Eureka Stadium,2,102,-37.53944444,143.84805556,VIC,-37.81638889,144.9475
2022,Western Bulldogs,Gabba,1,1375,-27.48583333,153.03805556,QLD,-37.81638889,144.9475
2022,Western Bulldogs,Kardinia Park,1,64,-38.15805556,144.35472222,VIC,-37.81638889,144.9475
2022,Western Bulldogs,M.C.G.,2,3,-37.82,144.98333333,VIC,-37.81638889,144.9475
2022,Western Bulldogs,Perth Stadium,2,2718,-31.95111111,115.88916667,WA,-37.81638889,144.9475
2022,Western Bulldogs,S.C.G.,1,714,-33.89166667,151.22472222,NSW,-37.81638889,144.9475
2022,Western Bulldogs,Sydney Showground,1,707,-33.84305556,151.06777778,NSW,-37.81638889,144.9475
2022,Western Bulldogs,York Park,1,443,-41.42583333,147.13888889,TAS,-37.81638889,144.9475
2023,Adelaide,Adelaide Oval,13,0,-34.91555556,138.59611111,SA,-34.91555556,138.59611111
2023,Adelaide,Docklands,1,654,-37.81638889,144.9475,VIC,-34.91555556,138.59611111
2023,Adelaide,Eureka Stadium,1,554,-37.53944444,143.84805556,VIC,-34.91555556,138.59611111
2023,Adelaide,Gabba,1,1600,-27.48583333,153.03805556,QLD,-34.91555556,138.59611111
2023,Adelaide,Kardinia Park,1,628,-38.15805556,144.35472222,VIC,-34.91555556,138.59611111
2023,Adelaide,M.C.G.,2,657,-37.82,144.98333333,VIC,-34.91555556,138.59611111
2023,Adelaide,Marrara Oval,1,2622,-12.39916667,130.88722222,NT,-34.91555556,138.59611111
2023,Adelaide,Perth Stadium,1,2128,-31.95111111,115.88916667,WA,-34.91555556,138.59611111
2023,Adelaide,Sydney Showground,1,1150,-33.84305556,151.06777778,NSW,-34.91555556,138.59611111
2023,Adelaide,York Park,1,1039,-41.42583333,147.13888889,TAS,-34.91555556,138.59611111
2023,Brisbane Lions,Adelaide Oval,2,1600,-34.91555556,138.59611111,SA,-27.48583333,153.03805556
2023,Brisbane Lions,Carrara,1,66,-28.00638889,153.36722222,QLD,-27.48583333,153.03805556
2023,Brisbane Lions,Docklands,4,1375,-37.81638889,144.9475,VIC,-27.48583333,153.03805556
2023,Brisbane Lions,Gabba,13,0,-27.48583333,153.03805556,QLD,-27.48583333,153.03805556
2023,Brisbane Lions,M.C.G.,3,1373,-37.82,144.98333333,VIC,-27.48583333,153.03805556
2023,Brisbane Lions,Manuka Oval,1,946,-35.31805556,149.13472222,ACT,-27.48583333,153.03805556
2023,Brisbane Lions,Perth Stadium,1,3604,-31.95111111,115.88916667,WA,-27.48583333,153.03805556
2023,Brisbane Lions,Summit Sports Park,1,1585,-35.07805556,138.89333333,SA,-27.48583333,153.03805556
2023,Carlton,Adelaide Oval,1,657,-34.91555556,138.59611111,SA,-37.82,144.98333333
2023,Carlton,Carrara,1,1341,-28.00638889,153.36722222,QLD,-37.82,144.98333333
2023,Carlton,Docklands,8,3,-37.81638889,144.9475,VIC,-37.82,144.98333333
2023,Carlton,Gabba,1,1373,-27.48583333,153.03805556,QLD,-37.82,144.98333333
2023,Carlton,M.C.G.,11,0,-37.82,144.98333333,VIC,-37.82,144.98333333
2023,Carlton,Perth Stadium,2,2721,-31.95111111,115.88916667,WA,-37.82,144.98333333
2023,Carlton,S.C.G.,1,712,-33.89166667,151.22472222,NSW,-37.82,144.98333333
2023,Carlton,Sydney Showground,1,704,-33.84305556,151.06777778,NSW,-37.82,144.98333333
2023,Collingwood,Adelaide Oval,3,657,-34.91555556,138.59611111,SA,-37.82,144.98333333
2023,Collingwood,Carrara,1,1341,-28.00638889,153.36722222,QLD,-37.82,144.98333333
2023,Collingwood,Docklands,3,3,-37.81638889,144.9475,VIC,-37.82,144.98333333
2023,Collingwood,Gabba,1,1373,-27.48583333,153.03805556,QLD,-37.82,144.98333333
2023,Collingwood,M.C.G.,17,0,-37.82,144.98333333,VIC,-37.82,144.98333333
2023,Collingwood,Perth Stadium,1,2721,-31.95111111,115.88916667,WA,-37.82,144.98333333
2023,Essendon,Adelaide Oval,2,654,-34.91555556,138.59611111,SA,-37.81638889,144.9475
2023,Essendon,Docklands,8,0,-37.81638889,144.9475,VIC,-37.81638889,144.9475
2023,Essendon,Gabba,1,1375,-27.48583333,153.03805556,QLD,-37.81638889,144.9475
2023,Essendon,Kardinia Park,1,64,-38.15805556,144.35472222,VIC,-37.81638889,144.9475
2023,Essendon,M.C.G.,8,3,-37.82,144.98333333,VIC,-37.81638889,144.9475
2023,Essendon,Perth Stadium,2,2718,-31.95111111,115.88916667,WA,-37.81638889,144.9475
2023,Essendon,Sydney Showground,1,707,-33.84305556,151.06777778,NSW,-37.81638889,144.9475
2023,Fremantle,Adelaide Oval,1,2128,-34.91555556,138.59611111,SA,-31.95111111,115.88916667
2023,Fremantle,Docklands,2,2718,-37.81638889,144.9475,VIC,-31.95111111,115.88916667
2023,Fremantle,Gabba,1,3604,-27.48583333,153.03805556,QLD,-31.95111111,115.88916667
2023,Fremantle,Kardinia Park,1,2670,-38.15805556,144.35472222,VIC,-31.95111111,115.88916667
2023,Fremantle,M.C.G.,3,2721,-37.82,144.98333333,VIC,-31.95111111,115.88916667
2023,Fremantle,Norwood Oval,1,2131,-34.91972222,138.63055556,SA,-31.95111111,115.88916667
2023,Fremantle,Perth Stadium,12,0,-31.95111111,115.88916667,WA,-31.95111111,115.88916667
2023,Fremantle,S.C.G.,1,3289,-33.89166667,151.22472222,NSW,-31.95111111,115.88916667
2023,Fremantle,Sydney Showground,1,3275,-33.84305556,151.06777778,NSW,-31.95111111,115.88916667
2023,Geelong,Adelaide Oval,2,628,-34.91555556,138.59611111,SA,-38.15805556,144.35472222
2023,Geelong,Carrara,1,1405,-28.00638889,153.36722222,QLD,-38.15805556,144.35472222
2023,Geelong,Docklands,2,64,-37.81638889,144.9475,VIC,-38.15805556,144.35472222
2023,Geelong,Gabba,1,1436,-27.48583333,153.03805556,QLD,-38.15805556,144.35472222
2023,Geelong,Kardinia Park,9,0,-38.15805556,144.35472222,VIC,-38.15805556,144.35472222
2023,Geelong,M.C.G.,6,67,-37.82,144.98333333,VIC,-38.15805556,144.35472222
2023,Geelong,Perth Stadium,1,2670,-31.95111111,115.88916667,WA,-38.15805556,144.35472222
2023,Geelong,S.C.G.,1,779,-33.89166667,151.22472222,NSW,-38.15805556,144.35472222
2023,Gold Coast,Adelaide Oval,2,1595,-34.91555556,138.59611111,SA,-28.00638889,153.36722222
2023,Gold Coast,Bellerive Oval,1,1739,-42.87722222,147.37361111,TAS,-28.00638889,153.36722222
2023,Gold Coast,Carrara,9,0,-28.00638889,153.36722222,QLD,-28.00638889,153.36722222
2023,Gold Coast,Docklands,3,1343,-37.81638889,144.9475,VIC,-28.00638889,153.36722222
2023,Gold Coast,Gabba,1,66,-27.48583333,153.03805556,QLD,-28.00638889,153.36722222
2023,Gold Coast,M.C.G.,1,1341,-37.82,144.98333333,VIC,-28.00638889,153.36722222
2023,Gold Coast,Manuka Oval,1,906,-35.31805556,149.13472222,ACT,-28.00638889,153.36722222
2023,Gold Coast,Marrara Oval,2,2908,-12.39916667,130.88722222,NT,-28.00638889,153.36722222
2023,Gold Coast,Norwood Oval,1,1593,-34.91972222,138.63055556,SA,-28.00638889,153.36722222
2023,Gold Coast,Perth Stadium,1,3618,-31.95111111,115.88916667,WA,-28.00638889,153.36722222
2023,Gold Coast,S.C.G.,1,686,-33.89166667,151.22472222,NSW,-28.00638889,153.36722222
2023,Greater Western Sydney,Adelaide Oval,3,1150,-34.91555556,138.59611111,SA,-33.84305556,151.06777778
2023,Greater Western Sydney,Bellerive Oval,1,1055,-42.87722222,147.37361111,TAS,-33.84305556,151.06777778
2023,Greater Western Sydney,Docklands,2,707,-37.81638889,144.9475,VIC,-33.84305556,151.06777778
2023,Greater Western Sydney,Eureka Stadium,1,770,-37.53944444,143.84805556,VIC,-33.84305556,151.06777778
2023,Greater Western Sydney,Kardinia Park,1,771,-38.15805556,144.35472222,VIC,-33.84305556,151.06777778
2023,Greater Western Sydney,M.C.G.,3,704,-37.82,144.98333333,VIC,-33.84305556,151.06777778
2023,Greater Western Sydney,Manuka Oval,3,241,-35.31805556,149.13472222,ACT,-33.84305556,151.06777778
2023,Greater Western Sydney,Norwood Oval,1,1147,-34.91972222,138.63055556,SA,-33.84305556,151.06777778
2023,Greater Western Sydney,Perth Stadium,1,3275,-31.95111111,115.88916667,WA,-33.84305556,151.06777778
2023,Greater Western Sydney,S.C.G.,1,15,-33.89166667,151.22472222,NSW,-33.84305556,151.06777778
2023,Greater Western Sydney,Sydney Showground,8,0,-33.84305556,151.06777778,NSW,-33.84305556,151.06777778
2023,Greater Western Sydney,Traeger Park,1,2015,-23.709,133.8751,NT,-33.84305556,151.06777778
2023,Hawthorn,Adelaide Oval,1,657,-34.91555556,138.59611111,SA,-37.82,144.98333333
2023,Hawthorn,Carrara,1,1341,-28.00638889,153.36722222,QLD,-37.82,144.98333333
2023,Hawthorn,Docklands,4,3,-37.81638889,144.9475,VIC,-37.82,144.98333333
2023,Hawthorn,M.C.G.,9,0,-37.82,144.98333333,VIC,-37.82,144.98333333
2023,Hawthorn,Norwood Oval,1,654,-34.91972222,138.63055556,SA,-37.82,144.98333333
2023,Hawthorn,Perth Stadium,1,2721,-31.95111111,115.88916667,WA,-37.82,144.98333333
2023,Hawthorn,S.C.G.,1,712,-33.89166667,151.22472222,NSW,-37.82,144.98333333
2023,Hawthorn,Sydney Showground,1,704,-33.84305556,151.06777778,NSW,-37.82,144.98333333
2023,Hawthorn,York Park,4,441,-41.42583333,147.13888889,TAS,-37.82,144.98333333
2023,Melbourne,Adelaide Oval,2,657,-34.91555556,138.59611111,SA,-37.82,144.98333333
2023,Melbourne,Bellerive Oval,1,598,-42.87722222,147.37361111,TAS,-37.82,144.98333333
2023,Melbourne,Carrara,1,1341,-28.00638889,153.36722222,QLD,-37.82,144.98333333
2023,Melbourne,Docklands,1,3,-37.81638889,144.9475,VIC,-37.82,144.98333333
2023,Melbourne,Gabba,1,1373,-27.48583333,153.03805556,QLD,-37.82,144.98333333
2023,Melbourne,Kardinia Park,1,67,-38.15805556,144.35472222,VIC,-37.82,144.98333333
2023,Melbourne,M.C.G.,15,0,-37.82,144.98333333,VIC,-37.82,144.98333333
2023,Melbourne,Perth Stadium,1,2721,-31.95111111,115.88916667,WA,-37.82,144.98333333
2023,Melbourne,S.C.G.,1,712,-33.89166667,151.22472222,NSW,-37.82,144.98333333
2023,Melbourne,Traeger Park,1,1891,-23.709,133.8751,NT,-37.82,144.98333333
2023,North Melbourne,Adelaide Oval,1,654,-34.91555556,138.59611111,SA,-37.81638889,144.9475
2023,North Melbourne,Bellerive Oval,4,599,-42.87722222,147.37361111,TAS,-37.81638889,144.9475
2023,North Melbourne,Carrara,1,1343,-28.00638889,153.36722222,QLD,-37.81638889,144.9475
2023,North Melbourne,Docklands,10,0,-37.81638889,144.9475,VIC,-37.81638889,144.9475
2023,North Melbourne,Kardinia Park,1,64,-38.15805556,144.35472222,VIC,-37.81638889,144.9475
2023,North Melbourne,M.C.G.,2,3,-37.82,144.98333333,VIC,-37.81638889,144.9475
2023,North Melbourne,Perth Stadium,2,2718,-31.95111111,115.88916667,WA,-37.81638889,144.9475
2023,North Melbourne,Summit Sports Park,1,621,-35.07805556,138.89333333,SA,-37.81638889,144.9475
2023,North Melbourne,York Park,1,443,-41.42583333,147.13888889,TAS,-37.81638889,144.9475
2023,Port Adelaide,Adelaide Oval,14,0,-34.91555556,138.59611111,SA,-34.91555556,138.59611111
2023,Port Adelaide,Bellerive Oval,1,1165,-42.87722222,147.37361111,TAS,-34.91555556,138.59611111
2023,Port Adelaide,Docklands,3,654,-37.81638889,144.9475,VIC,-34.91555556,138.59611111
2023,Port Adelaide,Gabba,1,1600,-27.48583333,153.03805556,QLD,-34.91555556,138.59611111
2023,Port Adelaide,Kardinia Park,1,628,-38.15805556,144.35472222,VIC,-34.91555556,138.59611111
2023,Port Adelaide,M.C.G.,3,657,-37.82,144.98333333,VIC,-34.91555556,138.59611111
2023,Port Adelaide,Perth Stadium,1,2128,-31.95111111,115.88916667,WA,-34.91555556,138.59611111
2023,Port Adelaide,S.C.G.,1,1163,-33.89166667,151.22472222,NSW,-34.91555556,138.59611111
2023,Richmond,Adelaide Oval,3,657,-34.91555556,138.59611111,SA,-37.82,144.98333333
2023,Richmond,Docklands,3,3,-37.81638889,144.9475,VIC,-37.82,144.98333333
2023,Richmond,Gabba,1,1373,-27.48583333,153.03805556,QLD,-37.82,144.98333333
2023,Richmond,M.C.G.,13,0,-37.82,144.98333333,VIC,-37.82,144.98333333
2023,Richmond,Perth Stadium,2,2721,-31.95111111,115.88916667,WA,-37.82,144.98333333
2023,Richmond,Sydney Showground,1,704,-33.84305556,151.06777778,NSW,-37.82,144.98333333
2023,St Kilda,Adelaide Oval,2,654,-34.91555556,138.59611111,SA,-37.81638889,144.9475
2023,St Kilda,Carrara,1,1343,-28.00638889,153.36722222,QLD,-37.81638889,144.9475
2023,St Kilda,Docklands,14,0,-37.81638889,144.9475,VIC,-37.81638889,144.9475
2023,St Kilda,Gabba,1,1375,-27.48583333,153.03805556,QLD,-37.81638889,144.9475
2023,St Kilda,M.C.G.,3,3,-37.82,144.98333333,VIC,-37.81638889,144.9475
2023,St Kilda,Perth Stadium,1,2718,-31.95111111,115.88916667,WA,-37.81638889,144.9475
2023,St Kilda,S.C.G.,1,714,-33.89166667,151.22472222,NSW,-37.81638889,144.9475
2023,St Kilda,Sydney Showground,1,707,-33.84305556,151.06777778,NSW,-37.81638889,144.9475
2023,Sydney,Adelaide Oval,2,1163,-34.91555556,138.59611111,SA,-33.89166667,151.22472222
2023,Sydney,Carrara,1,686,-28.00638889,153.36722222,QLD,-33.89166667,151.22472222
2023,Sydney,Docklands,2,714,-37.81638889,144.9475,VIC,-33.89166667,151.22472222
2023,Sydney,Gabba,1,733,-27.48583333,153.03805556,QLD,-33.89166667,151.22472222
2023,Sydney,Kardinia Park,1,779,-38.15805556,144.35472222,VIC,-33.89166667,151.22472222
2023,Sydney,M.C.G.,4,712,-37.82,144.98333333,VIC,-33.89166667,151.22472222
2023,Sydney,Perth Stadium,1,3289,-31.95111111,115.88916667,WA,-33.89166667,151.22472222
2023,Sydney,S.C.G.,11,0,-33.89166667,151.22472222,NSW,-33.89166667,151.22472222
2023,Sydney,Sydney Showground,1,15,-33.84305556,151.06777778,NSW,-33.89166667,151.22472222
2023,West Coast,Adelaide Oval,3,2128,-34.91555556,138.59611111,SA,-31.95111111,115.88916667
2023,West Coast,Docklands,4,2718,-37.81638889,144.9475,VIC,-31.95111111,115.88916667
2023,West Coast,Gabba,1,3604,-27.48583333,153.03805556,QLD,-31.95111111,115.88916667
2023,West Coast,M.C.G.,1,2721,-37.82,144.98333333,VIC,-31.95111111,115.88916667
2023,West Coast,Perth Stadium,12,0,-31.95111111,115.88916667,WA,-31.95111111,115.88916667
2023,West Coast,S.C.G.,1,3289,-33.89166667,151.22472222,NSW,-31.95111111,115.88916667
2023,West Coast,York Park,1,2959,-41.42583333,147.13888889,TAS,-31.95111111,115.88916667
2023,Western Bulldogs,Adelaide Oval,1,654,-34.91555556,138.59611111,SA,-37.81638889,144.9475
2023,Western Bulldogs,Docklands,12,0,-37.81638889,144.9475,VIC,-37.81638889,144.9475
2023,Western Bulldogs,Eureka Stadium,2,102,-37.53944444,143.84805556,VIC,-37.81638889,144.9475
2023,Western Bulldogs,Kardinia Park,1,64,-38.15805556,144.35472222,VIC,-37.81638889,144.9475
2023,Western Bulldogs,M.C.G.,2,3,-37.82,144.98333333,VIC,-37.81638889,144.9475
2023,Western Bulldogs,Manuka Oval,1,466,-35.31805556,149.13472222,ACT,-37.81638889,144.9475
2023,Western Bulldogs,Marrara Oval,1,3152,-12.39916667,130.88722222,NT,-37.81638889,144.9475
2023,Western Bulldogs,Perth Stadium,1,2718,-31.95111111,115.88916667,WA,-37.81638889,144.9475
2023,Western Bulldogs,S.C.G.,1,714,-33.89166667,151.22472222,NSW,-37.81638889,144.9475
2023,Western Bulldogs,York Park,1,443,-41.42583333,147.13888889,TAS,-37.81638889,144.9475
2024,Adelaide,Adelaide Oval,13,0,-34.91555556,138.59611111,SA,-34.91555556,138.59611111
2024,Adelaide,Bellerive Oval,1,1165,-42.87722222,147.37361111,TAS,-34.91555556,138.59611111
2024,Adelaide,Carrara,1,1595,-28.00638889,153.36722222,QLD,-34.91555556,138.59611111
2024,Adelaide,Docklands,2,654,-37.81638889,144.9475,VIC,-34.91555556,138.59611111
2024,Adelaide,Gabba,1,1600,-27.48583333,153.03805556,QLD,-34.91555556,138.59611111
2024,Adelaide,Kardinia Park,1,628,-38.15805556,144.35472222,VIC,-34.91555556,138.59611111
2024,Adelaide,M.C.G.,2,657,-37.82,144.98333333,VIC,-34.91555556,138.59611111
2024,Adelaide,Perth Stadium,1,2128,-31.95111111,115.88916667,WA,-34.91555556,138.59611111
2024,Adelaide,S.C.G.,1,1163,-33.89166667,151.22472222,NSW,-34.91555556,138.59611111
2024,Brisbane Lions,Adelaide Oval,2,1600,-34.91555556,138.59611111,SA,-27.48583333,153.03805556
2024,Brisbane Lions,Carrara,1,66,-28.00638889,153.36722222,QLD,-27.48583333,153.03805556
2024,Brisbane Lions,Docklands,3,1375,-37.81638889,144.9475,VIC,-27.48583333,153.03805556
2024,Brisbane Lions,Gabba,12,0,-27.48583333,153.03805556,QLD,-27.48583333,153.03805556
2024,Brisbane Lions,M.C.G.,4,1373,-37.82,144.98333333,VIC,-27.48583333,153.03805556
2024,Brisbane Lions,Manuka Oval,1,946,-35.31805556,149.13472222,ACT,-27.48583333,153.03805556
2024,Brisbane Lions,Norwood Oval,1,1598,-34.91972222,138.63055556,SA,-27.48583333,153.03805556
2024,Brisbane Lions,Perth Stadium,2,3604,-31.95111111,115.88916667,WA,-27.48583333,153.03805556
2024,Brisbane Lions,Sydney Showground,1,732,-33.84305556,151.06777778,NSW,-27.48583333,153.03805556
2024,Carlton,Adelaide Oval,2,657,-34.91555556,138.59611111,SA,-37.82,144.98333333
2024,Carlton,Docklands,8,3,-37.81638889,144.9475,VIC,-37.82,144.98333333
2024,Carlton,Gabba,2,1373,-27.48583333,153.03805556,QLD,-37.82,144.98333333
2024,Carlton,M.C.G.,9,0,-37.82,144.98333333,VIC,-37.82,144.98333333
2024,Carlton,Perth Stadium,1,2721,-31.95111111,115.88916667,WA,-37.82,144.98333333
2024,Carlton,S.C.G.,1,712,-33.89166667,151.22472222,NSW,-37.82,144.98333333
2024,Carlton,Sydney Showground,1,704,-33.84305556,151.06777778,NSW,-37.82,144.98333333
2024,Collingwood,Adelaide Oval,1,657,-34.91555556,138.59611111,SA,-37.82,144.98333333
2024,Collingwood,Carrara,1,1341,-28.00638889,153.36722222,QLD,-37.82,144.98333333
2024,Collingwood,Docklands,3,3,-37.81638889,144.9475,VIC,-37.82,144.98333333
2024,Collingwood,Gabba,1,1373,-27.48583333,153.03805556,QLD,-37.82,144.98333333
2024,Collingwood,M.C.G.,14,0,-37.82,144.98333333,VIC,-37.82,144.98333333
2024,Collingwood,Perth Stadium,1,2721,-31.95111111,115.88916667,WA,-37.82,144.98333333
2024,Collingwood,S.C.G.,1,712,-33.89166667,151.22472222,NSW,-37.82,144.98333333
2024,Collingwood,Sydney Showground,1,704,-33.84305556,151.06777778,NSW,-37.82,144.98333333
2024,Essendon,Adelaide Oval,2,654,-34.91555556,138.59611111,SA,-37.81638889,144.9475
2024,Essendon,Carrara,1,1343,-28.00638889,153.36722222,QLD,-37.81638889,144.9475
2024,Essendon,Docklands,9,0,-37.81638889,144.9475,VIC,-37.81638889,144.9475
2024,Essendon,Gabba,1,1375,-27.48583333,153.03805556,QLD,-37.81638889,144.9475
2024,Essendon,M.C.G.,8,3,-37.82,144.98333333,VIC,-37.81638889,144.9475
2024,Essendon,Perth Stadium,1,2718,-31.95111111,115.88916667,WA,-37.81638889,144.9475
2024,Essendon,S.C.G.,1,714,-33.89166667,151.22472222,NSW,-37.81638889,144.9475
2024,Fremantle,Adelaide Oval,2,2128,-34.91555556,138.59611111,SA,-31.95111111,115.88916667
2024,Fremantle,Docklands,3,2718,-37.81638889,144.9475,VIC,-31.95111111,115.88916667
2024,Fremantle,M.C.G.,2,2721,-37.82,144.98333333,VIC,-31.95111111,115.88916667
2024,Fremantle,Perth Stadium,12,0,-31.95111111,115.88916667,WA,-31.95111111,115.88916667
2024,Fremantle,S.C.G.,1,3289,-33.89166667,151.22472222,NSW,-31.95111111,115.88916667
2024,Fremantle,Sydney Showground,1,3275,-33.84305556,151.06777778,NSW,-31.95111111,115.88916667
2024,Fremantle,Traeger Park,1,1988,-23.709,133.8751,NT,-31.95111111,115.88916667
2024,Fremantle,York Park,1,2959,-41.42583333,147.13888889,TAS,-31.95111111,115.88916667
2024,Geelong,Adelaide Oval,3,628,-34.91555556,138.59611111,SA,-38.15805556,144.35472222
2024,Geelong,Bellerive Oval,1,583,-42.87722222,147.37361111,TAS,-38.15805556,144.35472222
2024,Geelong,Docklands,1,64,-37.81638889,144.9475,VIC,-38.15805556,144.35472222
2024,Geelong,Gabba,1,1436,-27.48583333,153.03805556,QLD,-38.15805556,144.35472222
2024,Geelong,Kardinia Park,9,0,-38.15805556,144.35472222,VIC,-38.15805556,144.35472222
2024,Geelong,M.C.G.,7,67,-37.82,144.98333333,VIC,-38.15805556,144.35472222
2024,Geelong,Marrara Oval,1,3160,-12.39916667,130.88722222,NT,-38.15805556,144.35472222
2024,Geelong,Perth Stadium,1,2670,-31.95111111,115.88916667,WA,-38.15805556,144.35472222
2024,Geelong,S.C.G.,1,779,-33.89166667,151.22472222,NSW,-38.15805556,144.35472222
2024,Gold Coast,Carrara,9,0,-28.00638889,153.36722222,QLD,-28.00638889,153.36722222
2024,Gold Coast,Docklands,4,1343,-37.81638889,144.9475,VIC,-28.00638889,153.36722222
2024,Gold Coast,Eureka Stadium,1,1382,-37.53944444,143.84805556,VIC,-28.00638889,153.36722222
2024,Gold Coast,Gabba,1,66,-27.48583333,153.03805556,QLD,-28.00638889,153.36722222
2024,Gold Coast,M.C.G.,1,1341,-37.82,144.98333333,VIC,-28.00638889,153.36722222
2024,Gold Coast,Marrara Oval,2,2908,-12.39916667,130.88722222,NT,-28.00638889,153.36722222
2024,Gold Coast,Perth Stadium,2,3618,-31.95111111,115.88916667,WA,-28.00638889,153.36722222
2024,Gold Coast,S.C.G.,1,686,-33.89166667,151.22472222,NSW,-28.00638889,153.36722222
2024,Gold Coast,Summit Sports Park,1,1579,-35.07805556,138.89333333,SA,-28.00638889,153.36722222
2024,Gold Coast,Sydney Showground,1,685,-33.84305556,151.06777778,NSW,-28.00638889,153.36722222
2024,Greater Western Sydney,Adelaide Oval,1,1150,-34.91555556,138.59611111,SA,-33.84305556,151.06777778
2024,Greater Western Sydney,Docklands,2,707,-37.81638889,144.9475,VIC,-33.84305556,151.06777778
2024,Greater Western Sydney,Eureka Stadium,1,770,-37.53944444,143.84805556,VIC,-33.84305556,151.06777778
2024,Greater Western Sydney,Gabba,1,732,-27.48583333,153.03805556,QLD,-33.84305556,151.06777778
2024,Greater Western Sydney,Kardinia Park,1,771,-38.15805556,144.35472222,VIC,-33.84305556,151.06777778
2024,Greater Western Sydney,M.C.G.,2,704,-37.82,144.98333333,VIC,-33.84305556,151.06777778
2024,Greater Western Sydney,Manuka Oval,3,241,-35.31805556,149.13472222,ACT,-33.84305556,151.06777778
2024,Greater Western Sydney,Perth Stadium,1,3275,-31.95111111,115.88916667,WA,-33.84305556,151.06777778
2024,Greater Western Sydney,S.C.G.,2,15,-33.89166667,151.22472222,NSW,-33.84305556,151.06777778
2024,Greater Western Sydney,Summit Sports Park,1,1124,-35.07805556,138.89333333,SA,-33.84305556,151.06777778
2024,Greater Western Sydney,Sydney Showground,9,0,-33.84305556,151.06777778,NSW,-33.84305556,151.06777778
2024,Greater Western Sydney,York Park,1,911,-41.42583333,147.13888889,TAS,-33.84305556,151.06777778
2024,Hawthorn,Adelaide Oval,4,657,-34.91555556,138.59611111,SA,-37.82,144.98333333
2024,Hawthorn,Carrara,1,1341,-28.00638889,153.36722222,QLD,-37.82,144.98333333
2024,Hawthorn,Docklands,3,3,-37.81638889,144.9475,VIC,-37.82,144.98333333
2024,Hawthorn,Kardinia Park,1,67,-38.15805556,144.35472222,VIC,-37.82,144.98333333
2024,Hawthorn,M.C.G.,10,0,-37.82,144.98333333,VIC,-37.82,144.98333333
2024,Hawthorn,Manuka Oval,1,463,-35.31805556,149.13472222,ACT,-37.82,144.98333333
2024,Hawthorn,Perth Stadium,1,2721,-31.95111111,115.88916667,WA,-37.82,144.98333333
2024,Hawthorn,York Park,4,441,-41.42583333,147.13888889,TAS,-37.82,144.98333333
2024,Melbourne,Adelaide Oval,2,657,-34.91555556,138.59611111,SA,-37.82,144.98333333
2024,Melbourne,Carrara,1,1341,-28.00638889,153.36722222,QLD,-37.82,144.98333333
2024,Melbourne,Docklands,1,3,-37.81638889,144.9475,VIC,-37.82,144.98333333
2024,Melbourne,Gabba,1,1373,-27.48583333,153.03805556,QLD,-37.82,144.98333333
2024,Melbourne,M.C.G.,14,0,-37.82,144.98333333,VIC,-37.82,144.98333333
2024,Melbourne,Perth Stadium,2,2721,-31.95111111,115.88916667,WA,-37.82,144.98333333
2024,Melbourne,S.C.G.,1,712,-33.89166667,151.22472222,NSW,-37.82,144.98333333
2024,Melbourne,Traeger Park,1,1891,-23.709,133.8751,NT,-37.82,144.98333333
2024,North Melbourne,Bellerive Oval,4,599,-42.87722222,147.37361111,TAS,-37.81638889,144.9475
2024,North Melbourne,Docklands,11,0,-37.81638889,144.9475,VIC,-37.81638889,144.9475
2024,North Melbourne,Kardinia Park,1,64,-38.15805556,144.35472222,VIC,-37.81638889,144.9475
2024,North Melbourne,M.C.G.,1,3,-37.82,144.98333333,VIC,-37.81638889,144.9475
2024,North Melbourne,Marrara Oval,1,3152,-12.39916667,130.88722222,NT,-37.81638889,144.9475
2024,North Melbourne,Norwood Oval,1,651,-34.91972222,138.63055556,SA,-37.81638889,144.9475
2024,North Melbourne,Perth Stadium,1,2718,-31.95111111,115.88916667,WA,-37.81638889,144.9475
2024,North Melbourne,S.C.G.,1,714,-33.89166667,151.22472222,NSW,-37.81638889,144.9475
2024,North Melbourne,Sydney Showground,1,707,-33.84305556,151.06777778,NSW,-37.81638889,144.9475
2024,North Melbourne,York Park,1,443,-41.42583333,147.13888889,TAS,-37.81638889,144.9475
2024,Port Adelaide,Adelaide Oval,15,0,-34.91555556,138.59611111,SA,-34.91555556,138.59611111
2024,Port Adelaide,Bellerive Oval,1,1165,-42.87722222,147.37361111,TAS,-34.91555556,138.59611111
2024,Port Adelaide,Carrara,1,1595,-28.00638889,153.36722222,QLD,-34.91555556,138.59611111
2024,Port Adelaide,Docklands,2,654,-37.81638889,144.9475,VIC,-34.91555556,138.59611111
2024,Port Adelaide,Kardinia Park,1,628,-38.15805556,144.35472222,VIC,-34.91555556,138.59611111
2024,Port Adelaide,M.C.G.,3,657,-37.82,144.98333333,VIC,-34.91555556,138.59611111
2024,Port Adelaide,Perth Stadium,1,2128,-31.95111111,115.88916667,WA,-34.91555556,138.59611111
2024,Port Adelaide,S.C.G.,1,1163,-33.89166667,151.22472222,NSW,-34.91555556,138.59611111
2024,Port Adelaide,Sydney Showground,1,1150,-33.84305556,151.06777778,NSW,-34.91555556,138.59611111
2024,Richmond,Adelaide Oval,2,657,-34.91555556,138.59611111,SA,-37.82,144.98333333
2024,Richmond,Carrara,1,1341,-28.00638889,153.36722222,QLD,-37.82,144.98333333
2024,Richmond,Docklands,2,3,-37.81638889,144.9475,VIC,-37.82,144.98333333
2024,Richmond,Gabba,1,1373,-27.48583333,153.03805556,QLD,-37.82,144.98333333
2024,Richmond,Kardinia Park,1,67,-38.15805556,144.35472222,VIC,-37.82,144.98333333
2024,Richmond,M.C.G.,13,0,-37.82,144.98333333,VIC,-37.82,144.98333333
2024,Richmond,Norwood Oval,1,654,-34.91972222,138.63055556,SA,-37.82,144.98333333
2024,Richmond,Perth Stadium,2,2721,-31.95111111,115.88916667,WA,-37.82,144.98333333
2024,St Kilda,Adelaide Oval,2,654,-34.91555556,138.59611111,SA,-37.81638889,144.9475
2024,St Kilda,Docklands,13,0,-37.81638889,144.9475,VIC,-37.81638889,144.9475
2024,St Kilda,Gabba,1,1375,-27.48583333,153.03805556,QLD,-37.81638889,144.9475
2024,St Kilda,Kardinia Park,1,64,-38.15805556,144.35472222,VIC,-37.81638889,144.9475
2024,St Kilda,M.C.G.,2,3,-37.82,144.98333333,VIC,-37.81638889,144.9475
2024,St Kilda,Manuka Oval,1,466,-35.31805556,149.13472222,ACT,-37.81638889,144.9475
2024,St Kilda,Norwood Oval,1,651,-34.91972222,138.63055556,SA,-37.81638889,144.9475
2024,St Kilda,Perth Stadium,1,2718,-31.95111111,115.88916667,WA,-37.81638889,144.9475
2024,St Kilda,York Park,1,443,-41.42583333,147.13888889,TAS,-37.81638889,144.9475
2024,Sydney,Adelaide Oval,2,1163,-34.91555556,138.59611111,SA,-33.89166667,151.22472222
2024,Sydney,Docklands,3,714,-37.81638889,144.9475,VIC,-33.89166667,151.22472222
2024,Sydney,Gabba,1,733,-27.48583333,153.03805556,QLD,-33.89166667,151.22472222
2024,Sydney,M.C.G.,4,712,-37.82,144.98333333,VIC,-33.89166667,151.22472222
2024,Sydney,Perth Stadium,1,3289,-31.95111111,115.88916667,WA,-33.89166667,151.22472222
2024,Sydney,S.C.G.,13,0,-33.89166667,151.22472222,NSW,-33.89166667,151.22472222
2024,Sydney,Summit Sports Park,1,1137,-35.07805556,138.89333333,SA,-33.89166667,151.22472222
2024,Sydney,Sydney Showground,1,15,-33.84305556,151.06777778,NSW,-33.89166667,151.22472222
2024,West Coast,Adelaide Oval,2,2128,-34.91555556,138.59611111,SA,-31.95111111,115.88916667
2024,West Coast,Bellerive Oval,1,3012,-42.87722222,147.37361111,TAS,-31.95111111,115.88916667
2024,West Coast,Carrara,1,3618,-28.00638889,153.36722222,QLD,-31.95111111,115.88916667
2024,West Coast,Docklands,4,2718,-37.81638889,144.9475,VIC,-31.95111111,115.88916667
2024,West Coast,Kardinia Park,1,2670,-38.15805556,144.35472222,VIC,-31.95111111,115.88916667
2024,West Coast,M.C.G.,1,2721,-37.82,144.98333333,VIC,-31.95111111,115.88916667
2024,West Coast,Perth Stadium,12,0,-31.95111111,115.88916667,WA,-31.95111111,115.88916667
2024,West Coast,Summit Sports Park,1,2156,-35.07805556,138.89333333,SA,-31.95111111,115.88916667
2024,Western Bulldogs,Adelaide Oval,3,654,-34.91555556,138.59611111,SA,-37.81638889,144.9475
2024,Western Bulldogs,Docklands,12,0,-37.81638889,144.9475,VIC,-37.81638889,144.9475
2024,Western Bulldogs,Eureka Stadium,2,102,-37.53944444,143.84805556,VIC,-37.81638889,144.9475
2024,Western Bulldogs,Kardinia Park,1,64,-38.15805556,144.35472222,VIC,-37.81638889,144.9475
2024,Western Bulldogs,M.C.G.,3,3,-37.82,144.98333333,VIC,-37.81638889,144.9475
2024,Western Bulldogs,Perth Stadium,1,2718,-31.95111111,115.88916667,WA,-37.81638889,144.9475
2024,Western Bulldogs,S.C.G.,1,714,-33.89166667,151.22472222,NSW,-37.81638889,144.9475
2024,Western Bulldogs,Sydney Showground,1,707,-33.84305556,151.06777778,NSW,-37.81638889,144.9475
2025,Adelaide,Adelaide Oval,15,0,-34.91555556,138.59611111,SA,-34.91555556,138.59611111
2025,Adelaide,Carrara,1,1595,-28.00638889,153.36722222,QLD,-34.91555556,138.59611111
2025,Adelaide,Docklands,2,654,-37.81638889,144.9475,VIC,-34.91555556,138.59611111
2025,Adelaide,M.C.G.,3,657,-37.82,144.98333333,VIC,-34.91555556,138.59611111
2025,Adelaide,Perth Stadium,2,2128,-31.95111111,115.88916667,WA,-34.91555556,138.59611111
2025,Adelaide,S.C.G.,1,1163,-33.89166667,151.22472222,NSW,-34.91555556,138.59611111
2025,Adelaide,York Park,1,1039,-41.42583333,147.13888889,TAS,-34.91555556,138.59611111
2025,Brisbane Lions,Adelaide Oval,1,1600,-34.91555556,138.59611111,SA,-27.48583333,153.03805556
2025,Brisbane Lions,Bellerive Oval,1,1786,-42.87722222,147.37361111,TAS,-27.48583333,153.03805556
2025,Brisbane Lions,Carrara,1,66,-28.00638889,153.36722222,QLD,-27.48583333,153.03805556
2025,Brisbane Lions,Docklands,2,1375,-37.81638889,144.9475,VIC,-27.48583333,153.03805556
2025,Brisbane Lions,Gabba,12,0,-27.48583333,153.03805556,QLD,-27.48583333,153.03805556
2025,Brisbane Lions,Kardinia Park,1,1436,-38.15805556,144.35472222,VIC,-27.48583333,153.03805556
2025,Brisbane Lions,M.C.G.,6,1373,-37.82,144.98333333,VIC,-27.48583333,153.03805556
2025,Brisbane Lions,Norwood Oval,1,1598,-34.91972222,138.63055556,SA,-27.48583333,153.03805556
2025,Brisbane Lions,Perth Stadium,1,3604,-31.95111111,115.88916667,WA,-27.48583333,153.03805556
2025,Brisbane Lions,S.C.G.,1,733,-33.89166667,151.22472222,NSW,-27.48583333,153.03805556
2025,Carlton,Adelaide Oval,3,657,-34.91555556,138.59611111,SA,-37.82,144.98333333
2025,Carlton,Docklands,6,3,-37.81638889,144.9475,VIC,-37.82,144.98333333
2025,Carlton,M.C.G.,11,0,-37.82,144.98333333,VIC,-37.82,144.98333333
2025,Carlton,Perth Stadium,2,2721,-31.95111111,115.88916667,WA,-37.82,144.98333333
2025,Carlton,S.C.G.,1,712,-33.89166667,151.22472222,NSW,-37.82,144.98333333
2025,Collingwood,Adelaide Oval,3,657,-34.91555556,138.59611111,SA,-37.82,144.98333333
2025,Collingwood,Carrara,1,1341,-28.00638889,153.36722222,QLD,-37.82,144.98333333
2025,Collingwood,Docklands,3,3,-37.81638889,144.9475,VIC,-37.82,144.98333333
2025,Collingwood,Gabba,1,1373,-27.48583333,153.03805556,QLD,-37.82,144.98333333
2025,Collingwood,M.C.G.,15,0,-37.82,144.98333333,VIC,-37.82,144.98333333
2025,Collingwood,Perth Stadium,1,2721,-31.95111111,115.88916667,WA,-37.82,144.98333333
2025,Collingwood,Sydney Showground,1,704,-33.84305556,151.06777778,NSW,-37.82,144.98333333
2025,Essendon,Adelaide Oval,1,654,-34.91555556,138.59611111,SA,-37.81638889,144.9475
2025,Essendon,Carrara,1,1343,-28.00638889,153.36722222,QLD,-37.81638889,144.9475
2025,Essendon,Docklands,8,0,-37.81638889,144.9475,VIC,-37.81638889,144.9475
2025,Essendon,Gabba,1,1375,-27.48583333,153.03805556,QLD,-37.81638889,144.9475
2025,Essendon,Kardinia Park,1,64,-38.15805556,144.35472222,VIC,-37.81638889,144.9475
2025,Essendon,M.C.G.,8,3,-37.82,144.98333333,VIC,-37.81638889,144.9475
2025,Essendon,Perth Stadium,2,2718,-31.95111111,115.88916667,WA,-37.81638889,144.9475
2025,Essendon,S.C.G.,1,714,-33.89166667,151.22472222,NSW,-37.81638889,144.9475
2025,Fremantle,Adelaide Oval,1,2128,-34.91555556,138.59611111,SA,-31.95111111,115.88916667
2025,Fremantle,Barossa Park,1,2153,-34.59793939,138.88583503,SA,-31.95111111,115.88916667
2025,Fremantle,Carrara,1,3618,-28.00638889,153.36722222,QLD,-31.95111111,115.88916667
2025,Fremantle,Docklands,2,2718,-37.81638889,144.9475,VIC,-31.95111111,115.88916667
2025,Fremantle,Kardinia Park,1,2670,-38.15805556,144.35472222,VIC,-31.95111111,115.88916667
2025,Fremantle,M.C.G.,2,2721,-37.82,144.98333333,VIC,-31.95111111,115.88916667
2025,Fremantle,Perth Stadium,14,0,-31.95111111,115.88916667,WA,-31.95111111,115.88916667
2025,Fremantle,S.C.G.,1,3289,-33.89166667,151.22472222,NSW,-31.95111111,115.88916667
2025,Fremantle,Sydney Showground,1,3275,-33.84305556,151.06777778,NSW,-31.95111111,115.88916667
2025,Geelong,Adelaide Oval,2,628,-34.91555556,138.59611111,SA,-38.15805556,144.35472222
2025,Geelong,Docklands,2,64,-37.81638889,144.9475,VIC,-38.15805556,144.35472222
2025,Geelong,Gabba,1,1436,-27.48583333,153.03805556,QLD,-38.15805556,144.35472222
2025,Geelong,Kardinia Park,10,0,-38.15805556,144.35472222,VIC,-38.15805556,144.35472222
2025,Geelong,M.C.G.,8,67,-37.82,144.98333333,VIC,-38.15805556,144.35472222
2025,Geelong,Perth Stadium,1,2670,-31.95111111,115.88916667,WA,-38.15805556,144.35472222
2025,Geelong,S.C.G.,1,779,-33.89166667,151.22472222,NSW,-38.15805556,144.35472222
2025,Geelong,Sydney Showground,1,771,-33.84305556,151.06777778,NSW,-38.15805556,144.35472222
2025,Gold Coast,Adelaide Oval,2,1595,-34.91555556,138.59611111,SA,-28.00638889,153.36722222
2025,Gold Coast,Barossa Park,1,1557,-34.59793939,138.88583503,SA,-28.00638889,153.36722222
2025,Gold Coast,Carrara,9,0,-28.00638889,153.36722222,QLD,-28.00638889,153.36722222
2025,Gold Coast,Docklands,4,1343,-37.81638889,144.9475,VIC,-28.00638889,153.36722222
2025,Gold Coast,Gabba,2,66,-27.48583333,153.03805556,QLD,-28.00638889,153.36722222
2025,Gold Coast,Kardinia Park,1,1405,-38.15805556,144.35472222,VIC,-28.00638889,153.36722222
2025,Gold Coast,M.C.G.,1,1341,-37.82,144.98333333,VIC,-28.00638889,153.36722222
2025,Gold Coast,Marrara Oval,2,2908,-12.39916667,130.88722222,NT,-28.00638889,153.36722222
2025,Gold Coast,Perth Stadium,2,3618,-31.95111111,115.88916667,WA,-28.00638889,153.36722222
2025,Gold Coast,Sydney Showground,1,685,-33.84305556,151.06777778,NSW,-28.00638889,153.36722222
2025,Greater Western Sydney,Adelaide Oval,1,1150,-34.91555556,138.59611111,SA,-33.84305556,151.06777778
2025,Greater Western Sydney,Carrara,1,685,-28.00638889,153.36722222,QLD,-33.84305556,151.06777778
2025,Greater Western Sydney,Docklands,3,707,-37.81638889,144.9475,VIC,-33.84305556,151.06777778
2025,Greater Western Sydney,Gabba,1,732,-27.48583333,153.03805556,QLD,-33.84305556,151.06777778
2025,Greater Western Sydney,Kardinia Park,1,771,-38.15805556,144.35472222,VIC,-33.84305556,151.06777778
2025,Greater Western Sydney,M.C.G.,1,704,-37.82,144.98333333,VIC,-33.84305556,151.06777778
2025,Greater Western Sydney,Manuka Oval,3,241,-35.31805556,149.13472222,ACT,-33.84305556,151.06777778
2025,Greater Western Sydney,Norwood Oval,1,1147,-34.91972222,138.63055556,SA,-33.84305556,151.06777778
2025,Greater Western Sydney,Perth Stadium,1,3275,-31.95111111,115.88916667,WA,-33.84305556,151.06777778
2025,Greater Western Sydney,S.C.G.,1,15,-33.89166667,151.22472222,NSW,-33.84305556,151.06777778
2025,Greater Western Sydney,Sydney Showground,9,0,-33.84305556,151.06777778,NSW,-33.84305556,151.06777778
2025,Greater Western Sydney,York Park,1,911,-41.42583333,147.13888889,TAS,-33.84305556,151.06777778
2025,Hawthorn,Adelaide Oval,3,657,-34.91555556,138.59611111,SA,-37.82,144.98333333
2025,Hawthorn,Docklands,3,3,-37.81638889,144.9475,VIC,-37.82,144.98333333
2025,Hawthorn,Gabba,1,1373,-27.48583333,153.03805556,QLD,-37.82,144.98333333
2025,Hawthorn,M.C.G.,11,0,-37.82,144.98333333,VIC,-37.82,144.98333333
2025,Hawthorn,Marrara Oval,1,3154,-12.39916667,130.88722222,NT,-37.82,144.98333333
2025,Hawthorn,Perth Stadium,1,2721,-31.95111111,115.88916667,WA,-37.82,144.98333333
2025,Hawthorn,S.C.G.,1,712,-33.89166667,151.22472222,NSW,-37.82,144.98333333
2025,Hawthorn,Sydney Showground,1,704,-33.84305556,151.06777778,NSW,-37.82,144.98333333
2025,Hawthorn,York Park,4,441,-41.42583333,147.13888889,TAS,-37.82,144.98333333
2025,Melbourne,Adelaide Oval,3,657,-34.91555556,138.59611111,SA,-37.82,144.98333333
2025,Melbourne,Carrara,1,1341,-28.00638889,153.36722222,QLD,-37.82,144.98333333
2025,Melbourne,Docklands,3,3,-37.81638889,144.9475,VIC,-37.82,144.98333333
2025,Melbourne,Gabba,1,1373,-27.48583333,153.03805556,QLD,-37.82,144.98333333
2025,Melbourne,Kardinia Park,1,67,-38.15805556,144.35472222,VIC,-37.82,144.98333333
2025,Melbourne,M.C.G.,12,0,-37.82,144.98333333,VIC,-37.82,144.98333333
2025,Melbourne,Perth Stadium,1,2721,-31.95111111,115.88916667,WA,-37.82,144.98333333
2025,Melbourne,Traeger Park,1,1891,-23.709,133.8751,NT,-37.82,144.98333333
2025,North Melbourne,Adelaide Oval,2,654,-34.91555556,138.59611111,SA,-37.81638889,144.9475
2025,North Melbourne,Barossa Park,1,651,-34.59793939,138.88583503,SA,-37.81638889,144.9475
2025,North Melbourne,Bellerive Oval,2,599,-42.87722222,147.37361111,TAS,-37.81638889,144.9475
2025,North Melbourne,Docklands,10,0,-37.81638889,144.9475,VIC,-37.81638889,144.9475
2025,North Melbourne,Hands Oval,1,2685,-33.34611111,115.64277778,WA,-37.81638889,144.9475
2025,North Melbourne,M.C.G.,3,3,-37.82,144.98333333,VIC,-37.81638889,144.9475
2025,North Melbourne,Manuka Oval,1,466,-35.31805556,149.13472222,ACT,-37.81638889,144.9475
2025,North Melbourne,Perth Stadium,1,2718,-31.95111111,115.88916667,WA,-37.81638889,144.9475
2025,North Melbourne,S.C.G.,1,714,-33.89166667,151.22472222,NSW,-37.81638889,144.9475
2025,North Melbourne,York Park,1,443,-41.42583333,147.13888889,TAS,-37.81638889,144.9475
2025,Port Adelaide,Adelaide Oval,13,0,-34.91555556,138.59611111,SA,-34.91555556,138.59611111
2025,Port Adelaide,Docklands,2,654,-37.81638889,144.9475,VIC,-34.91555556,138.59611111
2025,Port Adelaide,Eureka Stadium,1,554,-37.53944444,143.84805556,VIC,-34.91555556,138.59611111
2025,Port Adelaide,Gabba,1,1600,-27.48583333,153.03805556,QLD,-34.91555556,138.59611111
2025,Port Adelaide,Kardinia Park,1,628,-38.15805556,144.35472222,VIC,-34.91555556,138.59611111
2025,Port Adelaide,M.C.G.,1,657,-37.82,144.98333333,VIC,-34.91555556,138.59611111
2025,Port Adelaide,Manuka Oval,1,959,-35.31805556,149.13472222,ACT,-34.91555556,138.59611111
2025,Port Adelaide,Perth Stadium,1,2128,-31.95111111,115.88916667,WA,-34.91555556,138.59611111
2025,Port Adelaide,S.C.G.,1,1163,-33.89166667,151.22472222,NSW,-34.91555556,138.59611111
2025,Port Adelaide,York Park,1,1039,-41.42583333,147.13888889,TAS,-34.91555556,138.59611111
2025,Richmond,Adelaide Oval,1,657,-34.91555556,138.59611111,SA,-37.82,144.98333333
2025,Richmond,Barossa Park,1,654,-34.59793939,138.88583503,SA,-37.82,144.98333333
2025,Richmond,Bellerive Oval,1,598,-42.87722222,147.37361111,TAS,-37.82,144.98333333
2025,Richmond,Carrara,1,1341,-28.00638889,153.36722222,QLD,-37.82,144.98333333
2025,Richmond,Docklands,3,3,-37.81638889,144.9475,VIC,-37.82,144.98333333
2025,Richmond,Kardinia Park,1,67,-38.15805556,144.35472222,VIC,-37.82,144.98333333
2025,Richmond,M.C.G.,13,0,-37.82,144.98333333,VIC,-37.82,144.98333333
2025,Richmond,Perth Stadium,1,2721,-31.95111111,115.88916667,WA,-37.82,144.98333333
2025,Richmond,Sydney Showground,1,704,-33.84305556,151.06777778,NSW,-37.82,144.98333333
2025,St Kilda,Adelaide Oval,2,654,-34.91555556,138.59611111,SA,-37.81638889,144.9475
2025,St Kilda,Docklands,13,0,-37.81638889,144.9475,VIC,-37.81638889,144.9475
2025,St Kilda,Kardinia Park,1,64,-38.15805556,144.35472222,VIC,-37.81638889,144.9475
2025,St Kilda,M.C.G.,2,3,-37.82,144.98333333,VIC,-37.81638889,144.9475
2025,St Kilda,Norwood Oval,1,651,-34.91972222,138.63055556,SA,-37.81638889,144.9475
2025,St Kilda,Perth Stadium,2,2718,-31.95111111,115.88916667,WA,-37.81638889,144.9475
2025,St Kilda,Sydney Showground,1,707,-33.84305556,151.06777778,NSW,-37.81638889,144.9475
2025,St Kilda,Traeger Park,1,1889,-23.709,133.8751,NT,-37.81638889,144.9475
2025,Sydney,Adelaide Oval,2,1163,-34.91555556,138.59611111,SA,-33.89166667,151.22472222
2025,Sydney,Carrara,1,686,-28.00638889,153.36722222,QLD,-33.89166667,151.22472222
2025,Sydney,Docklands,3,714,-37.81638889,144.9475,VIC,-33.89166667,151.22472222
2025,Sydney,Gabba,1,733,-27.48583333,153.03805556,QLD,-33.89166667,151.22472222
2025,Sydney,M.C.G.,2,712,-37.82,144.98333333,VIC,-33.89166667,151.22472222
2025,Sydney,Perth Stadium,2,3289,-31.95111111,115.88916667,WA,-33.89166667,151.22472222
2025,Sydney,S.C.G.,11,0,-33.89166667,151.22472222,NSW,-33.89166667,151.22472222
2025,Sydney,Sydney Showground,1,15,-33.84305556,151.06777778,NSW,-33.89166667,151.22472222
2025,West Coast,Adelaide Oval,3,2128,-34.91555556,138.59611111,SA,-31.95111111,115.88916667
2025,West Coast,Docklands,4,2718,-37.81638889,144.9475,VIC,-31.95111111,115.88916667
2025,West Coast,Gabba,1,3604,-27.48583333,153.03805556,QLD,-31.95111111,115.88916667
2025,West Coast,Hands Oval,1,157,-33.34611111,115.64277778,WA,-31.95111111,115.88916667
2025,West Coast,M.C.G.,1,2721,-37.82,144.98333333,VIC,-31.95111111,115.88916667
2025,West Coast,Perth Stadium,12,0,-31.95111111,115.88916667,WA,-31.95111111,115.88916667
2025,West Coast,Sydney Showground,1,3275,-33.84305556,151.06777778,NSW,-31.95111111,115.88916667
2025,Western Bulldogs,Docklands,13,0,-37.81638889,144.9475,VIC,-37.81638889,144.9475
2025,Western Bulldogs,Eureka Stadium,1,102,-37.53944444,143.84805556,VIC,-37.81638889,144.9475
2025,Western Bulldogs,Gabba,1,1375,-27.48583333,153.03805556,QLD,-37.81638889,144.9475
2025,Western Bulldogs,Kardinia Park,1,64,-38.15805556,144.35472222,VIC,-37.81638889,144.9475
2025,Western Bulldogs,M.C.G.,2,3,-37.82,144.98333333,VIC,-37.81638889,144.9475
2025,Western Bulldogs,Manuka Oval,1,466,-35.31805556,149.13472222,ACT,-37.81638889,144.9475
2025,Western Bulldogs,Marrara Oval,1,3152,-12.39916667,130.88722222,NT,-37.81638889,144.9475
2025,Western Bulldogs,Norwood Oval,1,651,-34.91972222,138.63055556,SA,-37.81638889,144.9475
2025,Western Bulldogs,Perth Stadium,1,2718,-31.95111111,115.88916667,WA,-37.81638889,144.9475
2025,Western Bulldogs,S.C.G.,1,714,-33.89166667,151.22472222,NSW,-37.81638889,144.9475
2026,Adelaide,Adelaide Oval,14,0,-34.91555556,138.59611111,SA,-34.91555556,138.59611111
2026,Adelaide,Docklands,2,654,-37.81638889,144.9475,VIC,-34.91555556,138.59611111
2026,Adelaide,Gabba,2,1600,-27.48583333,153.03805556,QLD,-34.91555556,138.59611111
2026,Adelaide,Kardinia Park,1,628,-38.15805556,144.35472222,VIC,-34.91555556,138.59611111
2026,Adelaide,M.C.G.,2,657,-37.82,144.98333333,VIC,-34.91555556,138.59611111
2026,Adelaide,Perth Stadium,2,2128,-31.95111111,115.88916667,WA,-34.91555556,138.59611111
2026,Adelaide,S.C.G.,1,1163,-33.89166667,151.22472222,NSW,-34.91555556,138.59611111
2026,Adelaide,York Park,1,1039,-41.42583333,147.13888889,TAS,-34.91555556,138.59611111
2026,Brisbane Lions,Barossa Park,1,1561,-34.59793939,138.88583503,SA,-27.48583333,153.03805556
2026,Brisbane Lions,Bellerive Oval,1,1786,-42.87722222,147.37361111,TAS,-27.48583333,153.03805556
2026,Brisbane Lions,Carrara,1,66,-28.00638889,153.36722222,QLD,-27.48583333,153.03805556
2026,Brisbane Lions,Docklands,3,1375,-37.81638889,144.9475,VIC,-27.48583333,153.03805556
2026,Brisbane Lions,Gabba,12,0,-27.48583333,153.03805556,QLD,-27.48583333,153.03805556
2026,Brisbane Lions,Kardinia Park,1,1436,-38.15805556,144.35472222,VIC,-27.48583333,153.03805556
2026,Brisbane Lions,M.C.G.,4,1373,-37.82,144.98333333,VIC,-27.48583333,153.03805556
2026,Brisbane Lions,Perth Stadium,1,3604,-31.95111111,115.88916667,WA,-27.48583333,153.03805556
2026,Brisbane Lions,S.C.G.,2,733,-33.89166667,151.22472222,NSW,-27.48583333,153.03805556
2026,Brisbane Lions,Sydney Showground,1,732,-33.84305556,151.06777778,NSW,-27.48583333,153.03805556
2026,Carlton,Adelaide Oval,2,657,-34.91555556,138.59611111,SA,-37.82,144.98333333
2026,Carlton,Docklands,9,3,-37.81638889,144.9475,VIC,-37.82,144.98333333
2026,Carlton,Gabba,1,1373,-27.48583333,153.03805556,QLD,-37.82,144.98333333
2026,Carlton,M.C.G.,10,0,-37.82,144.98333333,VIC,-37.82,144.98333333
2026,Carlton,Perth Stadium,1,2721,-31.95111111,115.88916667,WA,-37.82,144.98333333
2026,Carlton,S.C.G.,1,712,-33.89166667,151.22472222,NSW,-37.82,144.98333333
2026,Carlton,Sydney Showground,1,704,-33.84305556,151.06777778,NSW,-37.82,144.98333333
2026,Collingwood,Adelaide Oval,2,657,-34.91555556,138.59611111,SA,-37.82,144.98333333
2026,Collingwood,Carrara,1,1341,-28.00638889,153.36722222,QLD,-37.82,144.98333333
2026,Collingwood,Docklands,3,3,-37.81638889,144.9475,VIC,-37.82,144.98333333
2026,Collingwood,Gabba,1,1373,-27.48583333,153.03805556,QLD,-37.82,144.98333333
2026,Collingwood,M.C.G.,15,0,-37.82,144.98333333,VIC,-37.82,144.98333333
2026,Collingwood,Perth Stadium,1,2721,-31.95111111,115.88916667,WA,-37.82,144.98333333
2026,Collingwood,S.C.G.,1,712,-33.89166667,151.22472222,NSW,-37.82,144.98333333
2026,Essendon,Adelaide Oval,2,654,-34.91555556,138.59611111,SA,-37.81638889,144.9475
2026,Essendon,Carrara,1,1343,-28.00638889,153.36722222,QLD,-37.81638889,144.9475
2026,Essendon,Docklands,8,0,-37.81638889,144.9475,VIC,-37.81638889,144.9475
2026,Essendon,Gabba,1,1375,-27.48583333,153.03805556,QLD,-37.81638889,144.9475
2026,Essendon,Kardinia Park,1,64,-38.15805556,144.35472222,VIC,-37.81638889,144.9475
2026,Essendon,M.C.G.,8,3,-37.82,144.98333333,VIC,-37.81638889,144.9475
2026,Essendon,Perth Stadium,1,2718,-31.95111111,115.88916667,WA,-37.81638889,144.9475
2026,Essendon,Sydney Showground,1,707,-33.84305556,151.06777778,NSW,-37.81638889,144.9475
2026,Fremantle,Adelaide Oval,3,2128,-34.91555556,138.59611111,SA,-31.95111111,115.88916667
2026,Fremantle,Docklands,2,2718,-37.81638889,144.9475,VIC,-31.95111111,115.88916667
2026,Fremantle,Gabba,1,3604,-27.48583333,153.03805556,QLD,-31.95111111,115.88916667
2026,Fremantle,Hands Oval,1,157,-33.34611111,115.64277778,WA,-31.95111111,115.88916667
2026,Fremantle,Kardinia Park,1,2670,-38.15805556,144.35472222,VIC,-31.95111111,115.88916667
2026,Fremantle,M.C.G.,3,2721,-37.82,144.98333333,VIC,-31.95111111,115.88916667
2026,Fremantle,Manuka Oval,1,3086,-35.31805556,149.13472222,ACT,-31.95111111,115.88916667
2026,Fremantle,Perth Stadium,14,0,-31.95111111,115.88916667,WA,-31.95111111,115.88916667
2026,Fremantle,S.C.G.,1,3289,-33.89166667,151.22472222,NSW,-31.95111111,115.88916667
2026,Geelong,Adelaide Oval,2,628,-34.91555556,138.59611111,SA,-38.15805556,144.35472222
2026,Geelong,Carrara,1,1405,-28.00638889,153.36722222,QLD,-38.15805556,144.35472222
2026,Geelong,Docklands,1,64,-37.81638889,144.9475,VIC,-38.15805556,144.35472222
2026,Geelong,Gabba,1,1436,-27.48583333,153.03805556,QLD,-38.15805556,144.35472222
2026,Geelong,Kardinia Park,10,0,-38.15805556,144.35472222,VIC,-38.15805556,144.35472222
2026,Geelong,M.C.G.,6,67,-37.82,144.98333333,VIC,-38.15805556,144.35472222
2026,Geelong,Norwood Oval,1,625,-34.91972222,138.63055556,SA,-38.15805556,144.35472222
2026,Geelong,Perth Stadium,2,2670,-31.95111111,115.88916667,WA,-38.15805556,144.35472222
2026,Geelong,Sydney Showground,1,771,-33.84305556,151.06777778,NSW,-38.15805556,144.35472222
2026,Gold Coast,Adelaide Oval,1,1595,-34.91555556,138.59611111,SA,-28.00638889,153.36722222
2026,Gold Coast,Carrara,9,0,-28.00638889,153.36722222,QLD,-28.00638889,153.36722222
2026,Gold Coast,Docklands,3,1343,-37.81638889,144.9475,VIC,-28.00638889,153.36722222
2026,Gold Coast,Gabba,1,66,-27.48583333,153.03805556,QLD,-28.00638889,153.36722222
2026,Gold Coast,Kardinia Park,1,1405,-38.15805556,144.35472222,VIC,-28.00638889,153.36722222
2026,Gold Coast,M.C.G.,2,1341,-37.82,144.98333333,VIC,-28.00638889,153.36722222
2026,Gold Coast,Manuka Oval,1,906,-35.31805556,149.13472222,ACT,-28.00638889,153.36722222
2026,Gold Coast,Marrara Oval,2,2908,-12.39916667,130.88722222,NT,-28.00638889,153.36722222
2026,Gold Coast,Norwood Oval,1,1593,-34.91972222,138.63055556,SA,-28.00638889,153.36722222
2026,Gold Coast,Perth Stadium,1,3618,-31.95111111,115.88916667,WA,-28.00638889,153.36722222
2026,Gold Coast,York Park,1,1596,-41.42583333,147.13888889,TAS,-28.00638889,153.36722222
2026,Greater Western Sydney,Adelaide Oval,2,1150,-34.91555556,138.59611111,SA,-33.84305556,151.06777778
2026,Greater Western Sydney,Barossa Park,1,1123,-34.59793939,138.88583503,SA,-33.84305556,151.06777778
2026,Greater Western Sydney,Carrara,1,685,-28.00638889,153.36722222,QLD,-33.84305556,151.06777778
2026,Greater Western Sydney,Docklands,4,707,-37.81638889,144.9475,VIC,-33.84305556,151.06777778
2026,Greater Western Sydney,M.C.G.,1,704,-37.82,144.98333333,VIC,-33.84305556,151.06777778
2026,Greater Western Sydney,Manuka Oval,3,241,-35.31805556,149.13472222,ACT,-33.84305556,151.06777778
2026,Greater Western Sydney,Perth Stadium,1,3275,-31.95111111,115.88916667,WA,-33.84305556,151.06777778
2026,Greater Western Sydney,S.C.G.,1,15,-33.89166667,151.22472222,NSW,-33.84305556,151.06777778
2026,Greater Western Sydney,Sydney Showground,8,0,-33.84305556,151.06777778,NSW,-33.84305556,151.06777778
2026,Greater Western Sydney,Traeger Park,1,2015,-23.709,133.8751,NT,-33.84305556,151.06777778
2026,Hawthorn,Adelaide Oval,1,657,-34.91555556,138.59611111,SA,-37.82,144.98333333
2026,Hawthorn,Carrara,1,1341,-28.00638889,153.36722222,QLD,-37.82,144.98333333
2026,Hawthorn,Docklands,2,3,-37.81638889,144.9475,VIC,-37.82,144.98333333
2026,Hawthorn,Gabba,1,1373,-27.48583333,153.03805556,QLD,-37.82,144.98333333
2026,Hawthorn,M.C.G.,12,0,-37.82,144.98333333,VIC,-37.82,144.98333333
2026,Hawthorn,Perth Stadium,3,2721,-31.95111111,115.88916667,WA,-37.82,144.98333333
2026,Hawthorn,Sydney Showground,1,704,-33.84305556,151.06777778,NSW,-37.82,144.98333333
2026,Hawthorn,York Park,4,441,-41.42583333,147.13888889,TAS,-37.82,144.98333333
2026,Melbourne,Adelaide Oval,3,657,-34.91555556,138.59611111,SA,-37.82,144.98333333
2026,Melbourne,Carrara,1,1341,-28.00638889,153.36722222,QLD,-37.82,144.98333333
2026,Melbourne,Docklands,3,3,-37.81638889,144.9475,VIC,-37.82,144.98333333
2026,Melbourne,M.C.G.,13,0,-37.82,144.98333333,VIC,-37.82,144.98333333
2026,Melbourne,Perth Stadium,1,2721,-31.95111111,115.88916667,WA,-37.82,144.98333333
2026,Melbourne,S.C.G.,1,712,-33.89166667,151.22472222,NSW,-37.82,144.98333333
2026,Melbourne,Traeger Park,1,1891,-23.709,133.8751,NT,-37.82,144.98333333
2026,Melbourne,York Park,1,441,-41.42583333,147.13888889,TAS,-37.82,144.98333333
2026,North Melbourne,Adelaide Oval,2,654,-34.91555556,138.59611111,SA,-37.81638889,144.9475
2026,North Melbourne,Barossa Park,1,651,-34.59793939,138.88583503,SA,-37.81638889,144.9475
2026,North Melbourne,Docklands,12,0,-37.81638889,144.9475,VIC,-37.81638889,144.9475
2026,North Melbourne,Hands Oval,1,2685,-33.34611111,115.64277778,WA,-37.81638889,144.9475
2026,North Melbourne,Kardinia Park,1,64,-38.15805556,144.35472222,VIC,-37.81638889,144.9475
2026,North Melbourne,M.C.G.,1,3,-37.82,144.98333333,VIC,-37.81638889,144.9475
2026,North Melbourne,Manuka Oval,1,466,-35.31805556,149.13472222,ACT,-37.81638889,144.9475
2026,North Melbourne,Perth Stadium,2,2718,-31.95111111,115.88916667,WA,-37.81638889,144.9475
2026,North Melbourne,S.C.G.,1,714,-33.89166667,151.22472222,NSW,-37.81638889,144.9475
2026,North Melbourne,York Park,1,443,-41.42583333,147.13888889,TAS,-37.81638889,144.9475
2026,Port Adelaide,Adelaide Oval,13,0,-34.91555556,138.59611111,SA,-34.91555556,138.59611111
2026,Port Adelaide,Docklands,4,654,-37.81638889,144.9475,VIC,-34.91555556,138.59611111
2026,Port Adelaide,Gabba,1,1600,-27.48583333,153.03805556,QLD,-34.91555556,138.59611111
2026,Port Adelaide,M.C.G.,2,657,-37.82,144.98333333,VIC,-34.91555556,138.59611111
2026,Port Adelaide,Marrara Oval,1,2622,-12.39916667,130.88722222,NT,-34.91555556,138.59611111
2026,Port Adelaide,Perth Stadium,1,2128,-31.95111111,115.88916667,WA,-34.91555556,138.59611111
2026,Port Adelaide,S.C.G.,1,1163,-33.89166667,151.22472222,NSW,-34.91555556,138.59611111
2026,Richmond,Adelaide Oval,1,657,-34.91555556,138.59611111,SA,-37.82,144.98333333
2026,Richmond,Barossa Park,1,654,-34.59793939,138.88583503,SA,-37.82,144.98333333
2026,Richmond,Bellerive Oval,1,598,-42.87722222,147.37361111,TAS,-37.82,144.98333333
2026,Richmond,Docklands,3,3,-37.81638889,144.9475,VIC,-37.82,144.98333333
2026,Richmond,Kardinia Park,1,67,-38.15805556,144.35472222,VIC,-37.82,144.98333333
2026,Richmond,M.C.G.,13,0,-37.82,144.98333333,VIC,-37.82,144.98333333
2026,Richmond,Perth Stadium,2,2721,-31.95111111,115.88916667,WA,-37.82,144.98333333
2026,Richmond,S.C.G.,1,712,-33.89166667,151.22472222,NSW,-37.82,144.98333333
2026,St Kilda,Adelaide Oval,2,654,-34.91555556,138.59611111,SA,-37.81638889,144.9475
2026,St Kilda,Docklands,13,0,-37.81638889,144.9475,VIC,-37.81638889,144.9475
2026,St Kilda,Kardinia Park,1,64,-38.15805556,144.35472222,VIC,-37.81638889,144.9475
2026,St Kilda,M.C.G.,3,3,-37.82,144.98333333,VIC,-37.81638889,144.9475
2026,St Kilda,Marrara Oval,1,3152,-12.39916667,130.88722222,NT,-37.81638889,144.9475
2026,St Kilda,Perth Stadium,1,2718,-31.95111111,115.88916667,WA,-37.81638889,144.9475
2026,St Kilda,S.C.G.,1,714,-33.89166667,151.22472222,NSW,-37.81638889,144.9475
2026,St Kilda,Sydney Showground,1,707,-33.84305556,151.06777778,NSW,-37.81638889,144.9475
2026,Sydney,Adelaide Oval,1,1163,-34.91555556,138.59611111,SA,-33.89166667,151.22472222
2026,Sydney,Docklands,3,714,-37.81638889,144.9475,VIC,-33.89166667,151.22472222
2026,Sydney,Gabba,1,733,-27.48583333,153.03805556,QLD,-33.89166667,151.22472222
2026,Sydney,Kardinia Park,1,779,-38.15805556,144.35472222,VIC,-33.89166667,151.22472222
2026,Sydney,M.C.G.,2,712,-37.82,144.98333333,VIC,-33.89166667,151.22472222
2026,Sydney,Norwood Oval,1,1160,-34.91972222,138.63055556,SA,-33.89166667,151.22472222
2026,Sydney,Perth Stadium,2,3289,-31.95111111,115.88916667,WA,-33.89166667,151.22472222
2026,Sydney,S.C.G.,13,0,-33.89166667,151.22472222,NSW,-33.89166667,151.22472222
2026,Sydney,Sydney Showground,1,15,-33.84305556,151.06777778,NSW,-33.89166667,151.22472222
2026,West Coast,Adelaide Oval,1,2128,-34.91555556,138.59611111,SA,-31.95111111,115.88916667
2026,West Coast,Carrara,1,3618,-28.00638889,153.36722222,QLD,-31.95111111,115.88916667
2026,West Coast,Docklands,4,2718,-37.81638889,144.9475,VIC,-31.95111111,115.88916667
2026,West Coast,M.C.G.,2,2721,-37.82,144.98333333,VIC,-31.95111111,115.88916667
2026,West Coast,Norwood Oval,1,2131,-34.91972222,138.63055556,SA,-31.95111111,115.88916667
2026,West Coast,Perth Stadium,13,0,-31.95111111,115.88916667,WA,-31.95111111,115.88916667
2026,West Coast,Sydney Showground,1,3275,-33.84305556,151.06777778,NSW,-31.95111111,115.88916667
2026,Western Bulldogs,Adelaide Oval,4,654,-34.91555556,138.59611111,SA,-37.81638889,144.9475
2026,Western Bulldogs,Carrara,1,1343,-28.00638889,153.36722222,QLD,-37.81638889,144.9475
2026,Western Bulldogs,Docklands,13,0,-37.81638889,144.9475,VIC,-37.81638889,144.9475
2026,Western Bulldogs,Gabba,1,1375,-27.48583333,153.03805556,QLD,-37.81638889,144.9475
2026,Western Bulldogs,Kardinia Park,1,64,-38.15805556,144.35472222,VIC,-37.81638889,144.9475
2026,Western Bulldogs,M.C.G.,3,3,-37.82,144.98333333,VIC,-37.81638889,144.9475
2026,Western Bulldogs,Perth Stadium,1,2718,-31.95111111,115.88916667,WA,-37.81638889,144.9475
2026,Western Bulldogs,S.C.G.,1,714,-33.89166667,151.22472222,NSW,-37.81638889,144.9475
